adcode,city,province,any_response,all_responses,central_response
110000,北京,北京,1.1056499033030422,1.1174082395062206,1.109659364409081
120000,天津,天津,1.1069021653201765,1.1177223570474837,1.110673538929089
130100,石家庄,河北,1.10174145701869,1.1154743464919505,1.1064535270430684
130200,唐山,河北,1.109768949108925,1.11879043834446,1.1129413032226727
130300,秦皇岛,河北,1.117131148515373,1.1214915291445735,1.1187672585028412
130400,邯郸,河北,1.099268354330458,1.11391634078891,1.1043273000837943
130500,邢台,河北,1.0999235667323464,1.1143783361478337,1.1049139507251238
130600,保定,河北,1.1027655882469058,1.1161331053795887,1.1073318483645609
130700,张家口,河北,1.1138926158596365,1.1208209760864585,1.1162686673898594
130800,承德,河北,1.1129152415035126,1.1203971059722426,1.11550973835488
130900,沧州,河北,1.105198546846113,1.1169952933992096,1.109321113555551
131000,廊坊,河北,1.1054002065678825,1.1172189177374716,1.1094702564789234
131100,衡水,河北,1.1012654010642524,1.115119667165041,1.1060715991795693
140100,太原,山西,1.108239277165941,1.1180025613977844,1.1116594684933971
140200,大同,山西,1.1142372700413392,1.1209055555208909,1.1165588584844535
140300,阳泉,山西,1.1083520131243338,1.117909700283532,1.1117539622566768
140400,长治,山西,1.106929986581506,1.1169150445366451,1.1104216888790224
140500,晋城,山西,1.1020236535741759,1.1146057738960227,1.1063968189019873
140600,朔州,山西,1.1161033238796225,1.1217510956981311,1.1180925966285014
140700,晋中,山西,1.1062156161859809,1.1169825695064124,1.1099807962971588
140800,运城,山西,1.0990741640227402,1.113583735167245,1.1040849632897491
140900,忻州,山西,1.1115504018262816,1.1196759290261988,1.1143858284265906
141000,临汾,山西,1.1009755681094646,1.1144178362030037,1.105597743838509
141100,吕梁,山西,1.1091211226809952,1.1183573058985055,1.1123609214139538
150100,呼和浩特,内蒙古,1.1183229924834694,1.1228156193258816,1.1199490514594346
150200,包头,内蒙古,1.1199231502219291,1.123637281043779,1.1212421609812004
150300,乌海,内蒙古,1.1157590826583785,1.1220694128500512,1.117933570755598
150400,赤峰,内蒙古,1.123079129175938,1.1247518306249045,1.1236603128083067
150500,通辽,内蒙古,1.123408164218229,1.1251095946979943,1.1239990032150902
150600,鄂尔多斯,内蒙古,1.1168087414824672,1.1222237087802218,1.1186767967066074
150700,呼伦贝尔,内蒙古,1.1302826559626387,1.13655434870938,1.1342468819017586
150800,巴彦淖尔,内蒙古,1.1185175255144275,1.1234454166908092,1.1201517572953301
150900,乌兰察布,内蒙古,1.1227782611272306,1.1247158259340095,1.1234916471517773
152200,兴安,内蒙古,1.127269970102922,1.1293705429389254,1.1284660517961815
152500,锡林郭勒,内蒙古,1.1256651182856698,1.1281321829342452,1.1270019354617729
152900,阿拉善,内蒙古,1.1189259969864356,1.1237950168943296,1.120527233875625
210100,沈阳,辽宁,1.1205109020788295,1.1233743769491509,1.121586011908095
210200,大连,辽宁,1.119849074625509,1.1225093757286793,1.12093796729849
210300,鞍山,辽宁,1.1184379526821333,1.122220973552747,1.1198532227572962
210400,抚顺,辽宁,1.1216862407828834,1.123528809359814,1.1224334107207588
210500,本溪,辽宁,1.1193073475128648,1.1224822601271438,1.120526765377074
210600,丹东,辽宁,1.1181328061283327,1.1217373996785651,1.119509684674021
210700,锦州,辽宁,1.1200056961330813,1.1230786266522568,1.1211737683261842
210800,营口,辽宁,1.119476827453909,1.122646982225783,1.120702125810464
210900,阜新,辽宁,1.1205289459157308,1.1235355451726825,1.121642552901314
211000,辽阳,辽宁,1.1182083369248448,1.1222861790523206,1.1197106848462008
211100,盘锦,辽宁,1.1204182769195425,1.123171759467003,1.1214862000923347
211200,铁岭,辽宁,1.1231739152842206,1.1243977370678997,1.1237205444542837
211300,朝阳,辽宁,1.1191462738876896,1.1229564515770563,1.1205338921723582
211400,葫芦岛,辽宁,1.1192712706480215,1.1225641995914206,1.120541105693521
220100,长春,吉林,1.1258458735541412,1.129067488072075,1.1277243832653026
220200,吉林,吉林,1.1244839359757661,1.126574279201392,1.1256092223567824
220300,四平,吉林,1.1243465789840237,1.1261164069416816,1.125251576389929
220400,辽源,吉林,1.1243045948047559,1.1267368402609739,1.1256434731227853
220500,通化,吉林,1.1232726869155596,1.1255291298114911,1.1244806125124023
220600,白山,吉林,1.123283972088512,1.1250746615534617,1.1241845181876988
220700,松原,吉林,1.1266065204257798,1.1298319963690364,1.128492119062125
220800,白城,吉林,1.1269463495989749,1.1289413551369591,1.1280625782452594
222400,延边,吉林,1.1241974077425243,1.1262317398132768,1.125286140219374
230100,哈尔滨,黑龙江,1.1268250054247908,1.1309774867517632,1.1293675127023304
230200,齐齐哈尔,黑龙江,1.128927257770293,1.1328888919116264,1.1313997770539512
230300,鸡西,黑龙江,1.1264937291620594,1.1300405302035226,1.1286409870153344
230400,鹤岗,黑龙江,1.1277788809329616,1.1313547822250791,1.1299823744481552
230500,双鸭山,黑龙江,1.1274186102654373,1.1318187218452866,1.1301541107297626
230600,大庆,黑龙江,1.1280830853747124,1.1322159704189458,1.1306214331663154
230700,伊春,黑龙江,1.1277760341407266,1.131278602323957,1.1299440409358568
230800,佳木斯,黑龙江,1.1279261935207199,1.1323636112619562,1.13069470514408
230900,七台河,黑龙江,1.1274752109390518,1.1319071374561525,1.1302181332901813
231000,牡丹江,黑龙江,1.1253870422974759,1.1291960737907862,1.1276693836657292
231100,黑河,黑龙江,1.1288973599477647,1.133126803350488,1.1315336362129926
231200,绥化,黑龙江,1.1282690104668966,1.1330457680351935,1.1312540231138326
232700,大兴安岭,黑龙江,1.131145029664183,1.1382596386970105,1.1355970262270307
310000,上海,上海,1.0968298576603577,1.1110835754267487,1.1019282486271713
320100,南京,江苏,1.0962993225958322,1.111371370659199,1.1016225714535286
320200,无锡,江苏,1.0959782417822947,1.1112352000364754,1.1014073186187299
320300,徐州,江苏,1.09908225741583,1.113079870289357,1.1040435263233204
320400,常州,江苏,1.0945758830878778,1.1105377540489758,1.10023176752653
320500,苏州,江苏,1.0948486951366472,1.110387664755047,1.1003638604522963
320600,南通,江苏,1.0972028551696822,1.1116538613039622,1.1023340207169399
320700,连云港,江苏,1.1011033518833373,1.1136355313026463,1.105609815920671
320800,淮安,江苏,1.0982576470992675,1.1125101987974726,1.1033307841334654
320900,盐城,江苏,1.0994009601576398,1.112952188344271,1.1042163845864994
321000,扬州,江苏,1.0963181305544347,1.1115783076260846,1.1017133480643493
321100,镇江,江苏,1.095124716364831,1.1109475968652072,1.1007035641716116
321200,泰州,江苏,1.0966274016759838,1.1116514704926244,1.1019413042458617
321300,宿迁,江苏,1.0993880713520023,1.1130162342416516,1.1042526692745078
330100,杭州,浙江,1.0860979157888873,1.1061548350838932,1.0931002420340683
330200,宁波,浙江,1.093962641547479,1.108942521632587,1.0993166507806131
330300,温州,浙江,1.0852626400730652,1.1052789380814292,1.092261410738923
330400,嘉兴,浙江,1.09272467388271,1.1095067127151237,1.098629044429537
330500,湖州,浙江,1.0909380028405906,1.108673677570371,1.0971917575025645
330600,绍兴,浙江,1.0874359885402627,1.1063060024624134,1.0940501007689265
330700,金华,浙江,1.083353678446683,1.10511653011351,1.090876182141196
330800,衢州,浙江,1.0829337948333986,1.1048943517859786,1.0905635270572476
330900,舟山,浙江,1.1044903026585808,1.1127172117866666,1.107645966494485
331000,台州,浙江,1.088863936468921,1.1065523618939541,1.0950990446632667
331100,丽水,浙江,1.0816542210275384,1.1041305940820398,1.089435019109514
340100,合肥,安徽,1.0933924136320643,1.109855180552622,1.0991779307019425
340200,芜湖,安徽,1.0916211861043885,1.1093208056697543,1.0978099720550174
340300,蚌埠,安徽,1.096355624719622,1.1113217930908443,1.1016725830743195
340400,淮南,安徽,1.0940388571717157,1.1103104520741132,1.0997762378210605
340500,马鞍山,安徽,1.0964300535251907,1.1113074004114463,1.1016839177031301
340600,淮北,安徽,1.0965761130580554,1.111826816281665,1.1019794365635667
340700,铜陵,安徽,1.0892732791289914,1.1083058786877336,1.095893373463965
340800,安庆,安徽,1.0891047493019224,1.1079388315431058,1.0956943759833346
341000,黄山,安徽,1.0853834705813048,1.1060824980259458,1.0925984960511326
341100,滁州,安徽,1.0966193319695883,1.111469375902868,1.1018820060133352
341200,阜阳,安徽,1.0942245193980185,1.1106721084581752,1.0999924857514358
341300,宿州,安徽,1.0975450743563733,1.112280744382124,1.102766671210419
341500,六安,安徽,1.089923667552479,1.1083352762653094,1.096348132867396
341600,亳州,安徽,1.0953426708287044,1.1113332700202356,1.1009625327272117
341700,池州,安徽,1.0878109228098511,1.1074961118963398,1.094665169464631
341800,宣城,安徽,1.0885366758680683,1.107847845206932,1.0952792323469331
350100,福州,福建,1.0827667631850333,1.10356969499712,1.0901181824677655
350200,厦门,福建,1.0803382262705854,1.1034916164856432,1.0884497366956112
350300,莆田,福建,1.0865441306268622,1.1050745578193253,1.093159186582186
350400,三明,福建,1.0773861632087778,1.1020628097455343,1.0859616116316197
350500,泉州,福建,1.0830989017251762,1.1039812164440101,1.0904698304707183
350600,漳州,福建,1.0773489817742634,1.102152188670977,1.0859716304745421
350700,南平,福建,1.0774350279599338,1.1026053576833366,1.0861121627547354
350800,龙岩,福建,1.0780926520022736,1.1022147006178473,1.0864646437845789
350900,宁德,福建,1.0778491329570363,1.1019867817716047,1.0862593582950288
360100,南昌,江西,1.0847395955381716,1.1060421590269243,1.092177508457634
360200,景德镇,江西,1.082629353773586,1.1050771600971403,1.0903933897249694
360300,萍乡,江西,1.0799973531831315,1.1036052913791985,1.0881736658150822
360400,九江,江西,1.085848152736321,1.1063954058890884,1.093038383187628
360500,新余,江西,1.0798171652719657,1.1032781311577748,1.08794129202483
360600,鹰潭,江西,1.0792445240232498,1.1033875159637152,1.0875815216930358
360700,赣州,江西,1.0802320453547445,1.1034122609266523,1.088278096872595
360800,吉安,江西,1.080855616605238,1.1036509316375458,1.0887601285959567
360900,宜春,江西,1.0814445506183796,1.1042091432507293,1.089345400454233
361000,抚州,江西,1.0780548294247676,1.102528033794377,1.0865347111546084
361100,上饶,江西,1.0825319299644602,1.1050026339005294,1.0903210719619938
370100,济南,山东,1.1024594992193573,1.1152128800996388,1.1069403039503558
370200,青岛,山东,1.1110522948745294,1.1184484981088036,1.1137831096187965
370300,淄博,山东,1.102754450337054,1.1153605536935802,1.107196110949785
370400,枣庄,山东,1.1000008231639382,1.1135755775503873,1.1048324499028455
370500,东营,山东,1.1067202322683183,1.1171816920853332,1.1104527046035038
370600,烟台,山东,1.1116487807903712,1.1185765067841835,1.114215411846451
370700,潍坊,山东,1.1060986211552275,1.116588836440709,1.1098508992538587
370800,济宁,山东,1.1002683127029735,1.113980028050141,1.1051232450433397
370900,泰安,山东,1.1013719334463976,1.1147272402856545,1.1060691310728654
371000,威海,山东,1.1144711938722052,1.1195815782637355,1.1164630675337652
371100,日照,山东,1.1074802180398997,1.1167083664032025,1.1108541713281692
371300,临沂,山东,1.1024229951657678,1.114550206848156,1.106748850780856
371400,德州,山东,1.1030213245873832,1.1157218493071153,1.1074695994999209
371500,聊城,山东,1.1005211799944654,1.1145295696748754,1.1054247011224463
371600,滨州,山东,1.1044915684591285,1.1163410311439408,1.108671830817031
371700,菏泽,山东,1.0989501697375408,1.1132461379520333,1.1039937876722863
410100,郑州,河南,1.095619643391158,1.1118690456509415,1.101263679474923
410200,开封,河南,1.0976382085951073,1.1127042766228687,1.1029168537901322
410300,洛阳,河南,1.0938278530305396,1.1108963697510577,1.0996808183565228
410400,平顶山,河南,1.091783442443903,1.1098086567080725,1.0980102118095116
410500,安阳,河南,1.0985450985298288,1.1134320211343378,1.103691902004496
410600,鹤壁,河南,1.0987238466928742,1.1134271758894316,1.1038209466068776
410700,新乡,河南,1.0990269432023085,1.1134543628218145,1.1040505229439612
410800,焦作,河南,1.097420825365175,1.1126486144789955,1.1026754492844693
410900,濮阳,河南,1.098141302571826,1.1132903115861912,1.103390399220493
411000,许昌,河南,1.093817259319774,1.1111021890141186,1.099821867119659
411100,漯河,河南,1.0933526142127041,1.1106754630236657,1.09940072183555
411200,三门峡,河南,1.0964213383977068,1.1121499951844767,1.1018446450638806
411300,南阳,河南,1.091851159465694,1.1094708779393951,1.0979338905309088
411400,商丘,河南,1.0968265595264564,1.1121446004010684,1.1022126890009816
411500,信阳,河南,1.0922622150791206,1.1093554167564774,1.0982558343646023
411600,周口,河南,1.094885884218906,1.1113953016705898,1.1006649133401245
411700,驻马店,河南,1.0935295302645447,1.1102815750816055,1.0993984646190933
420100,武汉,湖北,1.0882720398193029,1.107632555422731,1.0950262785595857
420200,黄石,湖北,1.0864395364883452,1.1064872212765828,1.0934649888248815
420300,十堰,湖北,1.0914482058618917,1.1084572697503776,1.0974080801727872
420500,宜昌,湖北,1.0865068859336495,1.1060973546271915,1.093303607005111
420600,襄阳,湖北,1.0908279491383157,1.108906932373453,1.0970878733678053
420700,鄂州,湖北,1.0868653672305721,1.1065973764657133,1.0937707888235313
420800,荆门,湖北,1.0910711049871162,1.108745500233888,1.0972468131480442
420900,孝感,湖北,1.0907926252434978,1.1088753529703095,1.0970936805367486
421000,荆州,湖北,1.0870391588632016,1.1065917371596674,1.0938659623187015
421100,黄冈,湖北,1.0893020915167069,1.1079660120723487,1.0958401341063089
421200,咸宁,湖北,1.0837034770074323,1.1055044300701715,1.0912929772290225
421300,随州,湖北,1.092520184289737,1.1094597583141552,1.098451141123876
422800,恩施,湖北,1.0838294189851991,1.1036763782377472,1.0907708353106185
430100,长沙,湖南,1.0823284103602133,1.1043527322802016,1.0900006925955235
430200,株洲,湖南,1.0802419277661046,1.1033528975527067,1.0882748392787527
430300,湘潭,湖南,1.0823939879942992,1.1042917491918691,1.090044675957072
430400,衡阳,湖南,1.07984852342224,1.1029451583575707,1.0878624066543288
430500,邵阳,湖南,1.0791323331468932,1.1021798792278954,1.0871427010390127
430600,岳阳,湖南,1.085415637409186,1.1056761429342439,1.0925153270883259
430700,常德,湖南,1.0850815102467117,1.1051327181785258,1.0920904729711118
430800,张家界,湖南,1.0849646008852967,1.1043213316187013,1.091735222231724
430900,益阳,湖南,1.083082457419075,1.1041957374085845,1.0904646117109114
431000,郴州,湖南,1.0798053685666038,1.1022478115269738,1.0876291705864372
431100,永州,湖南,1.0773897553450855,1.1015889114351036,1.0857908742912958
431200,怀化,湖南,1.0831739265237452,1.103305227958305,1.0902622792269667
431300,娄底,湖南,1.0802950026311438,1.1026784345053557,1.0880899322242457
433100,湘西,湖南,1.0823494653502312,1.1029148956709725,1.089562910723499
440100,广州,广东,1.0757830388178118,1.1012402607732723,1.0846548374466907
440200,韶关,广东,1.0771838947327597,1.1014855509028132,1.085613717197616
440300,深圳,广东,1.0779103246281214,1.1019742349840005,1.08632502289201
440400,珠海,广东,1.0794036445523532,1.1025776584833231,1.0875538897069699
440500,汕头,广东,1.0825725140891338,1.103978498995679,1.0901111831075965
440600,佛山,广东,1.0754020214815416,1.1008273699779563,1.0842773510209507
440700,江门,广东,1.0750275940610663,1.1003726903618345,1.0839099064288833
440800,湛江,广东,1.0762388417228979,1.10147735908735,1.0850309327351748
440900,茂名,广东,1.0761004457978471,1.1010267838586385,1.0848183156923137
441200,肇庆,广东,1.0753909643500985,1.100798025561528,1.0842280518697305
441300,惠州,广东,1.0756111606774397,1.101226309155044,1.0844923090325465
441400,梅州,广东,1.077320775838366,1.101756072571842,1.0858239454398757
441500,汕尾,广东,1.0830019704315983,1.104205902029774,1.0904808982277554
441600,河源,广东,1.0778882123106566,1.1021157856226032,1.0863273616197542
441700,阳江,广东,1.076373288331809,1.100800130350786,1.084957355660784
441800,清远,广东,1.0757530736599032,1.1010053416874654,1.0845249058227755
441900,东莞,广东,1.0762146301141695,1.1015978791288237,1.0850504714244138
442000,中山,广东,1.0774323663475147,1.1017710832285712,1.0859656272248488
445100,潮州,广东,1.0790174369770487,1.1027585001335705,1.0873010422130729
445200,揭阳,广东,1.0780144801470732,1.1020744192114744,1.0864026326621372
445300,云浮,广东,1.0756113061754389,1.1009105140369524,1.084428503503249
450100,南宁,广西,1.075977558285897,1.1003069125217295,1.0844352324023394
450200,柳州,广西,1.0785861138331052,1.101332812911812,1.086509396496437
450300,桂林,广西,1.0778648225372969,1.1012668296650787,1.0860240348497512
450400,梧州,广西,1.077597990527534,1.101747662404436,1.0859848006016384
450500,北海,广西,1.0795971610875024,1.1027816025562702,1.0876898269870234
450600,防城港,广西,1.0779782063602494,1.1013485507979672,1.0861701688878338
450700,钦州,广西,1.0769355260258942,1.1010963013098043,1.08537417440768
450800,贵港,广西,1.0770565632248963,1.1011585882697945,1.0854309733534357
450900,玉林,广西,1.076624248827263,1.1011934636525125,1.0851493029893864
451000,百色,广西,1.0790327313561003,1.1015415218538391,1.0868391432392683
451100,贺州,广西,1.076879860601586,1.1011966910710718,1.0853164360006493
451200,河池,广西,1.0794075426135807,1.1012109069491598,1.0870171693946398
451300,来宾,广西,1.0776671486240859,1.1013238313527478,1.0858560733323648
451400,崇左,广西,1.0727255266665787,1.0987506635563744,1.0817505284472477
460100,海口,海南,1.0780866638664681,1.1022889997105363,1.0865413576791074
460200,三亚,海南,1.0761727319422822,1.101273585780819,1.0849818123574637
460300,三沙,海南,1.0825567891242827,1.104353056450487,1.09022582854942
460400,儋州,海南,1.0766144726359628,1.1015960322166427,1.0852748655718412
500000,重庆,重庆,1.0802694552457979,1.1020497896438424,1.087897872293429
510100,成都,四川,1.083090617697319,1.1037305768107228,1.0903208213313282
510300,自贡,四川,1.0750661220910755,1.0999550549415058,1.0837681918917825
510400,攀枝花,四川,1.081731727801195,1.1054779284523413,1.0898231768495372
510500,泸州,四川,1.0775850869366363,1.0997782087696095,1.0853987614091458
510600,德阳,四川,1.083239976855734,1.103760739196246,1.0904551370493825
510700,绵阳,四川,1.0883454520413092,1.1064092935981444,1.0947391600120095
510800,广元,四川,1.088300077201852,1.1060641849665926,1.0945553840567845
510900,遂宁,四川,1.082168734857742,1.1035644870483103,1.0896942529125995
511000,内江,四川,1.07606927580137,1.1007779665643442,1.0847040005212614
511100,乐山,四川,1.0760102291319642,1.0992063347532612,1.0841959760535491
511300,南充,四川,1.0822436782456517,1.1035527274830863,1.0897152481478922
511400,眉山,四川,1.0814551322955728,1.1026550808737983,1.0889279396172056
511500,宜宾,四川,1.0753433197110738,1.098724725545541,1.0835654909182206
511600,广安,四川,1.078164324257783,1.1010699857885677,1.0861745611345237
511700,达州,四川,1.0818583334339706,1.1032841972767713,1.0893663631901207
511800,雅安,四川,1.0941033923886352,1.1083449468797522,1.0992697691465105
511900,巴中,四川,1.0838500478428605,1.1040200189240739,1.0909420995727965
512000,资阳,四川,1.079665503389442,1.1022851733096335,1.087610466714168
513200,阿坝,四川,1.1168721172710117,1.1209760318821407,1.1184989243345287
513300,甘孜,四川,1.121031273913466,1.1230224122831036,1.1219921772866297
513400,凉山,四川,1.0967422172426657,1.110839651161837,1.101770372041981
520100,贵阳,贵州,1.095502192753752,1.1065654593502938,1.0996384556252696
520200,六盘水,贵州,1.0976968745656117,1.1081423687384377,1.1016211578859918
520300,遵义,贵州,1.08248444417334,1.1010713401345946,1.0891062261219904
520400,安顺,贵州,1.096485815451254,1.1071583324997167,1.1005050704507944
520500,毕节,贵州,1.0986860015736124,1.1084423560187773,1.102359491614924
520600,铜仁,贵州,1.083210148263335,1.1023062242037833,1.0900086656180146
522300,黔西南,贵州,1.0915897486727375,1.106062748970357,1.096844165266668
522600,黔东南,贵州,1.0885472292766272,1.1047942772810768,1.094399765279758
522700,黔南,贵州,1.0921031139683546,1.105915308843454,1.0971511762107884
530100,昆明,云南,1.0994778849449531,1.1114598707894792,1.103844696262696
530300,曲靖,云南,1.1001085558044466,1.1108439509768542,1.1040778281778694
530400,玉溪,云南,1.094340064445799,1.1090921855482991,1.0996571893253189
530500,保山,云南,1.0868620536446425,1.107062506817465,1.0938969861868888
530600,昭通,云南,1.0924972969254976,1.1064278976905202,1.0975391993523091
530700,丽江,云南,1.0978337221718821,1.1119043584634771,1.1028136312429724
530800,普洱,云南,1.0832535191893884,1.1051894844888719,1.0908730393711936
530900,临沧,云南,1.0856572955749813,1.1065286103927219,1.0929132337541503
532300,楚雄,云南,1.0964176002795811,1.111185864351969,1.101661799971248
532500,红河,云南,1.0892184422878795,1.1061632238942707,1.0952847412188593
532600,文山,云南,1.0879394728655658,1.105379669304757,1.0941509720342486
532800,西双版纳,云南,1.0702290135642334,1.0997889863365375,1.080226873927201
532900,大理,云南,1.0934905191789657,1.1098531669660232,1.0992743509181848
533100,德宏,云南,1.0805724260857412,1.1044110585486615,1.08881819594766
533300,怒江,云南,1.0940669559368004,1.1097155265692924,1.0996089283309862
533400,迪庆,云南,1.1123591759697153,1.1181504965977311,1.11461683063007
540100,拉萨,西藏,1.1240047046169546,1.1257281016297802,1.1248457368691807
540200,日喀则,西藏,1.1226192627209033,1.1251870789994765,1.1236136492214943
540300,昌都,西藏,1.1225327230771809,1.1249229430917937,1.1237685661076542
540400,林芝,西藏,1.1192934746354801,1.1219791296923518,1.1206691986357324
540500,山南,西藏,1.1195572337066357,1.1231412284851676,1.1209675869433522
540600,那曲,西藏,1.1265669197198598,1.1300066847156736,1.1285781859700619
542500,阿里,西藏,1.127349767596534,1.1291347524573943,1.128294359341924
610100,西安,陕西,1.087630375706142,1.1081335578304607,1.0946061842369659
610200,铜川,陕西,1.0960752423419176,1.1121814341433989,1.1016045592102317
610300,宝鸡,陕西,1.0970166410404152,1.1116657568821773,1.1021050582134653
610400,咸阳,陕西,1.0936989309020935,1.1110491662796076,1.0996315278999984
610500,渭南,陕西,1.0947450186360914,1.1117449839994071,1.1005514534499514
610600,延安,陕西,1.1072954986020687,1.1170002465419915,1.1107016765393432
610700,汉中,陕西,1.089160134934675,1.1073537199350811,1.0954857315867086
610800,榆林,陕西,1.1147510313547373,1.1206864386580906,1.1168460260003594
610900,安康,陕西,1.0857213873152254,1.1059532539436907,1.0927320483756966
611000,商洛,陕西,1.0938873248875687,1.1101164158428476,1.0995246388105964
620100,兰州,甘肃,1.1155627229268577,1.12119294000948,1.1175218098613124
620200,嘉峪关,甘肃,1.1188696690188646,1.123681835240905,1.1204319940000285
620300,金昌,甘肃,1.1180464550172688,1.1230787690069208,1.1197599471591804
620400,白银,甘肃,1.117078788600081,1.1217460436295519,1.1187428802871768
620500,天水,甘肃,1.1119200842845443,1.1177522279624308,1.1140983353126441
620600,武威,甘肃,1.1171636804864324,1.1227001753878814,1.119061173811329
620700,张掖,甘肃,1.1164979528080319,1.122824626088472,1.1185349918643241
620800,平凉,甘肃,1.1104797138751719,1.1176622962413902,1.1130791732565204
620900,酒泉,甘肃,1.118594236769792,1.123996568698612,1.120344384465317
621000,庆阳,甘肃,1.1105339052042464,1.118222215402388,1.1132705790794797
621100,定西,甘肃,1.117060054239153,1.1210432361864515,1.118556070143929
621200,陇南,甘肃,1.1063102492919505,1.1145373674876589,1.1093445417091492
622900,临夏,甘肃,1.1167084438569443,1.1214674540973488,1.1184062801088361
623000,甘南,甘肃,1.122035146143207,1.1245418794600754,1.1233619646480633
630100,西宁,青海,1.1218812683643624,1.1244920363672526,1.1228295163416333
630200,海东,青海,1.118679047004146,1.1225729534042896,1.1200872835754443
632200,海北,青海,1.1219262880256704,1.1248912518843044,1.1229357000656184
632300,黄南,青海,1.1237259431706277,1.1268245938359578,1.1254629258362525
632500,海南,青海,1.1246156150449584,1.1265451277651666,1.1256213586487789
632600,果洛,青海,1.1268347187968195,1.1329456985268507,1.1306066885721449
632700,玉树,青海,1.1272133160612752,1.1332576853770684,1.1309226399131735
632800,海西,青海,1.1254837190913216,1.1265869838009257,1.1259749804047392
640100,银川,宁夏,1.1122917789179192,1.1204468736239843,1.1150561712701526
640200,石嘴山,宁夏,1.1096109799948601,1.1194401489929273,1.1128905609683575
640300,吴忠,宁夏,1.1146883580683737,1.1210265650876379,1.1169013749001748
640400,固原,宁夏,1.118546132008224,1.1213868912432674,1.1197036301013052
640500,中卫,宁夏,1.1177523650995873,1.122265239680393,1.119367655763248
650100,乌鲁木齐,新疆,1.1118718544828199,1.1208949141245377,1.1148321552596159
650200,克拉玛依,新疆,1.1118276858391203,1.1209469154556488,1.1147819644061863
650400,吐鲁番,新疆,1.1010058527051438,1.1169161095653224,1.106170023681012
650500,哈密,新疆,1.1084824166344083,1.1200087118679518,1.1122217842974569
652300,昌吉,新疆,1.108987980820105,1.1198719075444616,1.1125286983937641
652700,博州,新疆,1.1059249445058643,1.1179783691527023,1.1099480826949784
652800,巴州,新疆,1.1093898866729321,1.1201325736831382,1.1129297355229564
652900,阿克苏,新疆,1.1034274531027468,1.1173235820720224,1.1079709342716106
653000,克州,新疆,1.1018054349391584,1.1168900737650576,1.1066991011131826
653100,喀什,新疆,1.1038855342458105,1.1178190841794706,1.1084444662906914
653200,和田,新疆,1.1100064203028275,1.1206600458193723,1.1135457647956057
654000,伊犁,新疆,1.1060844444146476,1.1181091649148833,1.1100569797417128
654200,塔城,新疆,1.1111670800574394,1.1205343320645702,1.1142142235406938
654300,阿勒泰,新疆,1.1178122233077634,1.1233149758726066,1.1195942564975672
