adcode,city,province,thermal_target_gain_pp,bandgap_target_gain_pp,corner_interaction_pp,target_capacity_gain_pct,target_positive,start_capacity_gain_pct,joint_capacity_gain_pct,joint_change_pp,group,plot_start_x,plot_target_x
110000,北京,北京,1.4185492392825036,0.5874602161662986,0.0055870814949732,0.2245002932887541,1,-1.7799435383171525,0.2245002932887541,2.0044438316059066,Above c-Si,0.0,1.0
120000,天津,天津,1.2433296512940266,0.6373747355234771,0.0078975318051011,0.0585667722557525,1,-1.8208678947016832,0.0585667722557525,1.8794346669574358,Above c-Si,0.0,1.0
130100,石家庄,河北,1.661501926176238,0.6171664395043721,-0.0049887233699692,0.3806664908257096,1,-1.8969628844693327,0.3806664908257096,2.2776293752950423,Above c-Si,0.0,1.0
130200,唐山,河北,1.0191508626566668,0.6587124194551875,0.0073680641398894,-0.1295120073251499,0,-1.80645878746496,-0.1295120073251499,1.6769467801398101,"Both positive, below c-Si",2.1,3.1
130300,秦皇岛,河北,0.4258984215490204,0.7263805394856716,0.0089803379430204,-0.6735613646715821,0,-1.824918451142488,-0.6735613646715821,1.151357086470906,"Both positive, below c-Si",2.1,3.1
130400,邯郸,河北,1.7469075804333878,0.663949866269479,-0.0090998571089961,0.4167576015014829,1,-1.993827557676342,0.4167576015014829,2.410585159177825,Above c-Si,0.0,1.0
130500,邢台,河北,1.710449090531326,0.6512613433941457,-0.0059691355062672,0.4000189899982409,1,-1.9613428717343504,0.4000189899982409,2.3613618617325915,Above c-Si,0.0,1.0
130600,保定,河北,1.622960684618735,0.5972240807823955,-6.581793026172456e-05,0.3660078939366595,1,-1.853072759791452,0.3660078939366595,2.2190806537281116,Above c-Si,0.0,1.0
130700,张家口,河北,0.8400281092208473,0.6186036174552897,0.0132420986071468,-0.2509445114512565,0,-1.7075643802797358,-0.2509445114512565,1.4566198688284793,"Both positive, below c-Si",2.1,3.1
130800,承德,河北,0.8654640214910988,0.634861738713958,0.0100808076041514,-0.2176988592293094,0,-1.716698393143301,-0.2176988592293094,1.4989995339139917,"Both positive, below c-Si",2.1,3.1
130900,沧州,河北,1.3538775221171084,0.6454261349098248,0.0036866050434292,0.1285228925237191,1,-1.870101058906093,0.1285228925237191,1.998623951429812,Above c-Si,0.0,1.0
131000,廊坊,河北,1.3978227060383244,0.6153144900269746,0.0046800878467203,0.1845714207864279,1,-1.8272814797427703,0.1845714207864279,2.011852900529198,Above c-Si,0.0,1.0
131100,衡水,河北,1.6317529867851028,0.6465443159631712,-0.0043110087778797,0.3429744723626893,1,-1.934976832075297,0.3429744723626893,2.277951304437986,Above c-Si,0.0,1.0
140100,太原,山西,1.1459501232065663,0.6537594608252354,-0.0060291968122296,-0.0445767409466113,0,-1.844182950067097,-0.0445767409466113,1.7996062091204856,"Both positive, below c-Si",2.1,3.1
140200,大同,山西,0.7892027985587671,0.6403976634561345,0.012410968301235,-0.3225649546929499,0,-1.750764342678257,-0.3225649546929499,1.4281993879853072,"Both positive, below c-Si",2.1,3.1
140300,阳泉,山西,1.0600519893071163,0.6947680211384514,0.0011447423549637,-0.0941943807247991,0,-1.8484764188842484,-0.0941943807247991,1.7542820381594493,"Both positive, below c-Si",2.1,3.1
140400,长治,山西,1.1542884449626591,0.7060315342525864,3.4587352089054946e-06,-0.0776013865422142,0,-1.9372914490147557,-0.0776013865422142,1.8596900624725414,"Both positive, below c-Si",2.1,3.1
140500,晋城,山西,1.478848415147301,0.7042556472841577,-0.0031738386032431,0.1785683842018048,1,-2.004125053797412,0.1785683842018048,2.182693437999217,Above c-Si,0.0,1.0
140600,朔州,山西,0.6464430459359553,0.6401820863742673,0.0080760111588753,-0.4398190913711963,0,-1.725383154363458,-0.4398190913711963,1.2855640629922616,"Both positive, below c-Si",2.1,3.1
140700,晋中,山西,1.251599457628516,0.6750854120079733,-0.0035811289908707,0.0338055485181287,1,-1.8925044742159505,0.0338055485181287,1.9263100227340793,Above c-Si,0.0,1.0
140800,运城,山西,1.742217980957469,0.6882903801018044,-0.0062693795639612,0.3998488215622986,1,-2.0298556711063065,0.3998488215622986,2.429704492668605,Above c-Si,0.0,1.0
140900,忻州,山西,0.9588522662681398,0.6383579408514047,2.8703454002521056e-05,-0.1874413353286863,0,-1.7839688118251762,-0.1874413353286863,1.5965274764964899,"Both positive, below c-Si",2.1,3.1
141000,临汾,山西,1.6289952223266384,0.6814109400722727,-0.0054107439722004,0.3077605658867943,1,-2.002074027627465,0.3077605658867943,2.3098345935142595,Above c-Si,0.0,1.0
141100,吕梁,山西,1.096254809712479,0.667668643874349,-0.004637873406643,-0.1053532025257153,0,-1.868638454952953,-0.1053532025257153,1.7632852524272378,"Both positive, below c-Si",2.1,3.1
150100,呼和浩特,内蒙古,0.5081250662685907,0.6482721393001248,0.0065482501733327,-0.5717548331011235,0,-1.7269720839513725,-0.5717548331011235,1.155217250850249,"Both positive, below c-Si",2.1,3.1
150200,包头,内蒙古,0.4568506579160303,0.6388424505734845,0.0053183500951403,-0.5989843292625752,0,-1.6930886020717462,-0.5989843292625752,1.094104272809171,"Both positive, below c-Si",2.1,3.1
150300,乌海,内蒙古,0.8321558197543139,0.5968227566951588,-0.0116884002160697,-0.3031076509245056,0,-1.7316876224076072,-0.3031076509245056,1.4285799714831016,"Both positive, below c-Si",2.1,3.1
150400,赤峰,内蒙古,0.2000609621182646,0.632532810455788,0.0125700942320896,-0.7645866208563112,0,-1.5955193182207503,-0.7645866208563112,0.8309326973644391,"Both positive, below c-Si",2.1,3.1
150500,通辽,内蒙古,0.2086499198028835,0.5935145646808526,0.0080401841051735,-0.7411700983651959,0,-1.5420854583810706,-0.7411700983651959,0.8009153600158747,"Both positive, below c-Si",2.1,3.1
150600,鄂尔多斯,内蒙古,0.7026185549293018,0.6299906336498905,-0.0027317414126868,-0.4106132325126688,0,-1.7422752386645255,-0.4106132325126688,1.3316620061518567,"Both positive, below c-Si",2.1,3.1
150700,呼伦贝尔,内蒙古,-0.5897657382757936,0.5551505774188576,0.0126622647500849,-1.2654565321153943,0,-1.2282792933524744,-1.2654565321153943,-0.037177238762919895,Thermal nonpositive,4.2,5.2
150800,巴彦淖尔,内蒙古,0.6787580123059356,0.5892293405723245,-0.0035247399800542,-0.4090461592024974,0,-1.6758271250934431,-0.4090461592024974,1.2667809658909457,"Both positive, below c-Si",2.1,3.1
150900,乌兰察布,内蒙古,0.2205231959179544,0.6528593912117426,0.0144817037099123,-0.7801755511698927,0,-1.6518805223816102,-0.7801755511698927,0.8717049712117175,"Both positive, below c-Si",2.1,3.1
152200,兴安,内蒙古,-0.0955280505990141,0.5471536671878571,0.0108467322111005,-0.9557740268651416,0,-1.4052121561962894,-0.9557740268651416,0.4494381293311478,Thermal nonpositive,4.2,5.2
152500,锡林郭勒,内蒙古,-0.0600061256018598,0.6548603968123364,0.0188707491386663,-0.9726985657780408,0,-1.5649033653010735,-0.9726985657780408,0.5922047995230327,Thermal nonpositive,4.2,5.2
152900,阿拉善,内蒙古,0.747572298798375,0.5413094829630186,-0.0174598111576163,-0.3488911546969286,0,-1.637768466547762,-0.3488911546969286,1.2888773118508334,"Both positive, below c-Si",2.1,3.1
210100,沈阳,辽宁,0.3018872410466797,0.6496815540140367,0.0059302805183623,-0.6635209636370321,0,-1.614393460418906,-0.6635209636370321,0.950872496781874,"Both positive, below c-Si",2.1,3.1
210200,大连,辽宁,0.1930399560787074,0.7544501415016206,0.0118306750680141,-0.8389501110566688,0,-1.785522400083872,-0.8389501110566688,0.9465722890272033,"Both positive, below c-Si",2.1,3.1
210300,鞍山,辽宁,0.3782466134284235,0.6864534387609514,0.0109424507900968,-0.6220566090446966,0,-1.6858821762439913,-0.6220566090446966,1.0638255671992947,"Both positive, below c-Si",2.1,3.1
210400,抚顺,辽宁,0.1761424504782116,0.6683225707386885,0.0039276253259723,-0.7393627221457089,0,-1.5832553995046794,-0.7393627221457089,0.8438926773589706,"Both positive, below c-Si",2.1,3.1
210500,本溪,辽宁,0.319446684704198,0.6732943515586657,0.0033013141501281,-0.6417615533986121,0,-1.6339421950437694,-0.6417615533986121,0.9921806416451573,"Both positive, below c-Si",2.1,3.1
210600,丹东,辽宁,0.3387930468852403,0.7065229491779604,0.0098371924258877,-0.6538562241537926,0,-1.6982391519073103,-0.6538562241537926,1.0443829277535177,"Both positive, below c-Si",2.1,3.1
210700,锦州,辽宁,0.3076332282792397,0.6755561192038129,0.0091813208362379,-0.6880765535164479,0,-1.670513568022347,-0.6880765535164479,0.9824370145058992,"Both positive, below c-Si",2.1,3.1
210800,营口,辽宁,0.2817206221078023,0.7093571656053216,0.016479361842747,-0.723940851435001,0,-1.7138310927602651,-0.723940851435001,0.9898902413252642,"Both positive, below c-Si",2.1,3.1
210900,阜新,辽宁,0.3106529540676546,0.6409304048654918,0.0061338456373238,-0.6544443014570467,0,-1.6055778961043043,-0.6544443014570467,0.9511335946472577,"Both positive, below c-Si",2.1,3.1
211000,辽阳,辽宁,0.4361529656794002,0.6617114331373278,0.0045008478252281,-0.5627788492018615,0,-1.6601692445093463,-0.5627788492018615,1.0973903953074848,"Both positive, below c-Si",2.1,3.1
211100,盘锦,辽宁,0.2544818126349658,0.6910667666963688,0.0144979782664254,-0.7340260438688073,0,-1.6785430098046672,-0.7340260438688073,0.9445169659358599,"Both positive, below c-Si",2.1,3.1
211200,铁岭,辽宁,0.1073540807120632,0.6535293934828582,0.0063560819291375,-0.7956334203282678,0,-1.5557606315966144,-0.7956334203282678,0.7601272112683466,"Both positive, below c-Si",2.1,3.1
211300,朝阳,辽宁,0.4095076224853833,0.6494735331477781,0.00859723548593,-0.6170621417758038,0,-1.6749588797635329,-0.6170621417758038,1.057896737987729,"Both positive, below c-Si",2.1,3.1
211400,葫芦岛,辽宁,0.3166664461219122,0.71143083187154,0.0121678006363648,-0.7443928388000787,0,-1.7711920559884795,-0.7443928388000787,1.0267992171884008,"Both positive, below c-Si",2.1,3.1
220100,长春,吉林,-0.2024201286858096,0.6526176963625415,0.0189902800026509,-1.0249506215987414,0,-1.4730390486300204,-1.0249506215987414,0.44808842703127905,Thermal nonpositive,4.2,5.2
220200,吉林,吉林,-0.033615636881897,0.6453285761170177,0.0125457907441117,-0.8861610566169853,0,-1.4964668034782358,-0.8861610566169853,0.6103057468612505,Thermal nonpositive,4.2,5.2
220300,四平,吉林,0.0068175769413201,0.6474884563992737,0.0096714901988372,-0.8726892155679011,0,-1.5258119840149351,-0.8726892155679011,0.653122768447034,"Both positive, below c-Si",2.1,3.1
220400,辽源,吉林,-0.0688338610656684,0.6685679209711748,0.0079973820813705,-0.9178125547460668,0,-1.516676257354288,-0.9178125547460668,0.5988637026082212,Thermal nonpositive,4.2,5.2
220500,通化,吉林,-0.0321780466435124,0.6861379282324739,0.0051701813844173,-0.903181871460068,0,-1.5565038539299914,-0.903181871460068,0.6533219824699233,Thermal nonpositive,4.2,5.2
220600,白山,吉林,0.0296450129342984,0.6754714255451302,0.0073896461154301,-0.8698955135401754,0,-1.573821916166762,-0.8698955135401754,0.7039264026265866,"Both positive, below c-Si",2.1,3.1
220700,松原,吉林,-0.2082199085266265,0.6261460248837446,0.0199156669241309,-1.033060369577865,0,-1.448316535277938,-1.033060369577865,0.41525616570007284,Thermal nonpositive,4.2,5.2
220800,白城,吉林,-0.0833665679683793,0.5585578028266758,0.0123548411780971,-0.9560007787661752,0,-1.428897218960734,-0.9560007787661752,0.4728964401945589,Thermal nonpositive,4.2,5.2
222400,延边,吉林,-0.0536185842596181,0.6341002330553384,0.0174811496369329,-0.9164507660695764,0,-1.4950675873572794,-0.9164507660695764,0.578616821287703,Thermal nonpositive,4.2,5.2
230100,哈尔滨,黑龙江,-0.3538804390456914,0.624762514185225,0.0193247317771816,-1.1218147741883566,0,-1.390721403189965,-1.1218147741883566,0.26890662900160844,Thermal nonpositive,4.2,5.2
230200,齐齐哈尔,黑龙江,-0.3398508901056936,0.5491842650052537,0.0126837430672768,-1.0861996161442675,0,-1.2932269237402427,-1.0861996161442675,0.2070273075959752,Thermal nonpositive,4.2,5.2
230300,鸡西,黑龙江,-0.2711343699882351,0.6077001398652156,0.0126275913069795,-1.084931241864584,0,-1.4201080960451251,-1.084931241864584,0.3351768541805411,Thermal nonpositive,4.2,5.2
230400,鹤岗,黑龙江,-0.2989107452256741,0.5460609638088032,0.0100659531596547,-1.0827882430058944,0,-1.328326305190053,-1.0827882430058944,0.24553806218415852,Thermal nonpositive,4.2,5.2
230500,双鸭山,黑龙江,-0.3932224192784643,0.5987285909890172,0.0129525356569626,-1.1588737307821284,0,-1.3629216135075173,-1.1588737307821284,0.20404788272538887,Thermal nonpositive,4.2,5.2
230600,大庆,黑龙江,-0.3467595743651629,0.6041174249704148,0.0178303747892072,-1.104600905694253,0,-1.3591198568737028,-1.104600905694253,0.2545189511794499,Thermal nonpositive,4.2,5.2
230700,伊春,黑龙江,-0.3061326803052008,0.542084222785799,0.0088413450771482,-1.0817690823698325,0,-1.3166423783183556,-1.0817690823698325,0.23487329594852313,Thermal nonpositive,4.2,5.2
230800,佳木斯,黑龙江,-0.4025908517286199,0.5831716033943649,0.0117611013703111,-1.1686866288917797,0,-1.3476148165043278,-1.1686866288917797,0.17892818761254814,Thermal nonpositive,4.2,5.2
230900,七台河,黑龙江,-0.3884200977964898,0.5963901821985215,0.014023368781546,-1.1702583564199398,0,-1.3768671067515337,-1.1702583564199398,0.20660875033159387,Thermal nonpositive,4.2,5.2
231000,牡丹江,黑龙江,-0.2738788977541799,0.6585353876158587,0.0162092704158454,-1.0830079965593489,0,-1.4659990353023455,-1.0830079965593489,0.38299103874299667,Thermal nonpositive,4.2,5.2
231100,黑河,黑龙江,-0.3696253242053323,0.5137661364299828,0.0036040354657318,-1.1060518843253542,0,-1.2489115241150484,-1.1060518843253542,0.14285963978969418,Thermal nonpositive,4.2,5.2
231200,绥化,黑龙江,-0.4457987507412255,0.6022229145104455,0.0171244581975369,-1.1670675431735833,0,-1.3213235740015317,-1.1670675431735833,0.15425603082794836,Thermal nonpositive,4.2,5.2
232700,大兴安岭,黑龙江,-0.6448161159787154,0.4806438880968877,0.004185302332238,-1.2751583657449772,0,-1.10930512824291,-1.2751583657449772,-0.16585323750206715,Thermal nonpositive,4.2,5.2
310000,上海,上海,1.5488785908248317,0.8143852473805077,-0.0001912046305507,0.1925868271138053,1,-2.1698270105109274,0.1925868271138053,2.362413837624733,Above c-Si,0.0,1.0
320100,南京,江苏,1.7100435827564449,0.7602736080286462,-8.022787920669572e-05,0.36090955914998,1,-2.109060890395442,0.36090955914998,2.469970449545422,Above c-Si,0.0,1.0
320200,无锡,江苏,1.695209651009329,0.7757718583931039,0.0007906830607251,0.338298696980166,1,-2.1323396783157644,0.338298696980166,2.4706383752959304,Above c-Si,0.0,1.0
320300,徐州,江苏,1.5805358978679849,0.7366896497568979,-0.0009607330944683,0.2655251973630257,1,-2.0511631549664067,0.2655251973630257,2.3166883523294324,Above c-Si,0.0,1.0
320400,常州,江苏,1.7927675654873632,0.7700171011594072,0.0007143675771592,0.4237963519696297,1,-2.138699837307534,0.4237963519696297,2.5624961892771636,Above c-Si,0.0,1.0
320500,苏州,江苏,1.732287618939728,0.7937240915529461,0.0009464972738348,0.361458876476961,1,-2.164000837756619,0.361458876476961,2.52545971423358,Above c-Si,0.0,1.0
320600,南通,江苏,1.6174503483993998,0.7780557127280469,-0.0005140659605662,0.2722780056599427,1,-2.1232161052239795,0.2722780056599427,2.3954941108839223,Above c-Si,0.0,1.0
320700,连云港,江苏,1.3437039777508468,0.7779396872766223,0.0021541714694706,0.0661432960675778,1,-2.055290186425973,0.0661432960675778,2.121433482493551,Above c-Si,0.0,1.0
320800,淮安,江苏,1.5815172816852112,0.7590705721560584,0.0015999695646358,0.2371259950899151,1,-2.1030187526116078,0.2371259950899151,2.340144747701523,Above c-Si,0.0,1.0
320900,盐城,江苏,1.5047084313769516,0.7632172633142938,0.0010782619832672,0.1848317476041305,1,-2.0826868099705687,0.1848317476041305,2.2675185575746992,Above c-Si,0.0,1.0
321000,扬州,江苏,1.7238250790958976,0.7569447737629428,0.0007182120445148,0.3596438629130727,1,-2.1207473778499075,0.3596438629130727,2.4803912407629802,Above c-Si,0.0,1.0
321100,镇江,江苏,1.8072744536433003,0.7587714033472506,1.6744186681627582e-05,0.4293924486474809,1,-2.135913946591883,0.4293924486474809,2.565306395239364,Above c-Si,0.0,1.0
321200,泰州,江苏,1.7011097684860754,0.7595475227637927,-0.0016822421802453,0.3483426975403381,1,-2.1120601007188378,0.3483426975403381,2.460402798259176,Above c-Si,0.0,1.0
321300,宿迁,江苏,1.5086441416350442,0.757772491987733,0.0015212304125711,0.1946622517039031,1,-2.0716632831970228,0.1946622517039031,2.266325534900926,Above c-Si,0.0,1.0
330100,杭州,浙江,2.317844105842578,0.7598675030896618,0.0029720866702498,0.9038066218856056,1,-2.1731091163963323,0.9038066218856056,3.076915738281938,Above c-Si,0.0,1.0
330200,宁波,浙江,1.6117800888044749,0.8501998285088206,0.0091903660321075,0.2488292501742872,1,-2.212400772743284,0.2488292501742872,2.4612300229175714,Above c-Si,0.0,1.0
330300,温州,浙江,2.2985924172992096,0.8093103599520571,0.004475354232003,0.8026679125435088,1,-2.3046502673544023,0.8026679125435088,3.107318179897911,Above c-Si,0.0,1.0
330400,嘉兴,浙江,1.909766931627888,0.7752398592366833,0.0033951591490555,0.5023685772853614,1,-2.181511484228882,0.5023685772853614,2.6838800615142433,Above c-Si,0.0,1.0
330500,湖州,浙江,2.0141593019498583,0.7693640542900448,0.0043787363662839,0.6152720034381165,1,-2.1675849840855577,0.6152720034381165,2.782856987523674,Above c-Si,0.0,1.0
330600,绍兴,浙江,2.141590412581188,0.7951605894776059,0.0055964462258861,0.7495415596982857,1,-2.1866924236492724,0.7495415596982857,2.936233983347558,Above c-Si,0.0,1.0
330700,金华,浙江,2.558001842662642,0.7415544166068081,0.0014108868957918,1.084269200515675,1,-2.214840238127669,1.084269200515675,3.299109438643344,Above c-Si,0.0,1.0
330800,衢州,浙江,2.5812882797318344,0.7380598018282059,0.0009531869854639,1.1125253500816168,1,-2.206040522777286,1.1125253500816168,3.318565872858903,Above c-Si,0.0,1.0
330900,舟山,浙江,0.7229991034051308,0.9695001021688002,-0.0022016232631427,-0.5904861802307204,0,-2.282381773258668,-0.5904861802307204,1.6918955930279478,"Both positive, below c-Si",2.1,3.1
331000,台州,浙江,1.9767441317648995,0.8350745491310801,0.0066307117529196,0.5719839009501015,1,-2.2393048305913266,0.5719839009501015,2.811288731541428,Above c-Si,0.0,1.0
331100,丽水,浙江,2.6614061196945573,0.7509695653269125,0.0003914484425608,1.1600683803019152,1,-2.2514783453718046,1.1600683803019152,3.4115467256737197,Above c-Si,0.0,1.0
340100,合肥,安徽,1.9015927966726949,0.7636867598418714,-0.0017214508987728,0.4964776910292734,1,-2.168386189906968,0.4964776910292734,2.6648638809362413,Above c-Si,0.0,1.0
340200,芜湖,安徽,2.0548523558852576,0.7417653809116668,-0.0034033114400644,0.634920423664731,1,-2.1616944990427656,0.634920423664731,2.7966149227074966,Above c-Si,0.0,1.0
340300,蚌埠,安徽,1.6899664393360398,0.7676892004677508,-0.0034144212755049,0.3515120475132027,1,-2.1054386228115507,0.3515120475132027,2.4569506703247534,Above c-Si,0.0,1.0
340400,淮南,安徽,1.8859381292029576,0.7591381276846221,-0.0030779448484619,0.4816849110585108,1,-2.162772268070967,0.4816849110585108,2.644457179129478,Above c-Si,0.0,1.0
340500,马鞍山,安徽,1.692290150555331,0.7615850860826686,-0.0008434833804193,0.3515869755315925,1,-2.1021383303321817,0.3515869755315925,2.4537253058637742,Above c-Si,0.0,1.0
340600,淮北,安徽,1.7262073491535412,0.7477312804359518,-0.0035332921470621,0.364853578156854,1,-2.108529965673045,0.364853578156854,2.473383543829899,Above c-Si,0.0,1.0
340700,铜陵,安徽,2.2327825746991548,0.7313547003207669,-0.0042775984638643,0.7736926869114091,1,-2.190379217609517,0.7736926869114091,2.9640719045209263,Above c-Si,0.0,1.0
340800,安庆,安徽,2.199086975932222,0.7517189833111596,-0.0045798123735729,0.7403936264002597,1,-2.2099706902660943,0.7403936264002597,2.950364316666354,Above c-Si,0.0,1.0
341000,黄山,安徽,2.416102253765118,0.7513128312403806,-0.0013781535763146,0.9436585308328028,1,-2.222735241088214,0.9436585308328028,3.1663937719210167,Above c-Si,0.0,1.0
341100,滁州,安徽,1.6853606691809575,0.7659025437117865,-0.0028074283470735,0.3345742859621747,1,-2.1161480983460823,0.3345742859621747,2.450722384308257,Above c-Si,0.0,1.0
341200,阜阳,安徽,1.892513250594004,0.7450924443524095,-0.0012914744866532,0.4947857804592503,1,-2.1424040221850738,0.4947857804592503,2.637189802644324,Above c-Si,0.0,1.0
341300,宿州,安徽,1.6667488480478534,0.745136185597132,-0.0022841410661667,0.324773999473904,1,-2.086546593919081,0.324773999473904,2.411320593392985,Above c-Si,0.0,1.0
341500,六安,安徽,2.155741042754556,0.7448366347982812,-0.0020236727805378,0.7187362792517193,1,-2.1809383697650064,0.7187362792517193,2.899674649016726,Above c-Si,0.0,1.0
341600,亳州,安徽,1.8435088171988097,0.7385169631560924,-0.004555054827438,0.4570397620310196,1,-2.1244753674576238,0.4570397620310196,2.5815151294886434,Above c-Si,0.0,1.0
341700,池州,安徽,2.3074156610761807,0.7413294010526483,-0.004577980014897,0.8282513193776264,1,-2.220152217544036,0.8282513193776264,3.048403536921662,Above c-Si,0.0,1.0
341800,宣城,安徽,2.2402535464337863,0.7408391657211855,-0.0003249473102817,0.7955765482505983,1,-2.1848898514528536,0.7955765482505983,2.980466399703452,Above c-Si,0.0,1.0
350100,福州,福建,2.3068923269529105,0.840009146710774,0.0102561138302204,0.7994671773419171,1,-2.34677119235448,0.7994671773419171,3.146238369696397,Above c-Si,0.0,1.0
350200,厦门,福建,2.612634129385268,0.7876667524041666,0.0113431239871504,0.9795952528684592,1,-2.420002235498675,0.9795952528684592,3.3995974883671343,Above c-Si,0.0,1.0
350300,莆田,福建,1.9861944096935495,0.8807166168661174,0.0088155707417936,0.4776744520881282,1,-2.3886063554998227,0.4776744520881282,2.866280807587951,Above c-Si,0.0,1.0
350400,三明,福建,2.8730758665138745,0.7540785783982725,0.007226440348973,1.3296221512388628,1,-2.2968282911898563,1.3296221512388628,3.626450442428719,Above c-Si,0.0,1.0
350500,泉州,福建,2.3340084823969804,0.8316693555604676,0.008114732488929,0.7760708282371409,1,-2.388971899324688,0.7760708282371409,3.1650427275618287,Above c-Si,0.0,1.0
350600,漳州,福建,2.878370360270792,0.7511189113202329,0.0108872149439664,1.2590134167992597,1,-2.369477402836051,1.2590134167992597,3.628490819635311,Above c-Si,0.0,1.0
350700,南平,福建,2.989228643971668,0.709593165751632,0.000560129578508,1.445276209168389,1,-2.253260416209524,1.445276209168389,3.6985366253779133,Above c-Si,0.0,1.0
350800,龙岩,福建,2.8210523292543144,0.755034856199673,0.00737249123548,1.2589010357059394,1,-2.316338437600385,1.2589010357059394,3.575239473306324,Above c-Si,0.0,1.0
350900,宁德,福建,2.763218743242668,0.7767500530737418,0.0114429092505363,1.242336146462475,1,-2.29696836864437,1.242336146462475,3.5393045151068447,Above c-Si,0.0,1.0
360100,南昌,江西,2.5106288424935714,0.7355882528991442,-0.0041340768711091,0.9960807571768316,1,-2.249447481207434,0.9960807571768316,3.2455282383842654,Above c-Si,0.0,1.0
360200,景德镇,江西,2.6590821630309347,0.7270449981372976,-0.0005178152782114,1.1318353369192735,1,-2.2528374126940864,1.1318353369192735,3.38467274961336,Above c-Si,0.0,1.0
360300,萍乡,江西,2.790600304184783,0.7186717159261411,0.004188164300189,1.2366523018121356,1,-2.2715946437947943,1.2366523018121356,3.50824694560693,Above c-Si,0.0,1.0
360400,九江,江西,2.4050190540079845,0.7519367343690782,-0.0028089437670191,0.9027062017430644,1,-2.253479156540084,0.9027062017430644,3.1561853582831483,Above c-Si,0.0,1.0
360500,新余,江西,2.7408936445840486,0.7391351703739946,0.0077534331158424,1.2024473215818343,1,-2.2766258026292507,1.2024473215818343,3.479073124211085,Above c-Si,0.0,1.0
360600,鹰潭,江西,2.8387676979693395,0.7177776702045299,0.0054762726400037,1.3253186259719385,1,-2.230525562924346,1.3253186259719385,3.5558441888962844,Above c-Si,0.0,1.0
360700,赣州,江西,2.712146760300042,0.7451428275208135,0.0011892910828703,1.1641737764038984,1,-2.29222576877679,1.1641737764038984,3.4563995451806884,Above c-Si,0.0,1.0
360800,吉安,江西,2.652909763602307,0.7534971147263351,0.0061508828201217,1.1190995457831754,1,-2.2863614385901565,1.1190995457831754,3.405460984373332,Above c-Si,0.0,1.0
360900,宜春,江西,2.683002917789316,0.7339413778309711,0.0021305828579287,1.153019764647767,1,-2.263035483409248,1.153019764647767,3.416055248057015,Above c-Si,0.0,1.0
361000,抚州,江西,2.8629358034086767,0.7395764080469861,0.0049494814556183,1.3288703727661666,1,-2.2728691694369973,1.3288703727661666,3.601739542203164,Above c-Si,0.0,1.0
361100,上饶,江西,2.650223579598151,0.7220651104691908,-3.31439204637185e-05,1.1459801095700328,1,-2.225405800288016,1.1459801095700328,3.371385909858049,Above c-Si,0.0,1.0
370100,济南,山东,1.4546923003140717,0.6895911610343713,-0.0009239479082485,0.1878487950201179,1,-1.9555100682837607,0.1878487950201179,2.1433588633038787,Above c-Si,0.0,1.0
370200,青岛,山东,0.7373965393800234,0.7872267982062642,0.0088362923974738,-0.4625573904186164,0,-1.986453910710717,-0.4625573904186164,1.5238965202921007,"Both positive, below c-Si",2.1,3.1
370300,淄博,山东,1.4231881590310709,0.6896314777568913,-0.0021518171106071,0.1838482113812434,1,-1.9283996994520547,0.1838482113812434,2.112247910833298,Above c-Si,0.0,1.0
370400,枣庄,山东,1.5355351689004184,0.7359040210947687,-0.0016946548748397,0.2204548770834424,1,-2.049911109311686,0.2204548770834424,2.2703659863951287,Above c-Si,0.0,1.0
370500,东营,山东,1.1274270788876182,0.7141621027895729,0.0074788387477651,-0.0810274038045677,0,-1.9215270815484689,-0.0810274038045677,1.840499677743901,"Both positive, below c-Si",2.1,3.1
370600,烟台,山东,0.6827872041324806,0.7922235048017071,0.0029745585240272,-0.4913279431926987,0,-1.9660174702744613,-0.4913279431926987,1.4746895270817626,"Both positive, below c-Si",2.1,3.1
370700,潍坊,山东,1.146561259319756,0.7268813523628218,0.0058536228260797,-0.0695584093435952,0,-1.942429395112999,-0.0695584093435952,1.8728709857694037,"Both positive, below c-Si",2.1,3.1
370800,济宁,山东,1.5511637198522408,0.7159911131544572,9.406077396967304e-05,0.2442756645330002,1,-2.0221520831476103,0.2442756645330002,2.2664277476806105,Above c-Si,0.0,1.0
370900,泰安,山东,1.5273572246071805,0.6905245511605576,-0.0004687754348138,0.2339031644082778,1,-1.9829795948137048,0.2339031644082778,2.2168827592219826,Above c-Si,0.0,1.0
371000,威海,山东,0.4191701558607337,0.8325807991456031,0.0036389714716866,-0.7376612839070207,0,-1.989154001501359,-0.7376612839070207,1.2514927175943382,"Both positive, below c-Si",2.1,3.1
371100,日照,山东,0.9680451925005624,0.7824334189668251,0.0062703879336272,-0.2717613589156231,0,-2.021405594483472,-0.2717613589156231,1.7496442355678488,"Both positive, below c-Si",2.1,3.1
371300,临沂,山东,1.3513364424896663,0.7472100527623223,-0.0020741757757236,0.0785596083620498,1,-2.0192037478262703,0.0785596083620498,2.09776335618832,Above c-Si,0.0,1.0
371400,德州,山东,1.4548897574502135,0.6706500758500175,0.0005599445358273,0.1927841658321272,1,-1.932447505411794,0.1927841658321272,2.125231671243921,Above c-Si,0.0,1.0
371500,聊城,山东,1.6073069517777725,0.6823880784523525,-0.0033221613634948,0.2969883150347296,1,-1.992589970767411,0.2969883150347296,2.2895782858021407,Above c-Si,0.0,1.0
371600,滨州,山东,1.3261509563473497,0.6815408269741585,0.000918880668832,0.1076942595905183,1,-1.8994425954573568,0.1076942595905183,2.007136855047875,Above c-Si,0.0,1.0
371700,菏泽,山东,1.6307866916743503,0.7136103656000851,-0.0038169210308414,0.3203227263630426,1,-2.023484710263901,0.3203227263630426,2.3438074366269435,Above c-Si,0.0,1.0
410100,郑州,河南,1.918868889244544,0.6923422765332902,-0.0033836969120626,0.5527333180793903,1,-2.0577283396139845,0.5527333180793903,2.610461657693375,Above c-Si,0.0,1.0
410200,开封,河南,1.7472169675025409,0.7121417906149877,-0.0004448022304481,0.388973801524739,1,-2.0695044397854523,0.388973801524739,2.4584782413101913,Above c-Si,0.0,1.0
410300,洛阳,河南,2.0633473450698543,0.690247276929464,-0.0064515857759239,0.6702653298671812,1,-2.0825616513071465,0.6702653298671812,2.752826981174328,Above c-Si,0.0,1.0
410400,平顶山,河南,2.130863970721179,0.7108051371920535,0.0006388306685312,0.7097982113303702,1,-2.1310301315737967,0.7097982113303702,2.840828342904167,Above c-Si,0.0,1.0
410500,安阳,河南,1.7739815719810093,0.677533165729353,-0.0071752467391772,0.4197789836917875,1,-2.0313596512157583,0.4197789836917875,2.451138634907546,Above c-Si,0.0,1.0
410600,鹤壁,河南,1.74740903423396,0.6827079934695668,-0.0067241152900798,0.4023859553629272,1,-2.0272007011044257,0.4023859553629272,2.429586656467353,Above c-Si,0.0,1.0
410700,新乡,河南,1.6985240469512215,0.6918901331228522,-0.0046822665154877,0.3639279405540874,1,-2.025903181131339,0.3639279405540874,2.389831121685426,Above c-Si,0.0,1.0
410800,焦作,河南,1.8323039979170173,0.6817152532533899,-0.0063102434135764,0.4846186576172639,1,-2.0287149339219046,0.4846186576172639,2.5133335915391686,Above c-Si,0.0,1.0
410900,濮阳,河南,1.7773387924260382,0.6825129801152906,-0.0075622679945652,0.4222663619599442,1,-2.037442227821451,0.4222663619599442,2.4597085897813953,Above c-Si,0.0,1.0
411000,许昌,河南,2.0451021069398667,0.7004499341792999,-0.0001911896904238,0.6268252911350025,1,-2.1174549768477324,0.6268252911350025,2.744280267982735,Above c-Si,0.0,1.0
411100,漯河,河南,2.009251644385531,0.7208573950083267,0.0033150030347983,0.5886224176883337,1,-2.140713578876452,0.5886224176883337,2.7293359965647856,Above c-Si,0.0,1.0
411200,三门峡,河南,1.9051121928234656,0.6973140320056581,-0.0094499409501791,0.5316075229142347,1,-2.070018973679255,0.5316075229142347,2.60162649659349,Above c-Si,0.0,1.0
411300,南阳,河南,2.079737190011436,0.7377951754811077,-0.0004023641226424,0.6659931464241264,1,-2.150820787975971,0.6659931464241264,2.8168139344000975,Above c-Si,0.0,1.0
411400,商丘,河南,1.7604428886292876,0.7275536744413241,-0.002787943818427,0.4049288076238833,1,-2.082577085674697,0.4049288076238833,2.48750589329858,Above c-Si,0.0,1.0
411500,信阳,河南,1.9741312989843425,0.7587595436242508,-0.0017335969361154,0.5721350743233433,1,-2.160345353272841,0.5721350743233433,2.7324804275961845,Above c-Si,0.0,1.0
411600,周口,河南,1.923696546367833,0.7215337222729823,-0.0040440972139177,0.5225002266157075,1,-2.122419379864793,0.5225002266157075,2.6449196064805003,Above c-Si,0.0,1.0
411700,驻马店,河南,1.93721374959196,0.7498193905758938,-0.000325790001399,0.5298902842852282,1,-2.156633767652372,0.5298902842852282,2.6865240519376004,Above c-Si,0.0,1.0
420100,武汉,湖北,2.2486775220340705,0.7475769797831084,0.0020480797387474,0.7754275179780556,1,-2.220060732645324,0.7754275179780556,2.9954882506233798,Above c-Si,0.0,1.0
420200,黄石,湖北,2.335631933515025,0.7558421490322115,0.0001156370768478,0.8721457984680381,1,-2.218384984840049,0.8721457984680381,3.090530783308087,Above c-Si,0.0,1.0
420300,十堰,湖北,1.9689669121485731,0.7814575603055061,-0.003008899764179,0.643958849260895,1,-2.105120585373688,0.643958849260895,2.749079434634583,Above c-Si,0.0,1.0
420500,宜昌,湖北,2.290140926345181,0.7690534742517982,0.0051702615304849,0.8669513019857744,1,-2.190895266825421,0.8669513019857744,3.0578465688111955,Above c-Si,0.0,1.0
420600,襄阳,湖北,2.138821682687353,0.737659347965791,-0.0020070198402439,0.7217365782868912,1,-2.153450345794305,0.7217365782868912,2.8751869240811962,Above c-Si,0.0,1.0
420700,鄂州,湖北,2.30634995000476,0.7574603250006177,0.0023085532479982,0.8402585685501229,1,-2.2226165471671555,0.8402585685501229,3.0628751157172784,Above c-Si,0.0,1.0
420800,荆门,湖北,2.038139549494455,0.7630407483970555,0.0021665035449647,0.6069868055640137,1,-2.1931004661482456,0.6069868055640137,2.8000872717122594,Above c-Si,0.0,1.0
420900,孝感,湖北,2.1057970073274848,0.7462335736943918,-0.0005718472476989,0.6586922615985813,1,-2.1923915248269865,0.6586922615985813,2.851083786425568,Above c-Si,0.0,1.0
421000,荆州,湖北,2.2536568182096706,0.771936576407343,0.0053602644143557,0.791844412126963,1,-2.2326597610539456,0.791844412126963,3.0245041731809086,Above c-Si,0.0,1.0
421100,黄冈,湖北,2.174580915124828,0.7519040170337185,-0.000419871727586,0.7267669486518136,1,-2.198873279278546,0.7267669486518136,2.9256402279303595,Above c-Si,0.0,1.0
421200,咸宁,湖北,2.5439138270838844,0.7345585341027768,0.0035627511017266,1.0294708807297992,1,-2.248233576352998,1.0294708807297992,3.2777044570827973,Above c-Si,0.0,1.0
421300,随州,湖北,1.9555297480136515,0.7614431451543243,-0.003386301370889,0.5499496762298106,1,-2.166780948243352,0.5499496762298106,2.7167306244731626,Above c-Si,0.0,1.0
422800,恩施,湖北,2.28300508121817,0.8281699415784974,0.0063015172813485,0.9560985639934128,1,-2.1539082754358785,0.9560985639934128,3.1100068394292912,Above c-Si,0.0,1.0
430100,长沙,湖南,2.5343350453549665,0.7509278799041583,0.0074691885457389,1.0436822467330575,1,-2.240669851700672,1.0436822467330575,3.2843520984337293,Above c-Si,0.0,1.0
430200,株洲,湖南,2.6813838796036165,0.7508506401760632,0.0061169067943844,1.1472076484803084,1,-2.284118424858206,1.1472076484803084,3.4313260733385142,Above c-Si,0.0,1.0
430300,湘潭,湖南,2.489406680371001,0.7644945786621374,0.0068774632686063,1.0026985184674375,1,-2.250500025656832,1.0026985184674375,3.2531985441242695,Above c-Si,0.0,1.0
430400,衡阳,湖南,2.657218465679249,0.7672358982835803,0.0100973759894595,1.1145800408500106,1,-2.309041446055893,1.1145800408500106,3.4236214869059034,Above c-Si,0.0,1.0
430500,邵阳,湖南,2.645806574028231,0.7868736444065642,0.0099873762635427,1.1304957796938409,1,-2.3015081779796054,1.1304957796938409,3.4320039576734462,Above c-Si,0.0,1.0
430600,岳阳,湖南,2.2948678273804792,0.7728171746388327,0.0088877674932819,0.8404446230158236,1,-2.226279658975816,0.8404446230158236,3.0667242819916396,Above c-Si,0.0,1.0
430700,常德,湖南,2.3151398148377784,0.7911949674085705,0.0069703566123235,0.8670519604137006,1,-2.2380101403707497,0.8670519604137006,3.1050621007844503,Above c-Si,0.0,1.0
430800,张家界,湖南,2.226808214726217,0.8286213664554879,0.0068739273773377,0.8371127932234712,1,-2.2175259219469945,0.8371127932234712,3.0546387151704657,Above c-Si,0.0,1.0
430900,益阳,湖南,2.409803381434365,0.7916528990332757,0.0085239724919028,0.9400164132440604,1,-2.260310234862506,0.9400164132440604,3.200326648106566,Above c-Si,0.0,1.0
431000,郴州,湖南,2.577523918155415,0.7951921037118023,0.0076826803361078,1.0798980142853187,1,-2.291899695565036,1.0798980142853187,3.371797709850355,Above c-Si,0.0,1.0
431100,永州,湖南,2.8031178103344696,0.7622255021230484,0.0093573252840095,1.2704577572530296,1,-2.2938856352334835,1.2704577572530296,3.564343392486513,Above c-Si,0.0,1.0
431200,怀化,湖南,2.2536059152195587,0.8424341540123059,0.0098066489376602,0.8386838334881519,1,-2.2566383434240445,0.8386838334881519,3.0953221769121964,Above c-Si,0.0,1.0
431300,娄底,湖南,2.55703368292729,0.7921782657833462,0.0084489918305563,1.0695546335439454,1,-2.279032796088154,1.0695546335439454,3.3485874296320994,Above c-Si,0.0,1.0
433100,湘西,湖南,2.3359496788345075,0.8380799411735677,0.0103934052415599,0.934395996234194,1,-2.2385930476304217,0.934395996234194,3.1729890438646158,Above c-Si,0.0,1.0
440100,广州,广东,2.909582312725615,0.7588224001952174,0.0152548271657004,1.2969182588568715,1,-2.370753229551348,1.2969182588568715,3.667671488408219,Above c-Si,0.0,1.0
440200,韶关,广东,2.8270526521151558,0.7565157039150913,0.0089266749149552,1.287131943326414,1,-2.294863087821564,1.287131943326414,3.581995031147978,Above c-Si,0.0,1.0
440300,深圳,广东,2.7257868644449865,0.791396805902241,0.0167223347874556,1.0778421872664312,1,-2.4384601775378267,1.0778421872664312,3.516302364804258,Above c-Si,0.0,1.0
440400,珠海,广东,2.5689239986049737,0.8118949412296961,0.015959094295237,0.9165916725100364,1,-2.463414168255884,0.9165916725100364,3.3800058407659206,Above c-Si,0.0,1.0
440500,汕头,广东,2.3702760858713625,0.8190211510064457,0.0143750125249253,0.7701848001625766,1,-2.4184521732863007,0.7701848001625766,3.1886369734488773,Above c-Si,0.0,1.0
440600,佛山,广东,2.884172979432646,0.7710739871504909,0.0154669496514436,1.2903681018499036,1,-2.364282143932228,1.2903681018499036,3.6546502457821317,Above c-Si,0.0,1.0
440700,江门,广东,2.842452663095981,0.7952471605721508,0.0178978365544368,1.2231655758117022,1,-2.4136538236594007,1.2231655758117022,3.636819399471103,Above c-Si,0.0,1.0
440800,湛江,广东,2.885309714205786,0.7773721520350829,0.0176325154551348,1.1674432126499656,1,-2.4942644213126752,1.1674432126499656,3.661707633962641,Above c-Si,0.0,1.0
440900,茂名,广东,2.7992072017599905,0.7889886747001826,0.0186813052081786,1.1605249775060056,1,-2.426826124028492,1.1605249775060056,3.5873511015344977,Above c-Si,0.0,1.0
441200,肇庆,广东,2.914358181595944,0.7587152011727216,0.0150837239234706,1.3404180526410905,1,-2.3317860898024345,1.3404180526410905,3.672204142443525,Above c-Si,0.0,1.0
441300,惠州,广东,2.9699174181929284,0.7512111251433918,0.0168387948236587,1.3145588173097522,1,-2.405512672406596,1.3145588173097522,3.7200714897163483,Above c-Si,0.0,1.0
441400,梅州,广东,2.8445494575012,0.7629399139578238,0.0110958939523291,1.25393969256411,1,-2.352058343133689,1.25393969256411,3.605998035697799,Above c-Si,0.0,1.0
441500,汕尾,广东,2.361807464398861,0.8179479976164231,0.0119914816704036,0.7576044849355812,1,-2.4213559203968726,0.7576044849355812,3.178960405332454,Above c-Si,0.0,1.0
441600,河源,广东,2.8069939258963466,0.7565177218804194,0.013915069977255,1.2156874264667383,1,-2.34640803929117,1.2156874264667383,3.5620954657579085,Above c-Si,0.0,1.0
441700,阳江,广东,2.7161278737514585,0.8096766163426693,0.0189126186425196,1.1061419713016774,1,-2.418749731289971,1.1061419713016774,3.524891702591648,Above c-Si,0.0,1.0
441800,清远,广东,2.912722429783388,0.7510568256289966,0.0131244081740145,1.3527745561833004,1,-2.309931687287148,1.3527745561833004,3.6627062434704483,Above c-Si,0.0,1.0
441900,东莞,广东,2.9048486039096155,0.7570181582270594,0.0159739113646191,1.2594436422991295,1,-2.4017447014344278,1.2594436422991295,3.6611883437335573,Above c-Si,0.0,1.0
442000,中山,广东,2.733217187493745,0.7887869917521956,0.0161909456392606,1.094069889492455,1,-2.42697522440729,1.094069889492455,3.521045113899745,Above c-Si,0.0,1.0
445100,潮州,广东,2.702966534501383,0.7772707078173271,0.014575676719275,1.0765670428901195,1,-2.402632793957382,1.0765670428901195,3.479199836847502,Above c-Si,0.0,1.0
445200,揭阳,广东,2.753950732738105,0.7830517909020599,0.0147927854915463,1.1256258124169083,1,-2.4104472449691383,1.1256258124169083,3.5360730573860466,Above c-Si,0.0,1.0
445300,云浮,广东,2.8846630932108117,0.7700666261324188,0.0142390823205773,1.2891001970005034,1,-2.3645744122760326,1.2891001970005034,3.653674609276536,Above c-Si,0.0,1.0
450100,南宁,广西,2.818497045383417,0.7989664781640425,0.013366001591109,1.2501859668644588,1,-2.3667922934607954,1.2501859668644588,3.6169782603252543,Above c-Si,0.0,1.0
450200,柳州,广西,2.63346177584182,0.8118696103003714,0.0093573465221319,1.1334646419610015,1,-2.3106974037156003,1.1334646419610015,3.4441620456766016,Above c-Si,0.0,1.0
450300,桂林,广西,2.694742380844454,0.7930225813039075,0.0096904026518629,1.2020962681643876,1,-2.284515834953582,1.2020962681643876,3.4866121031179698,Above c-Si,0.0,1.0
450400,梧州,广西,2.790754287818217,0.7658294509600353,0.0131068961126912,1.2171034218898091,1,-2.3383738489415995,1.2171034218898091,3.5554772708314086,Above c-Si,0.0,1.0
450500,北海,广西,2.666357353600113,0.8045783874862322,0.0140598369615663,0.9566988666551924,1,-2.513032309473706,0.9566988666551924,3.4697311761288985,Above c-Si,0.0,1.0
450600,防城港,广西,2.6473641541089923,0.8348827940450404,0.0161304080108508,0.9830651196713668,1,-2.498411751664253,0.9830651196713668,3.48147687133562,Above c-Si,0.0,1.0
450700,钦州,广西,2.762258107640369,0.8106652980324238,0.0157225173346819,1.1063861802587782,1,-2.465481538050718,1.1063861802587782,3.571867718309496,Above c-Si,0.0,1.0
450800,贵港,广西,2.781721977341237,0.7809663181530274,0.0138161648407848,1.226150962726824,1,-2.335274848045965,1.226150962726824,3.561425810772789,Above c-Si,0.0,1.0
450900,玉林,广西,2.8485984693234414,0.7779752389029615,0.0148625865056262,1.2202427370874291,1,-2.4050717163234703,1.2202427370874291,3.6253144534108994,Above c-Si,0.0,1.0
451000,百色,广西,2.624293617400116,0.8097011073641099,0.0071368450631825,1.1029486942609967,1,-2.3303063958785897,1.1029486942609967,3.4332550901395864,Above c-Si,0.0,1.0
451100,贺州,广西,2.832037059718969,0.7595468759814353,0.010824038438395,1.3073205581749514,1,-2.2827038931655386,1.3073205581749514,3.59002445134049,Above c-Si,0.0,1.0
451200,河池,广西,2.506003482916619,0.8412982584402893,0.0096384023071216,1.028535973107414,1,-2.31788646445914,1.028535973107414,3.346422437566554,Above c-Si,0.0,1.0
451300,来宾,广西,2.786259609368757,0.7835306545063888,0.0111051747595958,1.2227517248682762,1,-2.345809197371751,1.2227517248682762,3.568560922240027,Above c-Si,0.0,1.0
451400,崇左,广西,3.048553503152984,0.7884287033352013,0.0144915039022586,1.453705805332972,1,-2.3825652635526384,1.453705805332972,3.83627106888561,Above c-Si,0.0,1.0
460100,海口,海南,2.766910213679696,0.7979718530130651,0.0160127871706716,0.9881575607253223,1,-2.575858647258089,0.9881575607253223,3.5640162079834115,Above c-Si,0.0,1.0
460200,三亚,海南,2.799943236507252,0.8013911802708237,0.021603367171108,0.9995595629037624,1,-2.6009350394187947,0.9995595629037624,3.600494602322557,Above c-Si,0.0,1.0
460300,三沙,海南,2.409917361641893,0.8403153886415956,0.0130844891017112,0.518613916846844,1,-2.730905544102291,0.518613916846844,3.249519460949135,Above c-Si,0.0,1.0
460400,儋州,海南,2.9373507214842447,0.7495418492097042,0.0121741573905209,1.2195565165235234,1,-2.4661548220373475,1.2195565165235234,3.685711338560871,Above c-Si,0.0,1.0
500000,重庆,重庆,2.461519275464589,0.8227845015275217,0.0112267018237859,1.1346065669586736,1,-2.148681059128465,1.1346065669586736,3.2832876260871386,Above c-Si,0.0,1.0
510100,成都,四川,2.338383822959567,0.7980563379524689,0.0055684475046442,1.0143494751401194,1,-2.121310919097508,1.0143494751401194,3.1356603942376275,Above c-Si,0.0,1.0
510300,自贡,四川,2.798684854762927,0.8017198538782466,0.0156578164410725,1.419091239772352,1,-2.180780349576361,1.419091239772352,3.599871589348713,Above c-Si,0.0,1.0
510400,攀枝花,四川,2.888833822672592,0.6371960648865213,-0.0082002590161667,1.2828739270069445,1,-2.2433399739660187,1.2828739270069445,3.526213900972963,Above c-Si,0.0,1.0
510500,泸州,四川,2.480149083496297,0.8788379254223933,0.0090247940984999,1.1601838412477194,1,-2.1981497310653464,1.1601838412477194,3.358333572313066,Above c-Si,0.0,1.0
510600,德阳,四川,2.2949845598920624,0.8002317460412208,0.0077843024474777,1.0014974965365298,1,-2.093060558101268,1.0014974965365298,3.0945580546377975,Above c-Si,0.0,1.0
510700,绵阳,四川,1.9876236797189268,0.7938678467763897,0.0050054626163364,0.730968451050118,1,-2.0501815209562624,0.730968451050118,2.7811499720063804,Above c-Si,0.0,1.0
510800,广元,四川,1.9768569186452385,0.8059299641974271,0.0074507773818677,0.7275834003528825,1,-2.054311713172774,0.7275834003528825,2.7818951135256564,Above c-Si,0.0,1.0
510900,遂宁,四川,2.412764511586455,0.7918363397908229,0.0102710599899409,1.0796744084193843,1,-2.1237111850372803,1.0796744084193843,3.2033855934566646,Above c-Si,0.0,1.0
511000,内江,四川,2.793744146632104,0.7865669869133137,0.0144338469842408,1.3901572222272618,1,-2.189286183623007,1.3901572222272618,3.579443405850269,Above c-Si,0.0,1.0
511100,乐山,四川,2.5740774300354228,0.8597629102581846,0.0129238116073686,1.2681637817228977,1,-2.164880198173924,1.2681637817228977,3.433043979896822,Above c-Si,0.0,1.0
511300,南充,四川,2.407481703690243,0.7917569268074446,0.0103511667208011,1.0908118530985833,1,-2.106997659666976,1.0908118530985833,3.1978095127655592,Above c-Si,0.0,1.0
511400,眉山,四川,2.357086410150156,0.8186424502069745,0.0101216909129786,1.0399033068316132,1,-2.1349856930333644,1.0399033068316132,3.1748889998649776,Above c-Si,0.0,1.0
511500,宜宾,四川,2.623426415954925,0.8682071383499745,0.0097400322176088,1.3168786737011384,1,-2.174316313426694,1.3168786737011384,3.4911949871278325,Above c-Si,0.0,1.0
511600,广安,四川,2.594065140642336,0.8073043988518528,0.0149338506503449,1.3065579141041894,1,-2.0935807627044944,1.3065579141041894,3.400138676808684,Above c-Si,0.0,1.0
511700,达州,四川,2.420516313909878,0.7962909048648049,0.0107235885470569,1.0994396856478297,1,-2.1160264531238315,1.0994396856478297,3.215466138771661,Above c-Si,0.0,1.0
511800,雅安,四川,1.4856848125696651,0.8778685581427248,-0.0019433970174009,0.262444580145571,1,-2.101401380062895,0.262444580145571,2.363845960208466,Above c-Si,0.0,1.0
511900,巴中,四川,2.270157953211601,0.8072196994651559,0.0092108792499767,0.989939093449399,1,-2.086261969694403,0.989939093449399,3.076201063143802,Above c-Si,0.0,1.0
512000,资阳,四川,2.543932228086591,0.7982623973580923,0.0118185972228235,1.188108670840471,1,-2.153193152435462,1.188108670840471,3.341301823275933,Above c-Si,0.0,1.0
513200,阿坝,四川,0.3828800010851026,0.7556290485882503,-0.009589757242101,-0.7056014385013465,0,-1.844517866926898,-0.7056014385013465,1.1389164284255515,"Both positive, below c-Si",2.1,3.1
513300,甘孜,四川,0.1110127373110336,0.7920832525106523,-0.0123136054186345,-0.9692709067326776,0,-1.8732066050269447,-0.9692709067326776,0.9039356982942671,"Both positive, below c-Si",2.1,3.1
513400,凉山,四川,1.5738252945070623,0.7903447002417666,-0.0088941875133641,0.2153910450901852,1,-2.148545771409227,0.2153910450901852,2.3639368164994123,Above c-Si,0.0,1.0
520100,贵阳,贵州,1.101331858469279,1.007982283523886,-0.004823479710037,-0.1223519658342886,0,-2.230979055063476,-0.1223519658342886,2.1086270892291874,"Both positive, below c-Si",2.1,3.1
520200,六盘水,贵州,1.0399499417491371,0.9936796913900814,-0.0088401417499435,-0.227060293350656,0,-2.2609064436335924,-0.227060293350656,2.0338461502829364,"Both positive, below c-Si",2.1,3.1
520300,遵义,贵州,2.033725378373967,0.9391046963034758,0.0068877781776555,0.7619708377267553,1,-2.209958518661692,0.7619708377267553,2.9719293563884475,Above c-Si,0.0,1.0
520400,安顺,贵州,1.029335167986171,1.0059396928603246,-0.0018512082097688,-0.1985243521986479,0,-2.233361788845367,-0.1985243521986479,2.0348374366467192,"Both positive, below c-Si",2.1,3.1
520500,毕节,贵州,0.9697513266277548,0.9992431123525064,-0.012460532379499,-0.2584219863640435,0,-2.227406711314861,-0.2584219863640435,1.9689847249508174,"Both positive, below c-Si",2.1,3.1
520600,铜仁,贵州,2.0934335196728755,0.8987919566043318,0.0091475538374181,0.7459675703210822,1,-2.245598393093096,0.7459675703210822,2.9915659634141782,Above c-Si,0.0,1.0
522300,黔西南,贵州,1.5599174281257415,0.9306293156113457,-0.0022755126156348,0.2210898462937649,1,-2.269340675310605,0.2210898462937649,2.49043052160437,Above c-Si,0.0,1.0
522600,黔东南,贵州,1.7504632716662396,0.9212376529620556,0.0020493700391033,0.4094106241590234,1,-2.26147014764686,0.4094106241590234,2.6708807718058836,Above c-Si,0.0,1.0
522700,黔南,贵州,1.442954299983131,0.958262089527684,-7.028924529128844e-05,0.1368760607667996,1,-2.26367345851094,0.1368760607667996,2.4005495192777397,Above c-Si,0.0,1.0
530100,昆明,云南,1.2722422745257516,0.8565545623636835,-0.008021815113079,-0.1434985865582771,0,-2.2724356092108544,-0.1434985865582771,2.1289370226525772,"Both positive, below c-Si",2.1,3.1
530300,曲靖,云南,1.109805786328703,0.908610613403127,-0.0083520629038607,-0.2260987533134195,0,-2.24494570123468,-0.2260987533134195,2.0188469479212605,"Both positive, below c-Si",2.1,3.1
530400,玉溪,云南,1.6278314245381509,0.847060585733117,-0.0092484454781049,0.1543676985638287,1,-2.3207104782097088,0.1543676985638287,2.4750781767735375,Above c-Si,0.0,1.0
530500,保山,云南,2.400589930895402,0.7297228484997068,-0.0184366585142869,0.8149236995354636,1,-2.314948568160191,0.8149236995354636,3.1298722676956547,Above c-Si,0.0,1.0
530600,昭通,云南,1.5019491783217152,0.9407038575918476,-0.0104054479859727,0.2051548608960729,1,-2.2372802160333216,0.2051548608960729,2.4424350769293945,Above c-Si,0.0,1.0
530700,丽江,云南,1.5882466494386591,0.7621497728088807,-0.0112675653681115,0.1578064778672283,1,-2.193152721941094,0.1578064778672283,2.3509591998083224,Above c-Si,0.0,1.0
530800,普洱,云南,2.626546052890621,0.7264867535752062,-0.0123517196668032,1.0042345150830023,1,-2.348626469123538,1.0042345150830023,3.3528609842065404,Above c-Si,0.0,1.0
530900,临沧,云南,2.461051258716473,0.7255800201238727,-0.0112581659398314,0.8588260810233894,1,-2.3277860794448046,0.8588260810233894,3.186612160468194,Above c-Si,0.0,1.0
532300,楚雄,云南,1.6888925054433883,0.7700342806219673,-0.0128261646997973,0.2235409709991476,1,-2.235744582886401,0.2235409709991476,2.4592855538855485,Above c-Si,0.0,1.0
532500,红河,云南,1.894646292394923,0.8708663082801049,-0.0020455887792314,0.3851195485624625,1,-2.380290852432898,0.3851195485624625,2.7654104009953606,Above c-Si,0.0,1.0
532600,文山,云南,1.9518345101156207,0.8762506210515145,-0.0003241454316627,0.4666035980127381,1,-2.360807117287489,0.4666035980127381,2.827410715300227,Above c-Si,0.0,1.0
532800,西双版纳,云南,3.7609121261814926,0.6255724978155297,-0.0026544168389541,1.9439658657297576,1,-2.4406482063641377,1.9439658657297576,4.384614072093895,Above c-Si,0.0,1.0
532900,大理,云南,1.8798323191016637,0.7806711975774131,-0.0157786052328856,0.3863162382795604,1,-2.274112287092278,0.3863162382795604,2.6604285253718385,Above c-Si,0.0,1.0
533100,德宏,云南,2.872742010991969,0.6891549147421775,-0.015554184258959,1.2067485204363182,1,-2.354667730029736,1.2067485204363182,3.561416250466054,Above c-Si,0.0,1.0
533300,怒江,云南,1.7886817325950914,0.793395438116784,-0.0164443746503151,0.3514361630990281,1,-2.230707982720348,0.3514361630990281,2.582144145819376,Above c-Si,0.0,1.0
533400,迪庆,云南,0.5156143428894921,0.8240284303292933,-0.0124252478572395,-0.7370076008451631,0,-2.0770192090163064,-0.7370076008451631,1.3400116081711433,"Both positive, below c-Si",2.1,3.1
540100,拉萨,西藏,0.1323943878032807,0.6884436493511151,-0.0137240600023069,-0.9681248015519506,0,-1.7893043531286734,-0.9681248015519506,0.8211795515767228,"Both positive, below c-Si",2.1,3.1
540200,日喀则,西藏,0.323025042890405,0.634688762676372,-0.0167620975536131,-0.802663052188457,0,-1.7608456926952676,-0.802663052188457,0.9581826405068106,"Both positive, below c-Si",2.1,3.1
540300,昌都,西藏,0.0448917959259202,0.7609291504512986,-0.0109265401007196,-0.9962470271284496,0,-1.8029383747478644,-0.9962470271284496,0.8066913476194149,"Both positive, below c-Si",2.1,3.1
540400,林芝,西藏,0.0404555805738133,0.852570959995221,-0.0091426956290936,-1.0421491311387363,0,-1.9355777209660416,-1.0421491311387363,0.8934285898273053,"Both positive, below c-Si",2.1,3.1
540500,山南,西藏,0.3891361254151311,0.7106818416504993,-0.0151917777751364,-0.736692190994015,0,-1.8368820253966245,-0.736692190994015,1.1001898344026095,"Both positive, below c-Si",2.1,3.1
540600,那曲,西藏,-0.128869561632768,0.6620564429229129,-0.0091848585974552,-1.139289727023307,0,-1.6725926121428647,-1.139289727023307,0.5333028851195576,Thermal nonpositive,4.2,5.2
542500,阿里,西藏,0.0290459252452931,0.6020399030163456,-0.0111691796868429,-0.9418555782576444,0,-1.5728175134138933,-0.9418555782576444,0.6309619351562489,"Both positive, below c-Si",2.1,3.1
610100,西安,陕西,2.5135142099166194,0.665277888695881,-0.0054086918477191,1.0630048705253747,1,-2.1150332683857243,1.0630048705253747,3.178038138911099,Above c-Si,0.0,1.0
610200,铜川,陕西,1.953824736886312,0.6774957466484303,-0.0076535362245055,0.5931099195195966,1,-2.037547408375595,0.5931099195195966,2.6306573278951917,Above c-Si,0.0,1.0
610300,宝鸡,陕西,1.74783441373921,0.7121235417622884,-0.0119438205171129,0.4645529373936474,1,-1.995099681795387,0.4645529373936474,2.4596526191890344,Above c-Si,0.0,1.0
610400,咸阳,陕西,2.11191225913252,0.6715360838933057,-0.0073342013452553,0.7204451693388902,1,-2.062423907474731,0.7204451693388902,2.782869076813621,Above c-Si,0.0,1.0
610500,渭南,陕西,2.081223732241192,0.6650053598862282,-0.0064976810353778,0.688020102933784,1,-2.0574002044200124,0.688020102933784,2.7454203073537964,Above c-Si,0.0,1.0
610600,延安,陕西,1.1464035661348235,0.7147441761877168,-0.0065304402979695,-0.0820897107343565,0,-1.942336341992168,-0.0820897107343565,1.8602466312578114,"Both positive, below c-Si",2.1,3.1
610700,汉中,陕西,2.102637354972717,0.7519350817836129,-0.000762001248022,0.7890776537549771,1,-2.064563570099309,0.7890776537549771,2.853641223854286,Above c-Si,0.0,1.0
610800,榆林,陕西,0.7190224532484857,0.6903386640827828,-0.0018871169744307,-0.4166558499854922,0,-1.8250880537895031,-0.4166558499854922,1.408432203804011,"Both positive, below c-Si",2.1,3.1
610900,安康,陕西,2.3898954921754867,0.746362723560153,-0.0016639421812625,1.0219711511780805,1,-2.1136546241850684,1.0219711511780805,3.135625775363149,Above c-Si,0.0,1.0
611000,商洛,陕西,1.935908446350032,0.7385618592721429,-0.0078565126860885,0.598903549752583,1,-2.075004410249781,0.598903549752583,2.673907960002364,Above c-Si,0.0,1.0
620100,兰州,甘肃,0.7836391501855703,0.6294850986791835,-0.0236944729927304,-0.3688273181749468,0,-1.782468524547265,-0.3688273181749468,1.413641206372318,"Both positive, below c-Si",2.1,3.1
620200,嘉峪关,甘肃,0.7213744920519183,0.5548027766469641,-0.0152157958635767,-0.3649181107850507,0,-1.6409250053366131,-0.3649181107850507,1.2760068945515624,"Both positive, below c-Si",2.1,3.1
620300,金昌,甘肃,0.7626024317896868,0.5697983113494195,-0.0234056637542392,-0.3624521233819733,0,-1.6951719154059577,-0.3624521233819733,1.3327197920239844,"Both positive, below c-Si",2.1,3.1
620400,白银,甘肃,0.6292706611783384,0.6581095752266656,-0.0191803931141596,-0.4905434043614209,0,-1.7781388873978177,-0.4905434043614209,1.2875954830363967,"Both positive, below c-Si",2.1,3.1
620500,天水,甘肃,0.6460696133310831,0.7853008417619266,-0.015459270734641,-0.4750780355779582,0,-1.907016457838273,-0.4750780355779582,1.4319384222603146,"Both positive, below c-Si",2.1,3.1
620600,武威,甘肃,0.7837388464045877,0.5643835115619426,-0.0186890912408976,-0.3307498086122407,0,-1.6792788697215122,-0.3307498086122407,1.3485290611092715,"Both positive, below c-Si",2.1,3.1
620700,张掖,甘肃,0.9670419490432014,0.5050721588907588,-0.0200796393946545,-0.173866996299532,0,-1.646162934263662,-0.173866996299532,1.4722959379641298,"Both positive, below c-Si",2.1,3.1
620800,平凉,甘肃,0.8236258254051942,0.7551283238253159,-0.0149098690386595,-0.33716770350668,0,-1.916401401619361,-0.33716770350668,1.5792336981126809,"Both positive, below c-Si",2.1,3.1
620900,酒泉,甘肃,0.8201502480731927,0.5078147608407118,-0.018116541790303,-0.2866756682449622,0,-1.6148100412897717,-0.2866756682449622,1.3281343730448094,"Both positive, below c-Si",2.1,3.1
621000,庆阳,甘肃,0.8955421897866946,0.7302039039175442,-0.0088685291505292,-0.2926691553659877,0,-1.9180563609967891,-0.2926691553659877,1.6253872056308014,"Both positive, below c-Si",2.1,3.1
621100,定西,甘肃,0.4966836413742663,0.7196489063386288,-0.0210657878438769,-0.6179123123928987,0,-1.8347920939493667,-0.6179123123928987,1.216879781556468,"Both positive, below c-Si",2.1,3.1
621200,陇南,甘肃,0.8589488634577647,0.8286504223599963,-0.0087665086950017,-0.2890358788143143,0,-1.976812684250373,-0.2890358788143143,1.6877768054360587,"Both positive, below c-Si",2.1,3.1
622900,临夏,甘肃,0.6531035159434798,0.65810126458364,-0.0213865730202544,-0.4739732957214748,0,-1.7855180544047888,-0.4739732957214748,1.311544758683314,"Both positive, below c-Si",2.1,3.1
623000,甘南,甘肃,0.0623302882647225,0.7326211639123947,-0.0135311991967701,-0.9816799925703612,0,-1.7767230564703085,-0.9816799925703612,0.7950430638999473,"Both positive, below c-Si",2.1,3.1
630100,西宁,青海,0.3869240012644807,0.6000283030557477,-0.0176722383116167,-0.6652583795763056,0,-1.6525627811012522,-0.6652583795763056,0.9873044015249466,"Both positive, below c-Si",2.1,3.1
630200,海东,青海,0.5325626694268726,0.6329681936110202,-0.01769633725166,-0.5423347394153399,0,-1.7082168550380803,-0.5423347394153399,1.1658821156227404,"Both positive, below c-Si",2.1,3.1
632200,海北,青海,0.4678175710811897,0.5671109717501547,-0.0170985685174374,-0.5880002401420725,0,-1.6232190122882906,-0.5880002401420725,1.035218772146218,"Both positive, below c-Si",2.1,3.1
632300,黄南,青海,-0.0228954780447451,0.7020271455837355,-0.0138447916385064,-1.0020082681444054,0,-1.68135451720679,-1.0020082681444054,0.6793462490623847,Thermal nonpositive,4.2,5.2
632500,海南,青海,0.080874043660306,0.645686596461322,-0.0139491835322578,-0.92035686076003,0,-1.6473083202137695,-0.92035686076003,0.7269514594537395,"Both positive, below c-Si",2.1,3.1
632600,果洛,青海,-0.4476591301659746,0.7271559552828357,-0.0084639197678868,-1.365818531990548,0,-1.645682308012841,-1.365818531990548,0.27986377602229306,Thermal nonpositive,4.2,5.2
632700,玉树,青海,-0.4371108693313104,0.7323149751138088,-0.0081938748255125,-1.345389615150938,0,-1.6408760943909084,-1.345389615150938,0.2954864792399705,Thermal nonpositive,4.2,5.2
632800,海西,青海,0.1902076128495096,0.6013961293191946,-0.0134939296812186,-0.8209052287068364,0,-1.61277026947112,-0.8209052287068364,0.7918650407642835,"Both positive, below c-Si",2.1,3.1
640100,银川,宁夏,1.1160354525202991,0.5854521280807953,-0.0162528319828436,-0.0683138696430996,0,-1.7693876661127428,-0.0683138696430996,1.7010737964696432,"Both positive, below c-Si",2.1,3.1
640200,石嘴山,宁夏,1.3374997062590228,0.5478722564609018,-0.0171114561956065,0.0920336744433703,1,-1.7934181525603443,0.0920336744433703,1.8854518270037146,Above c-Si,0.0,1.0
640300,吴忠,宁夏,0.8363207106068082,0.6444470498733277,-0.0131614551236227,-0.3066661404673709,0,-1.78699187262521,-0.3066661404673709,1.4803257321578391,"Both positive, below c-Si",2.1,3.1
640400,固原,宁夏,0.2844855029458933,0.7641982453435355,-0.0116739385848552,-0.781904808736622,0,-1.8309506356138705,-0.781904808736622,1.0490458268772485,"Both positive, below c-Si",2.1,3.1
640500,中卫,宁夏,0.5989716193318043,0.6593740088491081,-0.0130556248924773,-0.5016378198369753,0,-1.7596749548224655,-0.5016378198369753,1.2580371349854902,"Both positive, below c-Si",2.1,3.1
650100,乌鲁木齐,新疆,1.269308956629874,0.4596087158449686,-0.0157916149580494,0.0759673902492874,1,-1.6519658915028157,0.0759673902492874,1.7279332817521031,Above c-Si,0.0,1.0
650200,克拉玛依,新疆,1.2427870106146397,0.4665598145413452,-0.0055856759442085,0.0789988107072092,1,-1.6298458024061824,0.0789988107072092,1.7088446131133916,Above c-Si,0.0,1.0
650400,吐鲁番,新疆,2.177293538535156,0.3737653315103302,-0.0142262292647465,0.8038447843891294,1,-1.7470926287033506,0.8038447843891294,2.55093741309248,Above c-Si,0.0,1.0
650500,哈密,新疆,1.6207647966913503,0.4161496629701888,-0.0194827305349143,0.3891125937810491,1,-1.647943020532805,0.3891125937810491,2.037055614313854,Above c-Si,0.0,1.0
652300,昌吉,新疆,1.519229973387456,0.4297252701192706,-0.0139835186477974,0.29898252291225,1,-1.6492578616639997,0.29898252291225,1.9482403845762497,Above c-Si,0.0,1.0
652700,博州,新疆,1.5662580989542765,0.4881314226715375,-0.0063199753952858,0.3271744619309791,1,-1.7261292286443686,0.3271744619309791,2.0533036905753477,Above c-Si,0.0,1.0
652800,巴州,新疆,1.447508307031157,0.4799601313881611,-0.013005089790874,0.1796500424946057,1,-1.747776077902763,0.1796500424946057,1.9274261203973686,Above c-Si,0.0,1.0
652900,阿克苏,新疆,1.8789639259228013,0.4727784006826126,-0.0144255278389904,0.5288901264410173,1,-1.8225632479844656,0.5288901264410173,2.351453374425483,Above c-Si,0.0,1.0
653000,克州,新疆,2.112479792610252,0.4558061425186776,-0.0250845198418667,0.6935571072809177,1,-1.8744553200177203,0.6935571072809177,2.5680124272986378,Above c-Si,0.0,1.0
653100,喀什,新疆,1.9194041723369288,0.4690788298559695,-0.0232904763584391,0.5391011250589717,1,-1.8494128514456527,0.5391011250589717,2.3885139765046244,Above c-Si,0.0,1.0
653200,和田,新疆,1.4310718928700654,0.4778146897484827,-0.020023536081992,0.1709259470780377,1,-1.7385914499471578,0.1709259470780377,1.9095173970251955,Above c-Si,0.0,1.0
654000,伊犁,新疆,1.6033791217586266,0.4766296543274169,-0.0074215623045992,0.3388696811629454,1,-1.7402204439255775,0.3388696811629454,2.079090125088523,Above c-Si,0.0,1.0
654200,塔城,新疆,1.2879932852800202,0.4640686266080236,-0.0079970357178771,0.1205374426534788,1,-1.6307405158341504,0.1205374426534788,1.7512779584876292,Above c-Si,0.0,1.0
654300,阿勒泰,新疆,0.8038699863402813,0.5012781277996906,-0.009647812445257,-0.2230919809765419,0,-1.5274194884903003,-0.2230919809765419,1.3043275075137584,"Both positive, below c-Si",2.1,3.1
