elapsed_days,ambient_temperature_c,tandem_cell_temperature_c,irradiance_suns,jsc_a,voc_v,fill_factor,power_density_w_m2,pce_pct,day_cluster,model_lumped_power_w,model_matched_power_w,measured_relative_efficiency,model_relative_efficiency,sensitivity_relative_efficiency
0.0,32.9,47.5,0.91781,0.02225,1.65698,0.66677,21.05144,22.9367,0,5.915004387548125,5.863022903759639,0.9547995152883562,1.00871908624926,1.0100279011421651
0.0,32.5,46.9,0.90841,0.02194,1.66004,0.66771,20.82689,22.92688,0,5.867696378363495,5.817457675111991,0.9543907323666574,1.0112365508522447,1.0119025651268414
0.00694,32.8,46.4,0.88433,0.02127,1.65866,0.67721,20.46478,23.14154,0,5.726066641780895,5.678059418820466,0.9633265105715342,1.0138810536362524,1.0128603204402242
0.01389,32.2,46.4,0.87179,0.02097,1.65844,0.67662,20.15401,23.11783,0,5.647223022965808,5.599830509269842,0.9623395204418518,1.0142953444242035,1.012377370318791
0.02083,32.6,46.4,0.82806,0.02001,1.65435,0.66968,18.9909,22.93413,0,5.371418093268853,5.326187343143426,0.9546925323852232,1.0156780449404288,1.0105280119792819
0.02778,33.3,46.5,0.78832,0.01895,1.64999,0.6719,17.99052,22.82138,0,5.117989470300491,5.074559819710266,0.9499990217516638,1.0164763166776045,1.008243154475522
0.03472,32.6,45.8,0.76496,0.01847,1.65116,0.6685,17.46399,22.83002,0,4.980751567998189,4.939777612098386,0.9503586841186169,1.0196945637010546,1.0095507713539844
0.04167,32.8,44.2,0.72949,0.01791,1.65119,0.66661,16.88398,23.14501,0,4.778623179976643,4.742219522217162,0.9634709583045581,1.0265113223598417,1.0133125073460347
0.04861,32.9,43.7,0.70185,0.01734,1.65075,0.66829,16.38835,23.35015,0,4.607946110045831,4.573680866020252,0.9720104418643664,1.0290180350383038,1.0133572834143674
0.0625,32.9,44.0,0.64601,0.0162,1.64487,0.66246,15.11877,23.40327,0,4.242120944312964,4.209936512805538,0.9742216993797072,1.029052989392235,1.008196142669335
0.06944,32.9,44.0,0.62194,0.0154,1.64013,0.65909,14.26062,22.92936,0,4.085744020267007,4.054690078402853,0.9544939687868013,1.029462681496312,1.00622585921116
0.07639,32.6,42.8,0.58048,0.01427,1.63595,0.65553,13.1048,22.57565,0,3.8303047505313095,3.802937943690321,0.9397698743637742,1.0345069446047592,1.0068405090504182
0.08333,32.5,41.7,0.56368,0.01375,1.63536,0.64866,12.49134,22.16054,0,3.7332489564705624,3.708184737488703,0.9224898459904097,1.038795761682308,1.0091753914553236
0.09028,32.2,41.1,0.52835,0.01278,1.6324,0.64217,11.47485,21.71837,0,3.506988791027773,3.484225929895062,0.9040833750649909,1.0413243634550762,1.0075802256240332
0.11111,32.5,38.7,0.41125,0.00978,1.61392,0.62392,8.43674,20.51466,0,2.7499317317446397,2.7346032924643753,0.8539758301894096,1.0500013421438228,1.000315228991788
0.13194,31.3,35.6,0.27493,0.0066,1.58389,0.57211,5.12406,18.63777,0,1.8490692885655595,1.8410089141377903,0.7758454251071805,1.0573899835138547,0.9825155311671806
0.13889,31.2,34.0,0.21254,0.00537,1.56762,0.55115,3.97767,18.71529,0,1.430574326135029,1.4252540089260015,0.7790723957884534,1.0588953174495261,0.9683376314604996
0.8125,27.5,34.1,0.30698,0.00954,1.57991,0.63927,8.25367,26.88668,0,2.077635125001012,2.0698759898710537,1.1192276583690393,1.0647206517286534,0.996113814068764
0.83333,28.9,41.7,0.52493,0.0133,1.60478,0.67738,12.38235,23.58861,0,3.47768513664245,3.454269807444966,0.9819369566819147,1.0390974900608536,1.005020781725274
0.84028,29.3,42.5,0.42023,0.01086,1.59263,0.66573,9.85878,23.46056,0,2.7761765489152217,2.7564412345879914,0.9766065439402094,1.0357694983263448,0.9880792405091805
0.84722,29.6,41.9,0.62778,0.01525,1.62447,0.67457,14.31548,22.80341,0,4.1514914508795355,4.123421905325973,0.949250973981508,1.037174261647055,1.0143509827444046
0.85417,29.6,44.4,0.54971,0.01353,1.60251,0.63567,11.80251,21.47024,0,3.6097906149972685,3.5816267365372925,0.8937543214640589,1.0288406584956065,0.9979501876788041
0.86111,29.9,45.4,0.51339,0.0131,1.60953,0.68026,12.28526,23.92968,0,3.3611037483959376,3.333460782420986,0.9961348783829179,1.025296270945598,0.9903063798189388
0.86806,31.2,49.9,0.76125,0.0187,1.62812,0.68038,17.73882,23.3021,0,4.891657149437376,4.843532712422018,0.9700102362240778,1.0046999124084857,0.9944054991041893
0.875,31.6,48.3,0.46652,0.01263,1.59197,0.61563,10.59879,22.71863,0,3.025362498183138,2.996867908000794,0.9457217870057816,1.0143755367045342,0.9739601400660302
0.88194,32.2,52.8,0.76895,0.01901,1.62552,0.68413,18.10713,23.54799,0,4.8933223626328815,4.839662558228868,0.9802460440261702,0.9938444421772896,0.9842752293467354
0.88889,32.6,50.8,0.86766,0.0212,1.64431,0.69165,20.65494,23.80523,0,5.541552195343824,5.48555123754142,0.9909543249607763,0.9983254261708226,0.9961443267993831
0.89583,33.0,50.2,0.87635,0.02141,1.64696,0.69175,20.88736,23.83441,0,5.6064354658208595,5.551120578472174,0.992169018001018,1.000240655428878,0.9986722293125544
0.90278,33.7,51.2,0.87735,0.0213,1.64155,0.66453,19.89789,22.67954,0,5.594327386107248,5.536969678739023,0.9440945645608517,0.9965536809744745,0.9950613921834576
0.90972,33.5,51.6,0.91567,0.02242,1.65183,0.69261,21.96788,23.99104,0,5.8234228596563264,5.762997348424954,0.9986891472297047,0.9938271728468475,0.9949726523371785
0.91667,33.2,52.3,0.92379,0.02263,1.65325,0.69391,22.23435,24.06865,0,5.8599053126517155,5.797557696125593,1.0019198643939669,0.9909990894197748,0.9926845378282313
0.92361,33.1,50.0,0.87393,0.02187,1.65966,0.71115,22.10703,25.29605,0,5.595049568480682,5.540269921833328,1.0530135668474552,1.0010498593130035,0.999308821174866
0.93056,33.3,50.9,0.94416,0.02317,1.66031,0.69394,22.86529,24.2176,0,6.012291415738148,5.9516681822469835,1.0081202937409173,0.9953929166206911,0.998435083137892
0.9375,33.4,49.8,0.85541,0.02126,1.65115,0.64251,19.31457,22.57924,0,5.483350053641903,5.4300121422699315,0.9399193174074503,1.0023696547174215,0.9992983689013522
0.94444,33.4,49.7,0.95769,0.02376,1.66978,0.68985,23.44222,24.47783,0,6.119349859386169,6.060541240382056,1.0189530411659387,0.9992816006561084,1.0032202689898841
0.95139,33.2,47.3,0.64986,0.01765,1.65821,0.73611,18.45299,28.39541,0,4.2219277328736124,4.184382420116094,1.1820324503705477,1.016747224166896,0.9965068384343552
0.95833,33.8,50.5,0.94416,0.0233,1.66462,0.68863,22.87669,24.22967,0,6.0201557930375245,5.960380662073481,1.0086227387373434,0.996850044343531,0.9998966642028199
0.96528,34.1,51.0,0.94046,0.02304,1.66254,0.68959,22.62175,24.05402,0,5.987572709117862,5.9269502718710525,1.0013108527702952,0.9951587995579154,0.9979572736572407
0.97222,34.0,50.3,0.92735,0.02298,1.66519,0.68603,22.48428,24.24573,0,5.920402838849241,5.861996454887987,1.0092912778129528,0.9981672303550382,1.0001033357971802
0.97917,34.0,49.9,0.9235,0.02265,1.66878,0.69131,22.3799,24.23368,0,5.904324380229375,5.8469709899979545,1.008789665368302,0.9997593445711218,1.0014401974641054
0.98611,33.4,49.4,0.9104,0.02253,1.67117,0.69349,22.36457,24.56568,0,5.8327305599166595,5.777145054661514,1.022610024839182,1.0020339954605566,1.0028299947053616
0.99306,33.5,48.8,0.94615,0.0232,1.67475,0.69215,23.0365,24.34751,0,6.065886808106794,6.009649283275649,1.0135281337977307,1.0029760597513668,1.0061727389234714
1.0,33.2,43.4,0.45613,0.01279,1.64656,0.71715,12.93889,28.36699,1,3.0054961649188066,2.9830959300885382,1.181726987517856,1.0310565703831622,0.9887418001419293
1.00694,33.1,46.2,0.85413,0.02123,1.67418,0.69603,21.19331,24.81272,1,5.539565252098548,5.493444007654307,1.0336613386800662,1.0139689072379474,1.0109182328809123
1.01389,33.8,46.6,0.76211,0.0191,1.66038,0.66939,18.1797,23.85449,1,4.949802255203754,4.907520076589107,0.993742889410361,1.0151923496222026,1.005009892085593
1.02083,33.6,47.6,0.80256,0.01981,1.66578,0.68819,19.45335,24.239,1,5.189837010180034,5.1436130611408775,1.0097610092027849,1.0104031501395445,1.0034811120005023
1.02778,33.5,47.4,0.80556,0.01974,1.66566,0.68656,19.33229,23.9987,1,5.212150222208952,5.166146007058149,0.9997504654298806,1.0110501419838553,1.0043559785241694
1.03472,34.1,46.5,0.75328,0.01845,1.66206,0.68067,17.88174,23.73863,1,4.895172356872772,4.853520747749678,0.9889163326000044,1.0157910107830768,1.0048762213359075
1.04167,34.2,46.0,0.74444,0.01826,1.66278,0.68471,17.80751,23.92055,1,4.846634905080836,4.806320765697637,0.996494851631077,1.0178574568550185,1.0061837734867274
1.04861,33.7,45.0,0.57464,0.0149,1.65273,0.70378,14.84343,25.83065,1,3.765298726806619,3.7350733376054515,1.0760668019457864,1.0247246695972447,0.9968427160377842
1.05556,33.6,45.2,0.70484,0.01743,1.66131,0.67786,16.8075,23.84574,1,4.6050640968614935,4.5680960479182895,0.9933783773087675,1.0217592916735903,1.006623615150588
1.0625,33.4,44.9,0.66539,0.01658,1.6583,0.68092,16.03346,24.09652,1,4.355174755967725,4.320624677528821,1.0038255024330662,1.023703489635373,1.0049438983221077
1.07639,33.1,43.1,0.60584,0.01531,1.65824,0.67571,14.69721,24.25923,1,3.9924586136634717,3.9635100410896142,1.010603761181669,1.03139715835229,1.0066280506202738
1.08333,32.9,42.1,0.58305,0.01458,1.65693,0.67487,13.96045,23.94392,1,3.855762220685519,3.829296770557592,0.9974684113812758,1.0354214016080252,1.0081561462589017
1.09028,33.1,41.6,0.53746,0.01337,1.65214,0.67208,12.71845,23.66382,1,3.5615498164424673,3.5377347057781834,0.9857998582776949,1.0377267834377932,1.0053132168538486
1.09722,32.6,40.6,0.49758,0.0123,1.64846,0.66573,11.5598,23.23214,1,3.308445904322591,3.2875877879371,0.9678167058187379,1.0416416920801843,1.0042937508721312
1.10417,32.7,39.9,0.38034,0.0112,1.64311,0.66261,10.44531,27.46294,1,2.5322226919957247,2.5168392969398394,1.1440655971812175,1.0432476032984204,0.989224730180689
1.125,31.8,36.9,0.35484,0.00848,1.62715,0.63661,7.52199,21.19807,1,2.3838913081898747,2.3722971421917056,0.8830803480486522,1.0539995529726724,0.9951289281579943
1.14583,31.5,34.6,0.23433,0.00568,1.59543,0.58737,4.55666,19.44549,1,1.5770062238463523,1.5707604526923002,0.8100704487331434,1.0567833872007135,0.9724162596631428
1.79167,29.1,39.0,0.22692,0.00536,1.53451,0.59114,4.16295,18.3452,1,1.504510999162597,1.4958247710278372,0.7642339892745958,1.0392304363398852,0.9543614203399035
1.79861,30.2,40.8,0.26909,0.00639,1.55126,0.6151,5.22567,19.41995,1,1.778892157340587,1.767341676672979,0.8090064899817494,1.0354446101848145,0.9609868074305554
1.80556,30.3,41.4,0.30947,0.00727,1.5644,0.63223,6.15883,19.90103,1,2.045992350758726,2.0322464185651516,0.8290475736199884,1.0352892953410353,0.9692079752640779
1.8125,30.9,43.0,0.34986,0.00821,1.57574,0.64214,7.11102,20.32549,1,2.304281319593842,2.287346873366567,0.8467299515219734,1.030722246269035,0.9722993622698798
1.81944,31.5,44.7,0.39024,0.00927,1.58795,0.65552,8.26053,21.1677,1,2.5584886503844224,2.5379778565638156,0.8818151786171785,1.0253212474639533,0.9737768215542232
1.82639,32.5,46.4,0.43063,0.01003,1.5953,0.66003,9.04389,21.00168,1,2.809318003478205,2.784938257287514,0.8748990301478586,1.019565663270515,0.9742413794435578
1.83333,32.3,47.6,0.47101,0.0111,1.60229,0.66664,10.15262,21.55495,1,3.06157218077127,3.0336074980196748,0.8979474427705586,1.0153906803022776,0.9756587551143175
1.84028,33.2,49.1,0.5114,0.01232,1.61467,0.67125,11.43251,22.35548,1,3.307868582710329,3.2757576701675872,0.9312963425064019,1.0098455463580125,0.9752928145054766
1.84722,33.3,51.2,0.55769,0.01341,1.62109,0.67736,12.61138,22.61352,1,3.5815440239701704,3.5439020617091437,0.9420459085287084,1.0018270776501905,0.9727607257784342
1.85417,33.7,52.6,0.59046,0.01421,1.6247,0.68053,13.45908,22.79438,1,3.773256078127529,3.7316020241253627,0.9495802695223309,0.9963427142332192,0.9708663850088832
1.86111,34.3,53.6,0.62806,0.01515,1.62951,0.68302,14.43964,22.99075,1,3.9982108223152624,3.9526195357574454,0.9577607542526064,0.9921738798336528,0.9705116769811454
1.86806,34.5,55.7,0.65912,0.01587,1.63138,0.68672,15.2293,23.10561,1,4.164506100539953,4.113684558821504,0.9625456525370667,0.983944059986427,0.9653462455015244
1.875,34.7,57.2,0.69943,0.01677,1.63314,0.69136,16.21622,23.1849,1,4.393550267240874,4.337520025368866,0.9658487570553921,0.9776899439504014,0.9627470517570681
1.88194,35.4,58.1,0.73903,0.0176,1.63388,0.69451,17.11,23.15194,1,4.624097011037177,4.563683870610158,0.9644756920418468,0.9735480609390672,0.9619474540642272
1.88889,35.1,59.2,0.76994,0.01837,1.63404,0.69738,17.92706,23.28361,1,4.795905650612362,4.7313452949345445,0.9699608701466255,0.9687945187647541,0.9596854378577842
1.89583,35.8,59.1,0.79573,0.01907,1.636,0.69783,18.64356,23.42962,1,4.954742656094873,4.888374776235341,0.9760434315127585,0.9685067999351897,0.9613622283992757
1.90278,34.1,53.0,0.82165,0.01975,1.63535,0.69773,19.30597,23.49653,1,5.217424751626753,5.16004026770365,0.9788308034804866,0.9900796696206255,0.9847310526945396
1.90972,34.1,52.0,0.84487,0.02024,1.63004,0.69751,19.7055,23.32366,1,5.37873077924139,5.321770096944288,0.9716292941087763,0.9930477487488256,0.9893911231252279
1.91667,34.2,50.0,0.86125,0.02067,1.63329,0.70064,20.25984,23.52365,1,5.516151691865851,5.4620897994078925,0.9799605827027968,0.999846918681005,0.9973519251389065
1.92361,34.6,49.9,0.86795,0.0208,1.62761,0.70073,20.32002,23.41154,1,5.559667227143492,5.505424306085904,0.9752902453645517,1.0,0.9979839964873762
1.93056,34.2,50.4,0.89359,0.0215,1.63155,0.70297,21.1171,23.63176,1,5.709698449821194,5.652999641978166,0.9844642859374564,0.9973430589082224,0.9971306119351719
1.9375,34.9,50.0,0.89957,0.0218,1.65628,0.69817,21.59397,24.00469,1,5.754242680242229,5.698018250968584,1.0,0.9986028103426251,0.9988030431526945
1.94444,35.0,50.2,0.91852,0.02218,1.66251,0.69808,22.04991,24.00594,1,5.867772634918539,5.8100715423802844,1.0000520731573705,0.9972333053921765,0.9987232816584742
1.95139,34.7,49.9,0.92407,0.02246,1.67204,0.69455,22.34088,24.17651,1,5.907849603803039,5.850464551807663,1.0071577679195192,0.9981352487400531,1.0
1.95833,34.2,50.1,0.92521,0.02243,1.67084,0.69578,22.33421,24.13951,1,5.911044202116574,5.853176312210833,1.0056164024613523,0.9973674712899123,0.9993071728518629
1.96528,34.3,49.2,0.93533,0.0226,1.6722,0.69421,22.46807,24.0216,1,5.991073486421265,5.934554761057148,1.000704445672908,1.0002929063603327,1.002914512576705
1.97222,34.4,49.3,0.92479,0.02257,1.67361,0.69345,22.43067,24.25499,1,5.923860854545768,5.867700292986597,1.0104271290318683,1.0002964089897695,1.0022135927477274
1.97917,34.2,47.9,0.93162,0.02258,1.67217,0.69389,22.44162,24.08871,1,5.993313935304893,5.939773449028686,1.0035001493458153,1.005159516850869,1.0075455748268034
1.98611,34.4,47.7,0.92464,0.02233,1.6722,0.69346,22.18053,23.98819,1,5.9537369072486905,5.900981951728454,0.9993126343227094,1.006133294706837,1.0080515273521542
1.99306,34.3,47.5,0.91353,0.02203,1.673,0.69021,21.78776,23.84999,1,5.8883036141497564,5.8365393746464145,0.9935554260438272,1.0072482402279437,1.0084125384047282
2.0,34.5,47.5,0.88134,0.02153,1.67166,0.69072,21.29276,24.15956,2,5.687068485324795,5.636945932490623,1.0097472054340102,1.0087759569461783,1.0087575364305754
2.00694,34.7,47.0,0.86425,0.02109,1.67157,0.69131,20.8723,24.15091,2,5.588947183867368,5.5407111393524815,1.0093856792585747,1.0111613374410577,1.009916043602821
2.01389,34.5,46.9,0.83034,0.02016,1.6702,0.69271,19.97579,24.0573,2,5.377158378097167,5.330837942442721,1.005473255526492,1.0125905154141346,1.0088367594598455
2.02083,34.3,46.1,0.79687,0.01961,1.66897,0.6886,19.30048,24.22048,2,5.17890003126837,5.1357931988501075,1.0122933527874818,1.0165163899480476,1.010167944000028
2.02778,34.1,46.0,0.77308,0.01887,1.66621,0.68785,18.5268,23.96502,2,5.029273915413074,4.987532217187609,1.0016164190560657,1.0175496536357351,1.0092963430948045
2.03472,34.9,45.7,0.73917,0.01812,1.66309,0.68744,17.74678,24.00893,2,4.817618876038978,4.77809820523402,1.0034516345894036,1.0195418893845118,1.0084639930967338
2.04167,33.7,44.2,0.70513,0.01746,1.66244,0.68498,17.02686,24.14719,2,4.621733123146925,4.586459569862724,1.0092302021056705,1.0258945247165523,1.011785789908997
2.04861,33.8,43.1,0.68903,0.01714,1.66149,0.68423,16.68976,24.22208,2,4.533751074473124,4.501081956647626,1.012360224681204,1.030322358174712,1.0146986021562308
2.05556,33.6,42.4,0.65912,0.01645,1.65845,0.68527,16.01591,24.29904,2,4.349326046778246,4.319124106055317,1.0155767627692405,1.0335358087552178,1.0150665121424016
2.0625,33.4,41.8,0.64772,0.01622,1.658,0.68123,15.69356,24.22889,2,4.283203187139071,4.25445628966277,1.012644848178859,1.0359793376281854,1.01636635576786
2.06944,32.6,39.7,0.62564,0.01584,1.65605,0.67487,15.16306,24.23604,2,4.166463370227971,4.141937671557357,1.01294368195393,1.0441752300649616,1.0222065980517754
2.07639,33.4,39.2,0.58903,0.01495,1.65627,0.67578,14.3313,24.3303,2,3.9310457605992246,3.908629863816964,1.0168832723928374,1.0466017730992057,1.020758863324016
2.08333,32.8,38.4,0.5386,0.01368,1.6515,0.67196,13.00027,24.13698,2,3.6055386692598876,3.5860622611111643,1.008803475833856,1.0501366389637503,1.0185386146841315
2.09028,32.7,37.1,0.50812,0.01292,1.64971,0.66996,12.23091,24.0709,2,3.416111705003798,3.3994061151825856,1.0060416666231304,1.0551910444558281,1.0197510950306252
2.09722,32.0,35.7,0.46709,0.0117,1.64488,0.66472,10.95615,23.45599,2,3.154318964315027,3.14063153645077,0.9803415440176927,1.0605001945670258,1.0195458509141924
2.10417,32.8,35.7,0.42767,0.01043,1.63822,0.6592,9.64923,22.56226,2,2.887570160937422,2.8750044507628383,0.9429881580324951,1.0602885449646249,1.0137852961809788
2.11111,32.2,34.4,0.38825,0.00935,1.63404,0.6504,8.5085,21.91512,2,2.6309214850414286,2.6208315959991935,0.9159409847178916,1.0646870855003132,1.0119057662992401
2.11806,31.4,33.6,0.34883,0.00854,1.62788,0.6437,7.66394,21.97073,2,2.3678257058654717,2.3594935266452306,0.9182652009740728,1.066840015285175,1.0072436265866422
2.125,31.3,33.0,0.3094,0.00748,1.62027,0.63033,6.54237,21.1452,2,2.101534471188348,2.0946351781641916,0.8837622294587828,1.0677815643867943,1.0006630217796286
2.13194,31.0,32.0,0.27232,0.00662,1.61105,0.61674,5.633,20.68542,2,1.8524462688524737,1.8471097717968725,0.8645457548990455,1.0698120915428142,0.9946621851395437
2.13889,31.4,30.8,0.23523,0.00568,1.59763,0.59622,4.63251,19.69331,2,1.6025824612120714,1.5987456253424674,0.823080583348606,1.0719659615072303,0.9876582981726789
2.79167,26.4,30.1,0.20499,0.00498,1.53566,0.61289,4.01783,19.60049,2,1.3962296539024381,1.393282892275529,0.8192011776140485,1.0720152509264878,0.9793130988885246
2.79861,26.7,32.0,0.27849,0.00658,1.56423,0.65656,5.78548,20.77448,2,1.8950176772413116,1.8895609604630346,0.8682680116833559,1.0701524180201012,0.996361657394126
2.80556,27.4,35.0,0.33917,0.00795,1.57534,0.6598,7.07677,20.86473,2,2.2914620491847697,2.282080316410971,0.8720400044386221,1.0612258699021302,1.000200075298423
2.84028,30.4,44.8,0.54359,0.01303,1.61599,0.68663,12.38539,22.78443,2,3.565165223797154,3.5367651943837717,0.9522737384251545,1.026193132546967,0.9958848098484276
2.84722,30.7,46.1,0.58419,0.01402,1.61971,0.68995,13.41875,22.96991,2,3.813864941583099,3.7816018720959756,0.9600258627048971,1.0209771452812637,0.9952577075460448
2.85417,30.8,47.1,0.62479,0.01501,1.6272,0.69213,14.47747,23.17189,2,4.063422757552493,4.027540774739826,0.9684676033886498,1.0167172938546927,0.9952424618575963
2.86111,31.8,48.6,0.6567,0.01579,1.63064,0.69357,15.29467,23.29036,2,4.247833065598184,4.207891325426262,0.9734190491694407,1.0106291799240137,0.9923428897023057
2.86806,31.6,50.4,0.68191,0.01644,1.63013,0.69422,15.93912,23.37426,2,4.382863032348738,4.338615754992663,0.9769256440964971,1.0035025130839255,0.9876491990436421
2.875,32.1,52.3,0.71154,0.01706,1.62966,0.6989,16.64283,23.38993,2,4.5419141331896284,4.4927759593265835,0.9775805707056385,0.9958863447340975,0.9827415291864002
2.88194,32.5,53.7,0.73704,0.01765,1.62823,0.69703,17.15721,23.27863,2,4.680148039658707,4.62704674540933,0.97292879459859,0.9901640712412301,0.9792301641377721
2.88889,32.9,53.0,0.76581,0.01836,1.63877,0.69621,17.94687,23.43508,2,4.870531473389728,4.816727545621624,0.979467611956611,0.9920313185901317,0.9834087336298011
2.89583,32.9,49.8,0.801,0.0192,1.65734,0.6966,18.9812,23.69697,2,5.1430958020986095,5.09285485870136,0.9904132871109232,1.0028203029487819,0.9968768433282659
2.90278,32.9,48.9,0.82578,0.0199,1.66329,0.69466,19.69182,23.84624,2,5.313852869431873,5.263911591673004,0.9966520168458661,1.0053992596365915,1.00133022431684
2.90972,33.0,48.8,0.84744,0.02045,1.66799,0.69272,20.23962,23.88337,2,5.451343259368063,5.40040862038962,0.9982038627295561,1.0051063049464415,1.0026466948316526
2.91667,33.3,49.4,0.87365,0.021,1.6664,0.69385,20.79322,23.80048,2,5.604251475845263,5.550688143350131,0.994739480685412,1.0020829695749427,1.0015203517304505
2.92361,33.5,50.1,0.87806,0.02111,1.66673,0.69189,20.85307,23.74894,2,5.618890084974483,5.563677387147018,0.9925853698088866,0.9993832831391369,0.9991340376372861
2.93056,33.5,49.7,0.88504,0.02133,1.66718,0.69245,21.0892,23.82844,2,5.669626364259683,5.61482621385652,0.9959080670282069,1.0006167168608628,1.0008583751710514
2.9375,33.9,48.9,0.89672,0.02171,1.67486,0.69144,21.53244,24.01234,2,5.757140734070318,5.703333965650987,1.0035941553128989,1.0031509332998654,1.004209164312888
2.94444,34.1,50.4,0.91467,0.02215,1.66925,0.69242,21.9323,23.97832,2,5.840152094858464,5.782254189480447,1.0021722916726312,0.997073282682436,0.9993523726513341
2.95139,34.2,50.9,0.91823,0.02235,1.66876,0.69252,22.12505,24.09522,2,5.8525819036497255,5.793447555147729,1.0070581194077075,0.9951302700431912,0.9976451653201444
2.95833,34.3,51.7,0.92692,0.02249,1.66842,0.69289,22.26389,24.01913,2,5.890703662633768,5.829407330666403,1.0038779429118825,0.9919196289520728,0.9950073251223709
2.96528,34.0,50.6,0.92992,0.02253,1.6716,0.69008,22.25647,23.93387,2,5.930455721932547,5.871276021384479,1.0003145068751622,0.9958209173012206,0.9991209019629838
2.97222,33.7,50.6,0.92906,0.02251,1.67249,0.68912,22.21842,23.91494,2,5.925152532195568,5.866021725228419,0.9995233287825618,0.9958507151196423,0.9990934840890758
2.97917,34.2,51.2,0.92208,0.02236,1.67128,0.69032,22.0949,23.96202,2,5.870559162190672,5.810581644628959,1.0014910342553365,0.9939060640470093,0.9966763829798269
2.98611,33.9,50.1,0.92066,0.02233,1.67463,0.68762,22.02098,23.91882,2,5.882919756146751,5.825306504546477,0.999685493124838,0.9979616241654993,1.000647627348666
2.99306,34.3,51.1,0.92051,0.02217,1.66849,0.68929,21.83471,23.72016,2,5.862806476874117,5.803126979979753,0.9913825116205589,0.9943239436223091,0.9969900841108373
3.0,34.3,51.1,0.91282,0.02194,1.6678,0.68854,21.57878,23.63966,3,5.815393094681259,5.756160208279031,1.0063907155289726,0.993732167089527,0.9969825508422655
3.00694,34.4,50.2,0.89644,0.02158,1.67022,0.68688,21.20909,23.65927,3,5.7310941417914325,5.674638874581055,1.0072255550288436,0.9975590757196358,0.9996990291209051
3.01389,34.7,49.1,0.88661,0.02132,1.672,0.68416,20.8902,23.56188,3,5.690482678044935,5.636814336749974,1.003079455136317,1.0018961950061334,1.0033592992719196
3.02083,34.7,49.0,0.87863,0.02105,1.67236,0.68374,20.6194,23.46761,3,5.642602357733803,5.589571241387901,0.9990661802942543,1.0025224117395548,1.0034237914051538
3.02778,34.9,48.6,0.86182,0.02065,1.67153,0.68282,20.1834,23.41943,3,5.544895692712853,5.493576946778368,0.9970150549957438,1.0045238805423122,1.0042235991576183
3.03472,34.5,49.1,0.84074,0.02016,1.66829,0.68314,19.67947,23.4073,3,5.4041116767057,5.352959604849595,0.9964986550399337,1.0033532872088091,1.0015144829013525
3.04167,34.8,48.0,0.81439,0.01946,1.66793,0.68263,18.98173,23.30799,3,5.257687215227938,5.21007976231463,0.9922708166548139,1.0081695170011362,1.0043370934127183
3.04861,34.3,47.4,0.78675,0.01884,1.66703,0.68098,18.32176,23.28784,3,5.093201929445178,5.048182133683884,0.9914129882039009,1.0111600112337777,1.005162076298688
3.05556,34.4,46.7,0.75214,0.0181,1.66557,0.68115,17.58346,23.378,3,4.884756162294523,4.8428058339070885,0.9952512915852564,1.0146587229811468,1.0058305955933144
3.0625,34.6,46.8,0.72009,0.01747,1.6623,0.67878,16.88276,23.44547,3,4.678836413583615,4.6383718195886985,0.9981236333015391,1.0150803056957625,1.0035354353497283
3.06944,34.6,46.4,0.68262,0.01669,1.65989,0.68136,16.16495,23.68071,3,4.444844295182271,4.406995778409806,1.0081383015294678,1.0173848078000194,1.002486832240118
3.08333,34.0,44.2,0.59972,0.01493,1.65707,0.67546,14.31231,23.86519,3,3.9385478308397848,3.9082485483618594,1.0159920083594638,1.0269641072236564,1.0038351626633433
3.09028,34.4,43.8,0.56966,0.01402,1.65266,0.67547,13.40047,23.52371,3,3.7473273277944257,3.719033251004502,1.0014544768747118,1.0288118501832009,1.0024401736098305
3.09722,33.6,42.9,0.5359,0.01312,1.65111,0.66791,12.38984,23.11982,3,3.5364958549366263,3.5110025955525597,0.9842600186593653,1.0324499692174616,1.0021818627171948
3.10417,33.1,41.1,0.49772,0.01213,1.64875,0.6698,11.46883,23.04269,3,3.3040938160247895,3.282599419252243,0.980976430152223,1.0393322849487807,1.0042499618267418
3.125,33.6,39.1,0.30897,0.00881,1.62758,0.64537,7.92443,25.64756,3,2.057979392819676,2.046085163619265,1.091871298486199,1.0435878533924776,0.9789897777605566
3.78472,27.7,30.5,0.25085,0.00578,1.54682,0.63419,4.85397,19.3497,3,1.7124220722252457,1.7085382104472138,0.8237579740263168,1.073327391570504,0.9939629982487244
3.79167,28.2,32.5,0.29587,0.0068,1.56191,0.64977,5.91364,19.98737,3,2.0117158739697434,2.0055177103812984,0.8509049451575158,1.0681867632414668,0.9993779886380535
3.79861,28.7,34.4,0.33832,0.0079,1.57336,0.65991,7.0238,20.76089,3,2.2900184739803753,2.281204399876621,0.8838353403609989,1.0625714691711596,1.0024224775543422
3.83333,30.9,43.0,0.53191,0.01274,1.61661,0.68523,12.08975,22.72898,3,3.5091289426838443,3.4836847532497925,0.9676211267608632,1.0321012755048526,1.0013793019697903
3.84028,31.1,44.2,0.55157,0.01326,1.62412,0.68487,12.63217,22.90233,3,3.6242849321705903,3.5963022379609595,0.9750010057666081,1.027488970493566,0.9991501047830922
3.84722,31.0,44.2,0.59687,0.01433,1.6323,0.68942,13.81141,23.13989,3,3.9199835306538273,3.8898206273983815,0.9851144413397536,1.0270023712868086,1.0035761251965558
3.85417,30.8,44.2,0.60855,0.01468,1.63382,0.69071,14.18949,23.317,3,3.996034563142372,3.965313344493972,0.9926543915601601,1.0268402102866536,1.0046240383573557
3.86111,30.8,44.9,0.66595,0.01595,1.63537,0.69404,15.50404,23.28095,3,4.358791878248981,4.3242145699442105,0.9911196662174597,1.0232629148233807,1.0067344852310007
3.86806,31.5,47.4,0.71325,0.01704,1.63715,0.6927,16.55362,23.20879,3,4.62615014528759,4.58502657995348,0.9880476612041655,1.0130285834675772,1.000914590341287
3.875,31.9,48.5,0.7349,0.01756,1.63853,0.69205,17.05026,23.20079,3,4.747122665992877,4.702939099950002,0.987707084151694,1.0084694111533659,0.9982589467701085
3.88194,32.1,49.5,0.74772,0.01791,1.6411,0.69118,17.39954,23.2701,3,4.812683711878404,4.766042577862167,0.990657758590045,1.0044782623075583,0.9953749127240463
3.88889,32.1,50.0,0.76581,0.01835,1.64295,0.69115,17.84348,23.30007,3,4.918755829348767,4.870188879453989,0.991933645372867,1.0021815282716695,0.9945719987983939
3.89583,32.3,50.3,0.81681,0.01953,1.65391,0.69025,19.10055,23.38435,3,5.233624730575992,5.181541832469187,0.9955216246206557,0.9996767343919315,0.9960598161584802
3.90278,33.0,49.8,0.83248,0.01996,1.66152,0.69128,19.63118,23.58159,3,5.340203710473995,5.2881648593684885,1.003918551849344,1.0010431531232917,0.9985971120863092
3.90972,33.1,49.8,0.84487,0.02026,1.66294,0.68671,19.82139,23.46082,3,5.417596507804454,5.364854593512807,0.9987771155209689,1.0006672548366393,0.9991368841738428
3.91667,33.7,49.8,0.85598,0.02056,1.66451,0.68592,20.10097,23.48291,3,5.486903788497894,5.433533701192642,0.9997175339071064,1.0003232656080685,0.999602754450645
3.92361,33.7,50.0,0.87507,0.02104,1.6631,0.68698,20.58446,23.52319,3,5.602137385029493,5.5472932844303635,1.001432339366301,0.9989872710623857,0.9996338131774927
3.93056,33.4,50.0,0.89288,0.02146,1.66463,0.68562,20.97922,23.49618,3,5.712750530447537,5.6569020803005925,1.0002824660928937,0.9984060139033564,1.0003009708790949
3.9375,33.6,50.9,0.89402,0.02159,1.66605,0.68381,21.07049,23.56833,3,5.703035383275287,5.645301776585686,1.0033540453848724,0.9950881405752237,0.9970556733255017
3.94444,33.2,50.3,0.88818,0.02144,1.66553,0.68261,20.87494,23.50313,3,5.678021643107532,5.621833038219331,1.0005783424072283,0.9974670909648289,0.9990333070851416
3.95139,32.9,50.5,0.89672,0.02175,1.66841,0.68059,21.15177,23.58783,3,5.727217553082005,5.6701373523362255,1.004184201950272,0.9964565019582594,0.9986134255614367
3.95833,34.0,50.4,0.9114,0.02197,1.67301,0.68371,21.52261,23.61499,3,5.819936272186157,5.762223890476165,1.0053404610434131,0.996328897262248,0.9994912956016627
3.96528,33.5,50.0,0.91182,0.02196,1.67815,0.67845,21.41207,23.4827,3,5.830136682425789,5.773225668001502,0.9997085937594791,0.9977713792273493,1.000966948137193
3.97222,33.3,48.5,0.89943,0.02171,1.68106,0.67792,21.18942,23.55872,3,5.781504471232204,5.728379068064651,1.0029449272005908,1.0036585812985062,1.0060192922108813
3.97917,33.3,47.6,0.91211,0.0219,1.67572,0.67469,21.20646,23.24994,3,5.877542540438054,5.825639285485619,0.9897995044178165,1.0065097709926665,1.0097532341712308
3.98611,33.6,49.1,0.91026,0.02184,1.67343,0.68142,21.33122,23.43431,3,5.837553133852375,5.782600193612973,0.9976485283133412,1.0011043070916004,1.0042039340142666
3.99306,34.0,49.8,0.91325,0.02184,1.67483,0.67973,21.29588,23.31884,3,5.842796261172396,5.786221184051459,0.9927327242822286,0.9984514965400149,1.001746566568011
4.0,34.3,50.0,0.80912,0.02017,1.6641,0.63465,18.24564,22.55007,4,5.190614647880166,5.139535415567181,0.987490223658178,1.0070403039149074,1.003834865449066
4.00694,34.5,49.3,0.71795,0.01868,1.66492,0.6701,17.85122,24.86419,4,4.627458344226659,4.582873857997878,1.0888278636908635,1.0119979419580907,1.0013273786938361
4.01389,35.1,47.8,0.84587,0.02115,1.67659,0.66153,20.0912,23.75215,4,5.459181677057619,5.410295835365176,1.0401305147107123,1.0140358662913758,1.0135957060854122
4.02083,35.1,47.8,0.67735,0.01803,1.66578,0.67473,17.35521,25.62223,4,4.391053848984498,4.351219048200531,1.1220231969710637,1.018435988069376,1.0040671836350423
4.02778,35.9,47.4,0.7339,0.01892,1.67171,0.68285,18.49498,25.20085,4,4.757726924041343,4.715500348644753,1.1035705433675458,1.0186542914298804,1.0092875764666207
4.03472,35.5,46.6,0.5292,0.01441,1.65035,0.65821,13.40368,25.32811,4,3.450895573533752,3.42089194104005,1.1091433866386637,1.0248385326043619,0.9950353204762421
4.04167,35.4,45.1,0.36709,0.01096,1.62468,0.63561,9.69494,26.40996,4,2.4023227915950787,2.382640717273225,1.156518685183839,1.0290155338255838,0.9766893462934614
4.04861,35.3,44.0,0.55256,0.01545,1.66776,0.68751,15.16928,27.45253,4,3.6330994379894124,3.605341773817711,1.2021738730603868,1.0344343252658625,1.0070454460982876
4.07639,33.0,34.9,0.31966,0.01016,1.63978,0.6509,9.28822,29.05675,4,2.1589776952428483,2.1502144057447663,1.2724242787840463,1.066422740856806,1.0035492557004593
4.08333,33.3,37.9,0.26011,0.00832,1.62245,0.63705,7.36906,28.33011,4,1.7349439229841201,1.7257354261620501,1.2406039830546327,1.051848255278227,0.9772629840564231
4.09028,33.9,37.7,0.26496,0.00833,1.62555,0.63855,7.40231,27.93779,4,1.768966262833547,1.759725708002097,1.2234238960506643,1.0529326412601074,0.9793916341171207
4.79167,26.6,29.7,0.22379,0.00514,1.54438,0.6217,4.22622,18.88485,4,1.5286779954455487,1.525708789272071,0.8269865570373458,1.080853659650244,0.9948913171016585
4.79861,27.4,31.4,0.27237,0.00619,1.56199,0.63756,5.27738,19.37612,4,1.8563203120487055,1.8514302990318023,0.8484997639664841,1.0776656036252161,1.0041128329584905
4.80556,27.4,33.0,0.31638,0.00725,1.57629,0.65201,6.37951,20.16394,4,2.1494986136419745,2.1424454067866963,0.8829991933696915,1.073585576055404,1.0096439532171975
4.8125,27.9,35.5,0.25755,0.00836,1.58677,0.66077,7.51039,29.16092,4,1.730995410472039,1.7235111992130472,1.2769859877542833,1.06093427729601,0.9851004528821455
4.84028,29.5,42.4,0.51453,0.01203,1.62047,0.67928,11.33833,22.03628,4,3.4013190719529747,3.3774443945306722,0.9649908433008959,1.0406709499453042,1.0086477319499716
4.84722,29.6,44.6,0.55769,0.01302,1.62422,0.68225,12.36157,22.16559,4,3.6595788328029535,3.6307504907198047,0.9706534581318582,1.0321420530851455,1.005389745976813
4.85417,30.4,46.2,0.58533,0.01372,1.62887,0.68456,13.09981,22.38029,4,3.820017487140164,3.787553086404991,0.9800553868628736,1.0258736396315595,1.0022852528542756
4.86111,30.1,45.4,0.61652,0.01453,1.63613,0.68605,13.96458,22.65051,4,4.0322746176367055,3.999367323569937,0.991888592180503,1.0284425812944773,1.008034498691634
4.86806,31.0,47.5,0.65442,0.01518,1.63499,0.68693,14.60286,22.31434,4,4.248438858437295,4.210334506832031,0.9771673700961738,1.0199901163374137,1.003454515740411
4.875,31.0,49.3,0.68362,0.01589,1.63409,0.6872,15.28832,22.36384,4,4.409537823405467,4.366941148010805,0.9793350248338788,1.0127412618355838,0.9990233547121571
4.88194,31.3,50.0,0.7084,0.01651,1.63555,0.68977,15.9505,22.51608,4,4.556481486997531,4.511290768005992,0.9860017674049537,1.009620575751927,0.998146031292201
4.88889,32.5,52.2,0.73134,0.01703,1.6346,0.68949,16.43864,22.47745,4,4.667674437689438,4.617436803567527,0.9843101208894478,1.0009619258787876,0.991543057075287
4.89583,32.0,53.4,0.75,0.01747,1.63881,0.68714,16.8453,22.4604,4,4.765634335139777,4.7121777223719095,0.9835634842575717,0.9960848251505687,0.9882543701487968
4.90278,32.3,54.6,0.77678,0.0182,1.63672,0.68703,17.53004,22.56755,4,4.9127470694884865,4.855451392433231,0.988255690422119,0.9909859591611627,0.9853365679060193
4.90972,32.7,54.5,0.78647,0.01849,1.63929,0.68826,17.86335,22.71341,4,4.9743602676616545,4.916584395793893,0.9946430463825564,0.9910995134713513,0.9862072212447127
4.91667,33.4,52.2,0.82151,0.01937,1.65325,0.68465,18.77925,22.85943,4,5.230322857144912,5.174424468398772,1.0010374089037621,0.9985851953642876,0.9963449899876056
4.92361,33.2,53.0,0.84972,0.02014,1.65316,0.68514,19.5355,22.99065,4,5.391005633632686,5.331844289969976,1.0067836645538966,0.9948040461285677,0.9946522431263669
4.93056,33.4,50.7,0.71197,0.01763,1.6498,0.6895,17.17637,24.12527,4,4.568587812828123,4.522033638464588,1.0564698144224798,1.0069502634397742,0.9958163813015555
4.9375,33.6,48.1,0.62564,0.01528,1.64689,0.66084,14.2465,22.77105,4,4.055688683624689,4.018267659733608,0.9971671598993507,1.018240296833491,0.9989437199989567
4.94444,33.8,45.3,0.36254,0.01124,1.62538,0.63245,9.8949,27.29357,4,2.370706714529457,2.351085083956284,1.1952128549370415,1.0281307329906448,0.9750952262780687
4.95139,33.2,45.0,0.45043,0.0116,1.62863,0.63785,10.32486,22.92237,4,2.952468729628867,2.9285474557349915,1.0037936147460078,1.0307678952606871,0.9908419783166214
4.95833,34.2,49.3,0.87806,0.02075,1.67278,0.67602,20.09335,22.88372,4,5.633551636937653,5.579946281231913,1.0021010924104057,1.0074923337289143,1.0093897061357802
4.96528,34.4,51.4,0.87137,0.02058,1.66512,0.6776,19.88654,22.82221,4,5.553650508977874,5.49625252557855,0.9994075077050272,1.0,1.0014082909257331
4.97222,34.7,50.7,0.74387,0.01742,1.65712,0.6716,16.60744,22.32558,4,4.7696257197294125,4.721143076060587,0.9776595809901495,1.00620400937383,0.9977861734511456
4.97917,34.9,51.7,0.86367,0.02043,1.66421,0.67725,19.72266,22.83574,4,5.500540975426007,5.443017390153878,1.0,0.9991433748275069,1.0
4.98611,34.9,51.9,0.85028,0.01988,1.66415,0.67678,19.17664,22.55319,4,5.414028558014379,5.3569290982380835,0.9876268515931605,0.9988260487885604,0.9987144257605262
4.99306,35.2,51.4,0.83518,0.01939,1.66484,0.67471,18.65251,22.33339,4,5.329127945087992,5.273892117361297,0.9780015887376542,1.001122175556076,0.9998988479724863
5.0,34.1,49.5,0.84259,0.01976,1.67151,0.67004,18.95638,22.49767,5,5.408646129119737,5.35661477775525,1.0508817226903022,1.0073412649703606,1.0020577022540442
5.00694,34.5,47.8,0.80029,0.01885,1.67226,0.66629,17.98558,22.47397,5,5.172150164711649,5.125670902807627,1.0497746793019087,1.0148593064910019,1.006317608255782
5.01389,34.4,46.8,0.79259,0.01873,1.67334,0.6622,17.77364,22.42467,5,5.140110212301861,5.0959036704109355,1.047471842211284,1.0187676161896144,1.0095876725951172
5.02083,33.9,46.1,0.71154,0.01675,1.66918,0.66185,15.84667,22.27102,5,4.634672947789317,4.595842650587791,1.0402947444633235,1.023454033766281,1.0074710952533954
5.02778,33.8,45.5,0.71268,0.01702,1.67189,0.66462,16.1957,22.72513,5,4.650953635787998,4.613089746481109,1.0615065365773908,1.0256515548842071,1.009734513990026
5.03472,34.0,44.2,0.44402,0.01162,1.6443,0.67347,11.02444,24.82886,5,2.9178983907298504,2.8951887167928523,1.1597732195927994,1.0331820571873422,0.9877424242979209
5.04167,33.1,40.2,0.38775,0.01039,1.64139,0.64083,9.35621,24.12955,5,2.5794302685615933,2.5634546303996513,1.1271079659245504,1.0475538063883059,0.993103348703062
5.04861,32.8,37.7,0.20655,0.00655,1.60191,0.61543,5.5301,26.77327,5,1.372790889040592,1.3655888883929324,1.25059795523948,1.0476043312338845,0.9551173687140451
5.05556,33.2,40.0,0.57393,0.01479,1.68399,0.72342,15.43256,26.88918,5,3.821313162766161,3.7982727654491963,1.2560121914904798,1.0486480012064712,1.0186075289420706
5.0625,33.3,39.0,0.36396,0.01053,1.63783,0.60259,8.904,24.46423,5,2.4293200293605857,2.415434833602018,1.1427411001535615,1.0515845070033238,0.9930186401131313
5.06944,33.9,43.6,0.65242,0.01615,1.67511,0.68329,15.83275,24.26765,5,4.289198176783096,4.25735395824245,1.133558712419789,1.033986821320844,1.0123800749474925
5.08333,32.9,38.9,0.22165,0.00699,1.59798,0.6061,5.79867,26.16114,5,1.4693934982526307,1.4609672234880429,1.2220049396556254,1.0444201627894303,0.9563889332310198
5.09028,33.9,41.5,0.5443,0.01314,1.6624,0.65851,12.32442,22.64262,5,3.6078397970864517,3.583871836503595,1.0576524374222707,1.043317870721404,1.0101049937162407
5.09722,33.3,41.3,0.50883,0.01211,1.65677,0.65295,11.21993,22.05036,5,3.37558465136382,3.35337204979192,1.02998756327839,1.0442669701441125,1.0068086650678072
5.10417,33.4,40.3,0.28048,0.01057,1.64749,0.65097,9.7096,34.6173,5,1.8584262412036692,1.846749182825667,1.616998020634448,1.0432983656916557,0.9694074206715726
5.125,32.5,36.1,0.3651,0.00835,1.63786,0.63506,7.43993,20.37778,5,2.4596819761526407,2.448529149005966,0.9518601949003603,1.0626639698987725,1.0036756422709343
5.13194,31.9,36.9,0.32493,0.00739,1.62561,0.62771,6.45626,19.86976,5,2.18099757534859,2.1703671784047835,0.9281302294078836,1.0583904509388014,0.9924411794839831
5.78472,25.2,25.2,0.23875,0.00508,1.55351,0.6345,4.28978,17.96796,5,1.6559262852598882,1.6557896630782707,0.8392958363257371,1.0989154948908333,1.0109383729423655
5.79167,25.7,27.5,0.28433,0.00609,1.57144,0.65189,5.34175,18.78715,5,1.962870369994069,1.9608518794158807,0.8775607676902147,1.0927595585837069,1.0162241596334505
5.79861,26.6,29.0,0.32992,0.00708,1.58597,0.65731,6.3226,19.16433,5,2.270800652971435,2.267075646580895,0.895179106307695,1.0888294988439233,1.021948732485136
5.80556,27.4,31.2,0.35427,0.00811,1.60047,0.66767,7.42004,20.94441,5,2.4232773064091933,2.417129098232154,0.9783278740212651,1.0811052579839828,1.0191887143923088
5.82639,28.3,37.1,0.39145,0.01104,1.61992,0.68012,10.42,26.61878,5,2.63016683043468,2.617195059135496,1.2433816205106647,1.0594056984602016,1.0049307377159271
5.83333,28.7,39.0,0.54416,0.01198,1.62338,0.68379,11.38563,20.92332,5,3.635689752611778,3.615181834543923,0.9773427455376693,1.0527034392545844,1.0191755278951
5.84028,29.5,40.9,0.58946,0.0129,1.62641,0.68481,12.30738,20.87911,5,3.912760887321269,3.8877909868234957,0.9752776658667461,1.0450837119199832,1.0168271724566467
5.84722,30.0,43.1,0.62906,0.01381,1.62838,0.68508,13.19366,20.97362,5,4.143966782366224,4.113971717584528,0.9796922933197872,1.0362671745935177,1.0123216963238855
5.85417,30.2,45.4,0.65769,0.01448,1.63529,0.68609,13.91888,21.16322,5,4.298497164600702,4.263525796977702,0.9885486404269357,1.027188543131786,1.0062256379445524
5.86111,30.8,47.4,0.6839,0.01511,1.63757,0.68644,14.54431,21.26662,5,4.438670977986136,4.399125648240866,0.9933785259273532,1.0192395632368185,1.0008608684402471
5.86806,31.4,48.8,0.71282,0.01575,1.64822,0.68344,15.19615,21.31832,5,4.602434562826252,4.558980866104756,0.9957934686775619,1.013422175804697,0.9977070722863598
5.875,30.7,48.7,0.73476,0.0163,1.65203,0.68311,15.75468,21.442,5,4.743149244419953,4.698628945407427,1.0015706470014656,1.0132769293636215,0.999440791739316
5.88194,31.0,49.6,0.76581,0.017,1.6565,0.68037,16.41343,21.43271,5,4.925181515884322,4.877324359219614,1.001136704677492,1.0091671750155435,0.9979447895657678
5.88889,31.9,48.6,0.7849,0.01743,1.65765,0.67964,16.81837,21.42741,5,5.06176437455775,5.014636353928522,1.0008891380125768,1.0123428643219887,1.0026145653514866
5.89583,32.0,49.4,0.80897,0.01798,1.66116,0.67831,17.35365,21.45143,5,5.199836025832807,5.149885735559137,1.0020111288222482,1.0087131603713009,1.000892400678345
5.90278,32.5,48.8,0.81239,0.01804,1.65999,0.67759,17.38368,21.39811,5,5.231491349814262,5.182477573098792,0.9995205147518202,1.0108235996096633,1.0032488512854614
5.90972,33.0,49.8,0.83732,0.01863,1.66148,0.67646,17.9343,21.41864,5,5.370448814047197,5.3181350071709454,1.0004794852481798,1.0063994800840652,1.0007314985011369
5.91667,32.9,49.5,0.85655,0.01912,1.66269,0.67662,18.42783,21.51394,5,5.495825111614534,5.443012886645512,1.0049310141475007,1.006906520853217,1.0026462113039931
5.92361,33.0,50.3,0.85057,0.019,1.66381,0.67388,18.24464,21.4499,5,5.444277843326272,5.390241537188724,1.0019396614642635,1.0041548167033942,0.9994719141648742
5.9375,33.2,51.5,0.90769,0.01951,1.67047,0.66917,18.68369,20.58373,5,5.776166903401237,5.716417028101359,0.9614802618134258,0.9979042302694411,0.9972611183163362
5.94444,32.7,51.2,0.93832,0.01982,1.66959,0.66986,18.98895,20.2372,5,5.970499360329099,5.909579376710403,0.9452936058902183,0.9979484487827257,0.999359540456111
5.95139,33.0,50.9,0.9406,0.01989,1.67157,0.6693,19.06278,20.26666,5,5.990392931164712,5.929973394521632,0.9466697028616139,0.9989650191115469,1.0005280858351258
5.95833,32.1,50.5,0.93105,0.01949,1.669,0.65921,18.36673,19.72682,5,5.939362753980722,5.880328475032555,0.9214534031658171,1.0007626588500431,1.0016945563571888
5.96528,33.1,51.7,0.93248,0.01975,1.66855,0.66636,18.81231,20.17452,5,5.9248658531307585,5.863241298800504,0.942365779747412,0.9963243677535963,0.997347028194252
5.97222,34.0,52.0,0.8057,0.01933,1.67699,0.72302,20.07261,24.91332,5,5.1354387862285975,5.080886675142767,1.163718404596332,0.999237341149957,0.9912410948636993
5.97917,33.9,51.9,0.87806,0.01845,1.67574,0.72736,19.25631,21.93044,5,5.585884987798317,5.527102584319366,1.0243860171545016,0.997414878274989,0.9947231774291737
5.98611,34.6,52.6,0.92422,0.01947,1.6722,0.66038,18.41654,19.92664,5,5.856761814773498,5.793771851190499,0.9307871335400281,0.9933185304894994,0.9937897312547604
5.99306,33.7,52.1,0.90684,0.01918,1.67091,0.66,18.11877,19.98016,5,5.759575303650288,5.69865773408033,0.933287089748755,0.9957364740334722,0.9950369590547017
6.0,34.2,50.8,0.88732,0.01875,1.67058,0.66072,17.72374,19.97441,6,5.6634282811768255,5.606284481888471,1.0554975609227673,0.9959965191966836,0.9937629408016156
6.00694,33.9,51.3,0.85271,0.01795,1.66867,0.70464,18.08257,21.20608,6,5.439780671037617,5.383687176839568,1.1205820705959815,0.9952711617511758,0.990592656651279
6.01389,33.7,51.2,0.76011,0.01725,1.6686,0.6563,16.18294,21.29015,6,4.863738936082962,4.813411229825921,1.1250245387312996,0.9982503711568848,0.9865016583709905
6.02083,34.3,51.0,0.80228,0.01684,1.66794,0.66007,15.8763,19.78901,6,5.13095835677111,5.078439444066293,1.0457005632745224,0.9978546191249001,0.9894172586108783
6.02778,34.3,50.0,0.83091,0.01754,1.67023,0.65118,16.33604,19.66038,6,5.326913753933023,5.274582111482767,1.0389034337842649,1.000684174121643,0.9943822838880254
6.03472,34.1,48.8,0.79145,0.0167,1.66954,0.65288,15.5885,19.69605,6,5.099746108690093,5.05188910143121,1.0407883254029966,1.0062207861854373,0.9968723270164156
6.04167,34.6,48.9,0.72507,0.01561,1.66571,0.65551,14.5988,20.13431,6,4.678654799146338,4.634338686044815,1.0639470750757034,1.0075597102941034,0.9927921820994899
6.04861,33.9,48.1,0.70727,0.01508,1.66642,0.64665,13.91945,19.68068,6,4.577589613098304,4.535615729997522,1.0399761363315105,1.0109134511196565,0.9945629110907469
6.05556,34.2,47.6,0.69316,0.0149,1.66569,0.6471,13.7587,19.84918,6,4.494964096992223,4.454590634868642,1.048880095898551,1.0130648948728356,0.9954350820854648
6.06944,33.5,45.6,0.5859,0.01285,1.66037,0.64358,11.76119,20.07382,6,3.831145065093425,3.799502361867156,1.0607506328548713,1.022271328661443,0.9940660391026755
6.07639,33.9,45.3,0.58006,0.01239,1.65813,0.64319,11.31692,19.51001,6,3.7969001797496897,3.765980059110675,1.030957508561144,1.023453363163921,0.9945975338990528
6.08333,33.6,43.3,0.5369,0.01135,1.65244,0.63698,10.23086,19.05561,6,3.5385208864227917,3.5124474606165195,1.006945881099642,1.031286641882764,0.997417039194994
6.09028,33.6,42.9,0.51994,0.01102,1.65266,0.63317,9.87435,18.99122,6,3.4314866217041766,3.406721111420075,1.003543353167762,1.0328715416654841,0.9969638511599601
6.11111,33.0,41.2,0.23832,0.00837,1.63585,0.62358,7.3148,30.6933,6,1.570109952051149,1.5596342374947754,1.621910398688661,1.0316330091145844,0.9487530386258615
6.11806,32.4,39.4,0.35085,0.00728,1.62669,0.61687,6.26047,17.84347,6,2.338014546526153,2.3242569946860123,0.9428933852563641,1.0443008352898049,0.9837101598688851
6.13889,26.1,27.8,0.23048,0.00484,1.59498,0.58886,3.89199,16.88614,6,1.5846787923509382,1.5828465412682982,0.892305684293072,1.0826012543011139,0.9935638617255499
6.78472,29.9,44.9,0.24459,0.00506,1.56931,0.6418,4.36166,17.83274,6,1.592463879421574,1.5794274992860526,0.9423263853385342,1.0179441662184612,0.9376724512980276
6.79167,30.4,48.0,0.28348,0.00587,1.58388,0.65246,5.19671,18.33208,6,1.8312752504858953,1.8140125732152532,0.9687127543011806,1.0087436838379202,0.9377373589240259
6.79861,30.5,49.3,0.35456,0.00741,1.60231,0.66765,6.78974,19.14987,6,2.287459776368826,2.2648053258938665,1.0119268142081832,1.0069411715936882,0.9491369088425204
6.80556,31.6,49.1,0.38419,0.00811,1.60983,0.67223,7.51538,19.56171,6,2.4822176376736937,2.4578899656118143,1.0336894652947701,1.0085079815966755,0.9553559106128641
6.82639,31.4,52.3,0.31937,0.01095,1.63083,0.68096,10.4194,32.62456,6,2.0370433735940825,2.014335060153578,1.7239629859494463,0.9942613403647124,0.9311310051040959
6.83333,32.3,47.7,0.56467,0.01185,1.63766,0.6823,11.33631,20.07591,6,3.66806714878211,3.6346516396847304,1.0608610736589965,1.0146845255588524,0.9844333300146286
6.84028,32.7,50.8,0.62393,0.013,1.63755,0.68269,12.44898,19.95247,6,4.009119999972165,3.9678309162976606,1.0543381966919019,1.0024904604324845,0.9786393451108228
6.84722,32.9,48.3,0.6614,0.01371,1.63929,0.68125,13.11789,19.83364,6,4.282038685670352,4.242298210831807,1.0480589236037627,1.0111136255360595,0.9906328887799067
6.85417,33.2,50.3,0.69003,0.0143,1.64036,0.78262,15.72189,22.78442,6,4.435755016246193,4.391176133335879,1.2039854862816934,1.003173021900544,0.9854388007746696
6.86111,33.5,49.7,0.73633,0.01517,1.65032,0.67843,14.54967,19.75985,6,4.737636454441538,4.691309337353969,1.0441596762657692,1.004348730772788,0.9905742389074825
6.86806,33.5,51.2,0.76681,0.01582,1.65432,0.67491,15.13004,19.73117,6,4.905739608723129,4.8550037396107255,1.042644153652222,0.9980786381597117,0.9868687610635906
6.875,33.0,51.7,0.8067,0.01656,1.65248,0.67358,15.79176,19.57587,6,5.146733742641831,5.092667619451833,1.0344377149533415,0.9951676155896645,0.9870891588630406
6.88194,34.0,51.5,0.85356,0.01735,1.66745,0.66603,16.50765,19.33975,6,5.441486729715019,5.384957260422657,1.0219605462116823,0.9945146055517531,0.9899008032582631
6.88889,33.8,51.9,0.8594,0.0175,1.66528,0.66713,16.65131,19.37546,6,5.470507046697629,5.412853799728275,1.0238475515300147,0.9928734722702548,0.9886851670968075
6.89583,33.5,48.0,0.88547,0.01798,1.67184,0.65989,16.99006,19.18762,6,5.703697797015886,5.652337250045341,1.0139216182061401,1.0062761379135152,1.0038895945759987
6.90278,33.7,49.7,0.9,0.01821,1.67411,0.65859,17.19877,19.10974,6,5.762539189646301,5.706906620644762,1.009806245083997,0.9995884208396425,0.9982245622789127
6.90972,34.0,50.4,0.92607,0.01872,1.67677,0.65557,17.62146,19.02826,6,5.910569924787091,5.852026659631722,1.0055006389978105,0.9961516074368212,0.9965551924054672
6.91667,34.9,49.0,0.93276,0.01887,1.67512,0.65226,17.66128,18.93435,6,5.97904591992135,5.923092083674914,1.0005382007607733,1.001017178185741,1.0018697517459747
6.92361,33.4,50.2,0.94715,0.01913,1.67457,0.65283,17.9144,18.91398,6,6.044480495007367,5.985176271525414,0.9994617992392266,0.9961417477459725,0.9979369528667273
6.93056,33.6,46.5,0.9557,0.01927,1.67515,0.64893,17.94295,18.77471,6,6.170673426625052,6.118989879224787,0.9921024256552403,1.0093019411106934,1.01168438414887
6.9375,34.2,50.3,0.96453,0.01946,1.67438,0.6478,18.07735,18.74213,6,6.1494582613818745,6.088971153355339,0.9903808173306459,0.9951559318482404,0.9980739294955935
6.94444,34.5,49.0,0.94986,0.01916,1.68198,0.64235,17.73265,18.66874,6,6.084896824818897,6.028029228420558,0.9865027069886572,1.0004115791603576,1.0023920292397857
6.95139,34.2,49.3,0.96652,0.0195,1.67853,0.63914,17.91664,18.53719,6,6.181792355397833,6.1233797358978705,0.9795512774275642,0.9987189883310617,1.0017754377210875
6.95833,34.4,48.7,0.97935,0.01972,1.67909,0.64084,18.17856,18.56195,6,6.273053026310262,6.2152896789892775,0.980859657480264,1.000429309625404,1.0043117828275092
6.96528,35.0,48.9,0.95684,0.0193,1.67697,0.63571,17.62291,18.41787,6,6.130033544308548,6.073012548450673,0.9732461115193195,1.0005247027182251,1.0029605554785879
6.97222,34.4,48.8,0.95456,0.01945,1.67683,0.62422,17.43399,18.26394,6,6.11792466898699,6.061242392085301,0.9651120670317556,1.000970734065639,1.0032592670660012
6.97917,35.0,48.4,0.95029,0.01925,1.68276,0.62847,17.43442,18.34651,6,6.099417095307248,6.043830118530124,0.9694752714320553,1.0025800282188435,1.0045929604669053
6.98611,34.2,47.7,0.91838,0.01872,1.67573,0.63143,16.96402,18.47176,6,5.914735082536814,5.862299935338898,0.9760937933060719,1.0062562178561962,1.0061435941762367
6.99306,34.4,47.5,0.91311,0.01856,1.67484,0.62933,16.75218,18.34639,6,5.88568274132481,5.833939834186655,0.9694689303332539,1.0071677395869745,1.0066957573597184
7.0,34.4,47.5,0.87835,0.01791,1.67128,0.62908,16.13107,18.36524,7,5.668339112774106,5.618369909931986,1.014825150094353,1.0,1.0
7.00694,33.9,46.6,0.86923,0.01775,1.67276,0.6264,15.92659,18.32262,7,5.62748874337101,5.579814598397712,1.012470057109071,1.0035576782726414,1.0029084682348322
7.01389,33.8,46.1,0.81923,0.01668,1.667,0.62247,14.82559,18.09695,7,5.320702787331767,5.276492054780846,1.0,1.0069240570877174,1.0025833500878982
7.02083,33.7,45.5,0.80897,0.0166,1.66755,0.62497,14.8144,18.31258,7,5.265823449452944,5.223269102182617,1.0119152674898257,1.0094092051868628,1.004272751166743
7.02778,33.8,44.0,0.76781,0.01567,1.66497,0.62346,13.934,18.14782,7,5.027852480926757,4.990057368051407,1.0028109709094626,1.016035893554884,1.007598221800517
7.03472,32.8,41.6,0.77137,0.01567,1.66592,0.61966,13.85784,17.96527,7,5.089384296765096,5.055944093680217,0.9927236357507757,1.024700138427613,1.016482002291233
7.04167,33.0,41.7,0.75285,0.01533,1.664,0.61961,13.54138,17.98684,7,4.9681044472696305,4.935219681332976,0.9939155493052697,1.0248382131748162,1.0150883494313014
7.04861,33.4,41.5,0.7463,0.01527,1.6622,0.61714,13.42024,17.98246,7,4.928850281115483,4.896597864222361,0.9936735195709774,1.0257423185032537,1.0154335657708422
7.05556,33.7,41.3,0.70598,0.01443,1.65897,0.61551,12.61611,17.87027,7,4.67016191140389,4.63987798437274,0.9874741323814235,1.027475413034087,1.013652685600884
7.06944,33.1,38.4,0.62336,0.0136,1.65611,0.61291,11.82235,18.96547,7,4.168487376877823,4.14610992723228,1.0479926175405248,1.0398223735823033,1.0179479684238972
7.07639,33.2,37.9,0.61011,0.01244,1.65254,0.61169,10.76721,17.64786,7,4.0871805905063345,4.0660350737565025,0.9751842161248168,1.0418861222997198,1.0186105423527598
7.08333,32.4,36.2,0.5547,0.01138,1.65105,0.6098,9.81537,17.69488,7,3.7385451515440122,3.7216756522635426,0.9777824440029951,1.0489085645302585,1.0194404135003066
7.09028,31.0,34.8,0.44245,0.01051,1.64472,0.61225,9.06835,20.49577,7,2.996133854335779,2.9842016250803627,1.1325538281312597,1.0544384626265069,1.0105491196371976
7.11111,32.1,33.0,0.35698,0.00809,1.62869,0.60564,6.83923,19.15858,7,2.4282196475561473,2.420275138134027,1.058663476442163,1.0599323089342272,1.002385232581911
7.11806,30.8,30.5,0.35769,0.00719,1.62085,0.6041,6.02838,16.85356,7,2.452215779793519,2.4466963891718816,0.9312928421640112,1.0693763090627038,1.0114410795973174
7.125,31.2,29.5,0.33718,0.00647,1.61306,0.59602,5.32542,15.79403,7,2.3176404376463973,2.313365272288525,0.872745407375276,1.0726046652904482,1.0107871729955193
7.13194,30.9,29.5,0.28177,0.00534,1.60084,0.58916,4.31705,15.32142,7,1.9328334123372548,1.9292539841064402,0.8466299569817013,1.0704143680671911,0.9975576719791973
7.13889,30.2,29.3,0.24601,0.00467,1.59117,0.57926,3.68516,14.97965,7,1.6852558805433357,1.6822661130482928,0.82774445417598,1.0690529392570158,0.987940732284011
7.14583,30.2,28.7,0.20641,0.00388,1.57593,0.56591,2.96614,14.37012,7,1.4123803566020803,1.4102183559301655,0.7940630879789136,1.0681024361708689,0.9763798757870479
7.78472,27.8,31.7,0.21724,0.00432,1.56767,0.64491,3.73745,17.20456,7,1.4736980190211941,1.4696180754639265,0.9506883756655128,1.057601277986021,0.9698506085125871
7.79167,28.4,33.3,0.26353,0.00526,1.5893,0.65451,4.68558,17.77984,7,1.784379037766788,1.7782813692942043,0.9824771577531021,1.0549398370038903,0.9790655396952448
7.79861,28.9,33.8,0.30997,0.00618,1.6064,0.65826,5.59638,18.05446,7,2.1001171813230095,2.092534113665919,0.9976520905456444,1.0553831588253622,0.9893833266855373
7.80556,29.1,37.5,0.35171,0.00713,1.61429,0.66245,6.52798,18.56076,7,2.3581444685682778,2.346096227069963,1.025629180607782,1.042841680151704,0.9853135189381609
7.8125,29.8,38.5,0.38661,0.00779,1.6205,0.66346,7.17727,18.56463,7,2.5858592740091657,2.571629634774417,1.0258430287976703,1.039902481904419,0.9883167465481785
7.81944,30.7,40.8,0.43134,0.00878,1.62839,0.66586,8.15405,18.90404,7,2.865558721957566,2.8471729729040387,1.044598122888111,1.0319327473793616,0.987422062218967
7.82639,30.6,41.2,0.47878,0.00975,1.63794,0.66267,9.06062,18.92459,7,3.1773772875003794,3.156550212622836,1.0457336733537972,1.0307040391683056,0.9926474207167538
7.83333,31.1,44.1,0.52151,0.01071,1.63922,0.65987,9.92436,19.03005,7,3.4285474633164004,3.4021544249304103,1.0515611746730802,1.0198790204576054,0.9874418970255475
7.84028,31.5,42.0,0.56125,0.01144,1.64765,0.65732,10.61308,18.90959,7,3.713687130258111,3.688304078364879,1.0449048044007416,1.0273718004947847,0.9992357035315967
7.84722,31.5,43.2,0.599,0.01229,1.65168,0.65502,11.38404,19.00497,7,3.946503437598834,3.917715990262623,1.0501753057835712,1.0225002031069352,0.9985193247958752
7.85417,31.6,46.9,0.63875,0.01322,1.65118,0.65231,12.19968,19.09943,7,4.155951086534321,4.119620272861836,1.0553949698706138,1.0082855649157105,0.9885682879962826
7.86111,32.4,46.3,0.6735,0.01375,1.65311,0.64878,12.62649,18.74746,7,4.387703076619452,4.350488524776487,1.0359458361768143,1.0098519386704587,0.9933613154131761
7.86806,32.5,47.6,0.70684,0.0145,1.65621,0.64425,13.24917,18.74428,7,4.582280342114612,4.541165498362006,1.0357701159587664,1.0043925612473612,0.9909551644067837
7.875,32.9,44.4,0.75513,0.01529,1.66628,0.63682,13.89582,18.40194,7,4.940177733449212,4.902227017740996,1.016853116132829,1.014913363471922,1.0054464065926063
7.88194,33.5,49.4,0.85413,0.01729,1.66552,0.6371,15.71508,18.39891,7,5.482506358151143,5.4300257148386875,1.0166856846043117,0.9938828264042296,0.9921612960780081
7.88889,34.1,43.1,0.56781,0.01172,1.64814,0.62866,10.40449,18.32403,7,3.743635559256008,3.716413540653389,1.0125479707906582,1.0232418001125991,0.9959360888262666
7.89583,34.2,43.0,0.54744,0.01116,1.63943,0.58706,9.20227,16.80976,7,3.6111799776058975,3.585025946231126,0.9288725448210887,1.0237951134374632,0.9942200690989349
7.90278,34.4,46.5,0.81325,0.01622,1.67336,0.6235,14.49127,17.81901,7,5.276012798939445,5.231328432711834,0.9846416108791812,1.0056461398441252,1.0008562183965022
7.90972,34.0,49.2,0.86895,0.01729,1.674,0.62555,15.51053,17.84982,7,5.578590452861922,5.5256863882925,0.9863441077087577,0.9941426852405685,0.9934797209695713
7.91667,34.0,43.9,0.71396,0.01421,1.66464,0.60838,12.32711,17.26582,7,4.683140628975618,4.647977880364966,0.954073476469792,1.017764850158461,1.004772723832191
7.92361,34.7,47.1,0.66695,0.01324,1.65027,0.59866,11.20031,16.79327,7,4.334366672964569,4.296214905992404,0.9279613415520295,1.007047595514233,0.9900027215023603
7.93056,34.7,44.3,0.62165,0.01264,1.65926,0.63713,11.44082,18.4039,7,4.079925478440079,4.048427515798287,1.0169614216760283,1.0181170398067594,0.9965295073179647
7.9375,35.3,48.2,0.93547,0.01854,1.67726,0.61147,16.29073,17.41449,7,6.011412013110016,5.957028269013502,0.9622886729531772,0.9955362369371811,0.9994326492228209
7.94444,34.7,49.5,0.89544,0.01766,1.67001,0.60194,15.20816,16.98397,7,5.737969996938988,5.683000305340307,0.9384990288418766,0.9921982684322289,0.9933844001260544
7.95139,33.7,39.2,0.45997,0.00941,1.64084,0.59861,7.91408,17.20556,7,3.0719792278109823,3.054295035247702,0.9507436335957163,1.0380989581219593,0.997287999308834
7.95833,34.4,39.5,0.42037,0.00852,1.63013,0.5916,7.03686,16.73967,7,2.804034929337839,2.787505209882112,0.9249995164931107,1.0366717149038585,0.9903735291458119
7.96528,34.1,38.8,0.41311,0.00831,1.63275,0.59727,6.94112,16.80232,7,2.7615502721404592,2.746047070469965,0.9284614258203732,1.0392009749873894,0.9917180730175617
7.97222,34.2,38.1,0.37821,0.0076,1.62644,0.59572,6.30629,16.67427,7,2.5325120118657662,2.518979568021668,0.9213856478577882,1.041235372644795,0.9882366776807522
7.97917,34.6,36.6,0.33989,0.00684,1.618,0.58862,5.57723,16.40913,7,2.284700675148233,2.2738564663308214,0.906734560243577,1.0458801871595889,0.9860922019340537
7.98611,33.7,36.5,0.36368,0.00736,1.62758,0.59234,6.07427,16.70247,7,2.446921032399233,2.4354264553764082,0.9229439214895329,1.0469185069176679,0.9912200758349495
7.99306,33.6,35.8,0.30684,0.00632,1.61405,0.58763,5.13423,16.73269,7,2.065441953409987,2.056290450185427,0.9246138161402889,1.0476826711154317,0.9815465739246922
8.0,33.3,34.7,0.27151,0.00561,1.60396,0.58533,4.51122,16.61529,8,1.8310132425592365,1.823705735393554,1.0132021935764772,1.0460717729982048,0.9744043906131731
8.00694,33.8,35.9,0.32379,0.0066,1.61865,0.59271,5.42763,16.76287,8,2.180223990510218,2.1704867644821064,1.022201638047685,1.0439657704464922,0.9831179360048017
8.01389,33.9,38.2,0.60256,0.0117,1.66535,0.57974,9.67689,16.05953,8,4.033263737793175,4.011901536033466,0.9793118882551699,1.0369134705132494,1.014811925911081
8.02083,35.0,44.8,0.92379,0.01794,1.68527,0.59209,15.33099,16.59577,8,6.0041795402765485,5.957718674452274,1.012011861850783,1.0043828403196209,1.0093640987562484
8.02778,34.8,45.6,0.8792,0.01703,1.67792,0.59333,14.52434,16.51992,8,5.708483217466954,5.662379241318721,1.0073865205908483,1.0030066741334571,1.0048940769822066
8.03472,34.5,47.1,0.89359,0.01723,1.67667,0.59222,14.6538,16.39879,8,5.77118467615821,5.721266116850871,1.0,0.997117636675783,1.0
8.04167,34.8,47.8,0.91524,0.01731,1.66978,0.57911,14.33697,15.66467,8,5.893255393602613,5.840769368648226,0.9552332824555957,0.9938654984403548,0.9982189530368695
8.04861,33.8,38.8,0.3198,0.00683,1.61375,0.60225,5.68642,17.78113,8,2.1330899471395726,2.121032962089454,1.0842952437344462,1.0329076822522765,0.9719568825549088
8.05556,33.9,47.0,0.81282,0.01559,1.66923,0.58995,13.1514,16.17996,8,5.26479435129993,5.219174674955274,0.9866557227697897,1.0,0.997017265351947
8.0625,33.7,46.3,0.69758,0.01338,1.65697,0.59167,11.23293,16.10275,8,4.542253863501132,4.5037991015230565,0.9819474485617535,1.005489496971991,0.9930323463964509
8.06944,33.6,42.7,0.44373,0.00896,1.63059,0.60908,7.61935,17.17106,8,2.9301857821855988,2.9091550348403046,1.0470931086988735,1.0210349863115542,0.9804941710922198
8.07639,33.0,43.0,0.61681,0.01181,1.65363,0.5852,9.79138,15.87424,8,4.065376990988649,4.036085815592561,0.9680128838774079,1.0190641759957666,0.9987894569021227
8.08333,33.8,43.5,0.57308,0.01092,1.64692,0.58566,9.02155,15.7423,8,3.7733201513246155,3.745289686641347,0.9599671683093691,1.0178006212253772,0.9930133443182059
8.09028,33.2,41.6,0.54131,0.01028,1.64483,0.58391,8.45669,15.62261,8,3.586959617355612,3.562981408853774,0.9526684590753342,1.0250854169945038,0.9965904881172657
8.09722,33.1,41.3,0.50655,0.00958,1.64099,0.58336,7.85907,15.51481,8,3.360484752343916,3.3383677954245625,0.9460948033360997,1.0263710922542213,0.9937428636339527
8.10417,33.4,40.9,0.4547,0.00855,1.6329,0.58347,6.97971,15.3501,8,3.020267322123151,3.000800298036406,0.9360507695994642,1.0277907132217066,0.9884772168084172
8.11111,33.3,39.7,0.40427,0.00751,1.62427,0.5791,6.04967,14.96429,8,2.694370993059658,2.6782501392921634,0.9125240337854195,1.0317445200010533,0.985073944872944
8.11806,32.7,38.7,0.35313,0.00652,1.61513,0.58126,5.24035,14.83954,8,2.3586611256179784,2.3454576543059624,0.9049167652003591,1.03439290063956,0.9793558113387812
8.125,32.7,37.2,0.31709,0.00575,1.60755,0.57556,4.55446,14.36313,8,2.1257261537456977,2.1150986657525803,0.8758652315201304,1.0388207943834904,0.9770054351118298
8.13194,32.3,35.9,0.2688,0.00481,1.5951,0.5685,3.73517,13.89558,8,1.805485602851814,1.7973896599530752,0.8473539816047403,1.0413711064688873,0.9694226566696009
