adcode,city,ghi_quartile,advantage_t1_s1_i1_pct,advantage_t0_s1_i1_pct,advantage_t1_s0_i1_pct,advantage_t0_s0_i0_pct,plot_order
520300,遵义,Q1,4.7261094366461975,2.889209020506134,2.841320452155061,1.0917949883088918,1
511500,宜宾,Q1,5.261555009505647,2.8793244798393625,3.3738941247581256,1.0854774843102932,2
511100,乐山,Q1,5.20030602354602,2.868381351536353,3.3387322129329933,1.083622972152409,3
510500,泸州,Q1,5.083805280463793,2.836765990454748,3.2122464519271032,1.0566823191374697,4
511600,广安,Q1,5.008726322866597,2.645029227217588,3.2602841570745333,1.005230524730627,5
520600,铜仁,Q1,4.63947616531708,2.751659078192903,2.817833584067841,1.0095844787839203,6
520100,贵阳,Q1,3.723057299253663,2.758050554554381,1.9544593628017413,1.0373533392727508,7
500000,重庆,Q1,4.842454348990666,2.614719437425883,3.100858107600235,0.9727344012999906,8
422800,恩施,Q1,4.566378778612767,2.5231728309030865,2.8785913060184853,0.9441083053771672,9
520400,安顺,Q1,3.641375026843962,2.733102846733737,1.885180036718892,1.0177001969204902,10
520500,毕节,Q1,3.4670883655608,2.624927077979855,1.7637684224514727,0.9815224055179206,11
511900,巴中,Q1,4.549867623620241,2.507466670502234,2.900845095759186,0.9499573102293324,12
511700,达州,Q1,4.701106673631061,2.520691198057756,3.0297147801527924,0.9394359238603212,13
511400,眉山,Q1,4.743263481027871,2.6195630390850155,3.0283629138102786,0.979963331967193,14
433100,湘西,Q1,4.682385502159625,2.573265530854796,2.930975826387172,0.930619121627596,15
522600,黔东南,Q1,4.219625797938242,2.659719769454849,2.4525100256879373,0.9624602209062694,16
430800,张家界,Q1,4.474129046160846,2.4720860284331625,2.786298803049725,0.90177281684809,17
510300,自贡,Q1,5.241939556450159,2.694719290556691,3.4353360965759583,0.978091680531179,18
510600,德阳,Q1,4.596566387126866,2.528262522218605,2.9444421369593687,0.957593245301136,19
510800,广元,Q1,4.204792633850785,2.42414714438004,2.6307808061948545,0.933401697208347,20
530600,昭通,Q1,3.921489557104496,2.5950370250594545,2.207461872715521,0.9620353921546698,21
511300,南充,Q1,4.6675777407722885,2.494416014104295,3.0064728151223408,0.9314967367015204,22
522700,黔南,Q1,3.958243714330889,2.67740611297409,2.193920528380655,0.9749442719589664,23
510100,成都,Q1,4.609490103172553,2.5017860680343507,2.9500539696238004,0.9406906064255428,24
431200,怀化,Q1,4.615202928346074,2.57899568918587,2.8655292611115213,0.9236158546424011,25
512000,资阳,Q1,4.8701202753162365,2.578611528340069,3.1551006691108,0.945261770844774,26
510900,遂宁,Q1,4.669569322923306,2.503738891568963,3.009053922530125,0.9261806325212564,27
520200,六盘水,Q1,3.536414635220275,2.624918097780826,1.8126362146842376,0.9611594716254944,28
511000,内江,Q1,5.151141107203583,2.617034682704777,3.383908906069744,0.9435333876268492,29
232700,大兴安岭,Q1,0.4389203334818514,1.020615423163962,0.0636580632388028,0.6594851104001265,30
510700,绵阳,Q1,4.1872810780569925,2.4069464669322693,2.627326985587408,0.9111576038446144,31
451200,河池,Q1,4.927423189178892,2.6626384607056908,3.0931523248465043,0.9475395852729608,32
450300,桂林,Q1,5.023411532518085,2.598727716780025,3.2443536313564225,0.9232344451939324,33
511800,雅安,Q1,3.7579825048200233,2.436868026841821,2.165469901756989,0.894414045624603,34
450200,柳州,Q1,4.976468556093527,2.6088539350326068,3.176395026799117,0.92297450393104,35
431300,娄底,Q1,4.824072485123532,2.507362683357228,3.0921554143668706,0.8866055203564649,36
522300,黔西南,Q1,3.987337922017087,2.6063443024529898,2.23746484456846,0.9392911962710082,37
431000,郴州,Q1,4.868463252337607,2.5470526729488574,3.1134869905997453,0.9002473991213344,38
430500,邵阳,Q1,4.915413668118607,2.5182687123382674,3.166164665975013,0.8848435168930191,39
430900,益阳,Q1,4.595803446474922,2.42577175647698,2.9186906397211443,0.8537614017891437,40
430700,常德,Q1,4.440113899145293,2.3629257667228787,2.802901726681517,0.8406570137230451,41
610700,汉中,Q1,4.116313221481671,2.2399421646293494,2.629203329632812,0.8532741567035984,42
431100,永州,Q1,5.046024220777601,2.5197038111720804,3.299291054643616,0.8837002635731173,43
610900,安康,Q1,4.37876503671637,2.250653901463573,2.8501797667832784,0.844611772745063,44
330600,绍兴,Q1,4.252957415558134,2.3303298818898144,2.662201705242584,0.8359872374276378,45
420300,十堰,Q1,3.934029516252657,2.1900479242195736,2.456888240672228,0.8172348386366046,46
231100,黑河,Q1,0.7996871505650649,1.14348541630358,0.301379490877296,0.6504703914370413,47
330100,杭州,Q1,4.34357590124379,2.2733106823425557,2.7837203071147787,0.8187840673296476,48
451100,贺州,Q1,5.091953396140592,2.5368813708624094,3.339130408150304,0.9001133008758933,49
361000,抚州,Q1,4.974140720884557,2.4064147854584883,3.2866002516011683,0.840135754088922,50
331000,台州,Q1,4.153088459757437,2.372220884610932,2.52590278597431,0.8387438514415146,51
230500,双鸭山,Q1,0.9228164587865796,1.2945520162748636,0.3077935058402703,0.6710369003770866,52
420500,宜昌,Q1,4.32425812933146,2.274034080487364,2.758811822639795,0.8279644058078794,53
451400,崇左,Q1,5.438237639809951,2.677042899367854,3.54856607372509,0.9260364973380676,54
430400,衡阳,Q1,4.846020194225287,2.4397617252690296,3.1350479535077413,0.8420827821976617,55
430300,湘潭,Q1,4.63609204755131,2.400869056794308,2.984192982988665,0.8370415724732183,56
621200,陇南,Q1,2.81569830818873,2.0693893104707817,1.4976405271801108,0.8097123844904575,57
430100,长沙,Q1,4.6403101788022205,2.370198728818385,3.006374049865501,0.831596165457249,58
230700,伊春,Q1,0.9415860899366636,1.2351230434358706,0.3691266822866579,0.6593835347883159,59
440200,韶关,Q1,5.063142520136421,2.5257680500861968,3.3146021300731965,0.8883447629595809,60
430200,株洲,Q1,4.806277782166935,2.4036371547015767,3.131828135137704,0.8361614502422565,61
230800,佳木斯,Q1,0.8745726484134186,1.2537994340172445,0.28554897007671,0.6586336564457174,62
451000,百色,Q1,4.944657639886207,2.5800551066159416,3.1397482617984585,0.90500386117649,63
330800,衢州,Q1,4.586331988840908,2.289942504830389,2.993966420378258,0.8122593762665442,64
430600,岳阳,Q1,4.399483916733993,2.3381480564389934,2.7931446383775205,0.8230276780456958,65
230400,鹤岗,Q1,0.9381641039362564,1.2258250132137327,0.3635683607889683,0.6518583065407091,66
360500,新余,Q1,4.838438964329317,2.371959563838355,3.1712405738836718,0.8259628793373164,67
150700,呼伦贝尔,Q1,0.5584976558440369,1.097474496792783,0.0793937188764415,0.6299495329991966,68
360600,鹰潭,Q1,4.873095204016686,2.3378721669977454,3.2405481593825503,0.820365342991014,69
451300,来宾,Q1,5.039678673911996,2.5359445357942656,3.253598794994472,0.8788924084421668,70
450800,贵港,Q1,5.080845647281396,2.561749560405646,3.2909878272723514,0.8879587806255751,71
331100,丽水,Q1,4.69462608559299,2.3224886273453427,3.054569884768865,0.8134168400138142,72
360800,吉安,Q1,4.759585136552524,2.379683610386896,3.0940726934186813,0.8300629835473528,73
350900,宁德,Q1,5.00060379122802,2.508365857916361,3.254589884059733,0.8628494534046682,74
450100,南宁,Q1,5.177248810488777,2.619864202898792,3.335086321836256,0.9050421639678508,75
441800,清远,Q1,5.168611677202217,2.5392960666355657,3.4065496944530427,0.8810709700814323,76
341000,黄山,Q1,4.391552579825908,2.24157944089729,2.8279323027597503,0.7920995554403065,77
230900,七台河,Q1,0.917088045617831,1.2872058148513776,0.2959903452128154,0.6579632351037201,78
230100,哈尔滨,Q1,0.9930187923819832,1.3299577336389978,0.3384671523829263,0.6643233953401273,79
360900,宜春,Q1,4.703319582207532,2.314924457938927,3.0782698590182456,0.8092366929680628,80
231000,牡丹江,Q1,1.145193972391656,1.4068627228938535,0.4191754425301619,0.6794246509536306,81
231200,绥化,Q1,0.8245683539110704,1.2477630833860998,0.2369541113510731,0.6494883122342143,82
330200,宁波,Q1,3.753478029503832,2.305272482081944,2.192510791264501,0.8122199718244572,83
360300,萍乡,Q1,4.816077011016007,2.3306868343059506,3.1784015755462525,0.8111969128494767,84
330700,金华,Q1,4.556294512377712,2.265797691215288,2.964688341977828,0.7979392218184111,85
350400,三明,Q2,5.029521142932492,2.449386244576424,3.2979311136076106,0.8368936613462274,86
420700,鄂州,Q2,4.27971004675094,2.241317973406076,2.726886687778074,0.7940474247773999,87
420200,黄石,Q2,4.308860879211385,2.2488541778545867,2.7529301732470923,0.794427725329161,88
230200,齐齐哈尔,Q2,0.8115383286078304,1.1436747700864336,0.2788653392595597,0.6206634833108238,89
441200,肇庆,Q2,5.197381652956468,2.5568296403308155,3.414255870324445,0.8783256626909708,90
350100,福州,Q2,4.628889665735181,2.5487831400913485,2.8662746610621737,0.8666664727542628,91
230300,鸡西,Q2,1.0581358698257717,1.322455964758884,0.3982515391889096,0.6577475912543429,92
350700,南平,Q2,5.01497617429123,2.3496846656032133,3.355921970155773,0.8158382052909197,93
361100,上饶,Q2,4.609605868726585,2.2539965376414006,3.028678325923262,0.7887809272652646,94
222400,延边,Q2,1.3593628858525886,1.430724329929256,0.5952140881918755,0.6630237265716099,95
330300,温州,Q2,4.423640881289925,2.3564773169188813,2.760597265109221,0.8110507327866889,96
421000,荆州,Q2,4.27063873811977,2.251526257822789,2.699963938795213,0.7920812635304975,97
360200,景德镇,Q2,4.602661902295768,2.2319094665328,3.016140815714974,0.7748192797735642,98
360700,赣州,Q2,4.805964223087078,2.389393443294008,3.130049548696956,0.8273877752154046,99
341500,六安,Q2,4.034576187884031,2.122253579139377,2.556034274154096,0.7598531638701056,100
450400,梧州,Q2,5.027239709347242,2.4993727033483903,3.270130217979239,0.8596013015694792,101
220200,吉林,Q2,1.3302159750838705,1.399479962139516,0.5777836032454298,0.6516027212516651,102
421200,咸宁,Q2,4.516473652499431,2.2478258917471683,2.9356077265168867,0.7816417283289523,103
341800,宣城,Q2,4.136036464578474,2.13886821148368,2.64667289712186,0.7581778405888473,104
440600,佛山,Q2,5.192600516485668,2.580984461471325,3.390846009163284,0.8708538150255851,105
220500,通化,Q2,1.431900625449689,1.4971465378558868,0.5993041872002447,0.6641150424922415,106
611000,商洛,Q2,3.733995377708932,2.0337768652787025,2.354432364428538,0.7646111716045789,107
330500,湖州,Q2,3.954474875015923,2.1591098970313416,2.4673940027013286,0.7658683106849917,108
340500,马鞍山,Q2,3.5307053397803934,2.0267465952376496,2.1542583660311587,0.7413261000265736,109
350800,龙岩,Q2,4.980883217494725,2.449876835321252,3.246418370621762,0.8388484428769161,110
610300,宝鸡,Q2,3.491043408725414,1.9644480871000791,2.1862587982716786,0.7590443192823093,111
421100,黄冈,Q2,4.082805211968976,2.165170351319268,2.580211596832682,0.7637574421389459,112
340800,安庆,Q2,4.096623310629166,2.154449100923017,2.591530821909238,0.7580471037534453,113
445300,云浮,Q2,5.17796551801275,2.5669628225441388,3.373681738426093,0.8650139871835938,114
230600,大庆,Q2,0.8809459242627771,1.218179201236835,0.2803509927255643,0.6200696590604071,115
411500,信阳,Q2,3.85386229295468,2.104324314310313,2.4011290765643567,0.7523398386873881,116
420600,襄阳,Q2,3.964438267730963,2.0722185044962598,2.526818310836143,0.7494961864545235,117
210400,抚顺,Q2,1.6168490201640573,1.499452637229748,0.7666033110990567,0.6565878818195925,118
441400,梅州,Q2,5.04279860360326,2.5004416395739693,3.281238615616755,0.8473681301047975,119
360400,九江,Q2,4.349592425924587,2.2280084976388226,2.7846660886423624,0.7711553787645764,120
440700,江门,Q2,5.228223916217289,2.6495485117941757,3.3748288304543683,0.8796614956549043,121
620500,天水,Q2,2.377007930331021,1.837468734571801,1.2014615331487732,0.730015853608057,122
341700,池州,Q2,4.19448279873913,2.1457364956580127,2.680600845792447,0.7492058453823613,123
340300,蚌埠,Q2,3.531743775804164,2.0470142901720223,2.14666556392058,0.7401598626513239,124
350300,莆田,Q2,4.3378789550766905,2.5388636777626594,2.576784391126963,0.8469123152599067,125
220400,辽源,Q2,1.327076366564106,1.4245026889187828,0.5462677449705522,0.6449235950782173,126
340200,芜湖,Q2,3.896034157673767,2.0679181144881875,2.4555444381658686,0.7370917403940247,127
360100,南昌,Q2,4.431846475664414,2.2249789112938734,2.867393578569377,0.7669056215434233,128
210500,本溪,Q2,1.7897648536339572,1.542334817013602,0.8961051855727487,0.6606187173700651,129
320100,南京,Q2,3.53642935243923,2.02052871172036,2.160305858194378,0.7313168526570824,130
340100,合肥,Q2,3.7667265847000975,2.0786967894909525,2.325070266664242,0.7429483990731178,131
441600,河源,Q2,4.994123553605578,2.480319911847761,3.2531195653301204,0.8395766008461036,132
220600,白山,Q2,1.458634277711912,1.4736480746299296,0.6328731222448702,0.6518367058907071,133
450900,玉林,Q2,5.108106054509798,2.5233609093544773,3.3077274094433395,0.8508438993939382,134
330900,舟山,Q2,2.973275126994501,2.332651547458009,1.425811631998819,0.8117120374188325,135
421300,随州,Q2,3.835394283746507,2.10653714523652,2.3827856895838107,0.750549690479474,136
440100,广州,Q2,5.156007377171434,2.5307559380298272,3.378840137327832,0.8471948761217263,137
420800,荆门,Q2,3.949360813065428,2.134538162108424,2.467379965812877,0.7559138254945585,138
320500,苏州,Q2,3.654804423514113,2.1158511089395926,2.2073339013285675,0.7494700460664472,139
441700,阳江,Q2,5.126633166449324,2.661100776381642,3.271053231139409,0.8817256969130938,140
341100,滁州,Q2,3.5120667011482976,2.0241176061222,2.131592823568296,0.7299373890177208,141
532600,文山,Q2,4.243336222711269,2.5138293040799065,2.4938583567584605,0.8580949891547673,142
210600,丹东,Q2,1.8822422940078851,1.6058663037898713,0.933023066546146,0.6668500079418216,143
340700,铜陵,Q2,4.077712087959018,2.0917158738153363,2.60227612675763,0.7346871216903361,144
220100,长春,Q2,1.1401140589768044,1.3481581382655872,0.4259699993955923,0.6291204400566741,145
530300,曲靖,Q2,3.3061527308543504,2.3337918435593297,1.7238261127987542,0.8161140925182941,146
420100,武汉,Q2,4.160161543364449,2.161965031045465,2.642565995373713,0.7513429750167777,147
211200,铁岭,Q2,1.5004580305116866,1.4444961142981771,0.6917872085624222,0.6395602812881984,148
320400,常州,Q2,3.667266286102855,2.078138388556905,2.2466928759748983,0.7371229265952239,149
350500,泉州,Q2,4.5952382555001,2.497364899390786,2.841028540124801,0.8316549335032342,150
330400,嘉兴,Q2,3.818513452851669,2.109511812287934,2.350060335356452,0.7442553271634011,151
340400,淮南,Q2,3.710288425421116,2.046915166695018,2.2869045420292444,0.7284276643752419,152
321100,镇江,Q2,3.6228373403995207,2.0252417642486087,2.227831338180297,0.7213884660925318,153
220300,四平,Q2,1.362358936273167,1.3928279521195464,0.5928305030710845,0.6272773096557049,154
310000,上海,Q2,3.507644329078796,2.128548900265881,2.055672385113261,0.7490559597700175,155
450700,钦州,Q2,5.086264166337373,2.5812200757078463,3.238370168008076,0.8513534576953141,156
411300,南阳,Q2,3.884375199983081,2.0273906657114926,2.4658830580020386,0.7321565512173889,157
220700,松原,Q2,1.0712894403688278,1.2803584479240238,0.3960066345289892,0.6098105263885767,158
321200,泰州,Q2,3.506449772052456,1.9997770679862856,2.139335466325209,0.7192614089821525,159
341200,阜阳,Q2,3.6899310078284175,2.01216811522531,2.296036882880581,0.7137223113938385,160
320600,南通,Q2,3.469580994827326,2.034996166810843,2.0832057412552007,0.7276394435756117,161
320200,无锡,Q2,3.5566334869057137,2.057710855530748,2.1551859827719566,0.7257456921671901,162
450600,防城港,Q2,5.009205670421735,2.607757845553249,3.1366409337296286,0.8478013080625235,163
420900,孝感,Q2,3.96387116803647,2.0970146494973863,2.4937843777566027,0.731935011905116,164
152200,兴安,Q2,1.0736445955521037,1.1778156544191454,0.4617863839824876,0.5879757223839821,165
321000,扬州,Q2,3.527870497113184,1.998461615083702,2.156427774108161,0.7132405344178805,166
411700,驻马店,Q2,3.745962007989889,2.0260193391486325,2.337244047843212,0.7190089134892386,167
440900,茂名,Q2,5.140130310305313,2.5966582883619305,3.3083828448603247,0.8519246102160372,168
410400,平顶山,Q2,3.877205207291557,1.964935837333348,2.4955775927794965,0.7095653484921582,169
320700,连云港,Q3,3.163012679169963,1.9745980108621275,1.8420905793712803,0.7124254601354796,170
321300,宿迁,Q3,3.2898188877388934,1.9640703370646275,1.9660545007914365,0.7033274000765255,171
441300,惠州,Q3,5.1718012871821095,2.4875400454845487,3.3935915696656105,0.822969206763613,172
210100,沈阳,Q3,1.693631763163772,1.455947885332609,0.846011635452748,0.6255013180599178,173
211000,辽阳,Q3,1.8639601241256631,1.503686607273691,0.9694385284458652,0.6347704465572868,174
320800,淮安,Q3,3.376115137239233,1.9790274412436528,2.031247019855153,0.7029275553546155,175
210300,鞍山,Q3,1.8509895453163503,1.5379535728638594,0.934510048162962,0.6390939020428865,176
445200,揭阳,Q3,4.986821551735265,2.500978172607926,3.200946099312163,0.8224682015911089,177
513400,凉山,Q3,3.522538638961304,2.146618118770172,2.0613541862555484,0.7573207779012936,178
341300,宿州,Q3,3.429048830425208,1.9688805312057407,2.092476624634898,0.7040953225560198,179
320300,徐州,Q3,3.309417503209344,1.923158091807653,2.0118446504184595,0.6963020426920874,180
610100,西安,Q3,4.200144738964262,1.9662584206112,2.8092326244995025,0.7233216084931771,181
442000,中山,Q3,5.02906132969736,2.556127801776276,3.2219763190230344,0.8350868514973575,182
220800,白城,Q3,1.1097944088395817,1.2016463057399562,0.4774133839480665,0.5864305610174814,183
620800,平凉,Q3,2.4707778596202656,1.7702705084118753,1.3175795546793267,0.6917509698797453,184
320900,盐城,Q3,3.2931909247960744,1.9585008265455173,1.9663083580239824,0.7066974874865073,185
532500,红河,Q3,4.13548094409566,2.4687693447244863,2.405734713971297,0.8286314013106644,186
371700,菏泽,Q3,3.314130408422211,1.8862583373960409,2.046612203021847,0.6896886364503141,187
340600,淮北,Q3,3.5029425707531425,1.9930497281844373,2.143786735053088,0.7049462537618734,188
341600,亳州,Q3,3.598564117620695,1.976150957770284,2.232430857153611,0.7007047446468961,189
441900,东莞,Q3,5.117681080352221,2.4946448688907497,3.3423964029074105,0.816957795526374,190
371300,临沂,Q3,3.0569074778150407,1.8747873579418872,1.8035222558538957,0.6862971400580786,191
350600,漳州,Q3,5.028534557989195,2.44683972226567,3.2784751664007405,0.8094213142936235,192
411400,商丘,Q3,3.481074218879576,1.930332729199824,2.158489721588941,0.6926143156275932,193
410300,洛阳,Q3,3.719398517843664,1.8915493883782108,2.404939584698096,0.6975075180662538,194
210900,阜新,Q3,1.6885428575138084,1.4315004364396922,0.857320949397633,0.6157650269250192,195
210700,锦州,Q3,1.731050154334146,1.480808585994975,0.8553773108119778,0.6199422458763593,196
370400,枣庄,Q3,3.2356542916443853,1.8995344000479752,1.951338462485519,0.685862010958882,197
211100,盘锦,Q3,1.702710590757106,1.497634366243683,0.81494427954798,0.6206925795843254,198
440300,深圳,Q3,4.9943483514540254,2.5295262395981237,3.192737948135438,0.824161554599101,199
441500,汕尾,Q3,4.594204945761948,2.4663932641559194,2.84687012317264,0.8036381253650138,200
445100,潮州,Q3,4.90008096741037,2.462093894611584,3.139711978920712,0.8027489677478572,201
410800,焦作,Q3,3.43772773603348,1.8291203275697,2.1901680073310503,0.6831134360694602,202
210800,营口,Q3,1.7738551298039251,1.5415370308591747,0.8507328486545562,0.626496332375015,203
370300,淄博,Q3,3.015292006883108,1.7599250005342126,1.850314715259116,0.6612842990842305,204
110000,北京,Q3,2.7867457401914653,1.535419755112466,1.7983010656304366,0.621418769619031,205
370700,潍坊,Q3,2.7688654153682712,1.760560713218173,1.613294592326664,0.6554608705958476,206
533300,怒江,Q3,3.7261138954504114,2.1683674357535043,2.2029868976441325,0.7360698604867544,207
440400,珠海,Q3,4.875687387048089,2.5451192787425247,3.0647235944565754,0.8155727258775336,208
410100,郑州,Q3,3.5703302788049784,1.8731865150081184,2.2769546270677177,0.682479413308279,209
440500,汕头,Q3,4.629668927557984,2.4882344592209726,2.868480174816357,0.8076997871681479,210
370800,济宁,Q3,3.2085403046655303,1.846881216566465,1.9613404950879156,0.6707999986801383,211
411200,三门峡,Q3,3.5156904139605816,1.84803584711728,2.237146740625984,0.6789333301622014,212
411100,漯河,Q3,3.745781931758807,1.952958140894312,2.375011728093024,0.6859912272389801,213
130800,承德,Q3,2.247648198816488,1.4861769720550644,1.3097587629974372,0.6037561330047403,214
410700,新乡,Q3,3.3088868375226177,1.8188571880827231,2.074738012126009,0.6721260679020125,215
371100,日照,Q3,2.676031978408866,1.8292739300733496,1.4635329611622172,0.6634991569008264,216
411600,周口,Q3,3.626600088670884,1.9257750839104528,2.282334145686038,0.6822121557983118,217
610400,咸阳,Q3,3.7239719550493655,1.859737812525819,2.4246251410627195,0.6875409185323589,218
130200,唐山,Q3,2.4835639614398053,1.5891221343573791,1.4747213769731091,0.6283951848822911,219
140300,阳泉,Q3,2.593089991092934,1.668742828413894,1.507200169825018,0.6369144163330676,220
210200,大连,Q3,1.7524472289926374,1.5974202928171977,0.7836725575132597,0.6325299574499343,221
211300,朝阳,Q3,1.7891525678137563,1.4470960873824934,0.9240132783347564,0.60120649374793,222
610200,铜川,Q3,3.5382327447245787,1.824245980381889,2.273629709221625,0.6780168600822645,223
140500,晋城,Q3,3.089813364223093,1.7813216291761025,1.8868564496226536,0.6668962393131306,224
150500,通辽,Q3,1.4753550483000977,1.302977904677105,0.7289321702947715,0.5825795645059362,225
640400,固原,Q3,1.8645805637150128,1.6492342638533497,0.821522147149123,0.6494577782296007,226
411000,许昌,Q3,3.7060935471116654,1.886967331177014,2.372871313155822,0.6723658421277534,227
370100,济南,Q3,3.0391180530428885,1.757543434441322,1.866102305697659,0.6552256338655083,228
130300,秦皇岛,Q3,1.9499034203523724,1.5838366562990205,0.967250238819628,0.6238143635646454,229
410200,开封,Q3,3.4150615788449024,1.8722914800916255,2.125386612975788,0.6732740296490514,230
120000,天津,Q3,2.692844403683625,1.601778372640994,1.667666095539544,0.6267714587572693,231
652700,博州,Q3,2.760080551134392,1.403613837484241,1.867685197097724,0.6140150541631639,232
370900,泰安,Q3,3.120275146180252,1.7769782437432324,1.924098409599728,0.6549519321187525,233
350200,厦门,Q3,4.789409480357953,2.4369935808038035,3.0431845046350547,0.7822992883382174,234
130400,邯郸,Q3,3.283020674898407,1.7509150882947244,2.089675216096732,0.6533065913701952,235
211400,葫芦岛,Q3,1.7885012367423458,1.5292116548111911,0.8548423504905811,0.6129559518063044,236
150400,赤峰,Q3,1.5059958033741383,1.339834354481351,0.7237858146452947,0.5827047059734802,237
410600,鹤壁,Q3,3.3304039686582687,1.7968791112796811,2.098339546944916,0.6611338955843316,238
130500,邢台,Q3,3.228181825888932,1.719644868674619,2.064110718307699,0.6477924005332758,239
370600,烟台,Q3,2.366314969072936,1.7639424442103646,1.22428633381082,0.6571061839879988,240
131000,廊坊,Q3,2.8042499096381457,1.5735932576575573,1.7814392370981924,0.6188727136606786,241
140100,太原,Q3,2.601833709369128,1.6095572301428662,1.554454074177647,0.629880392186255,242
140400,长治,Q3,2.716177778889173,1.6949638709321757,1.5913861219552627,0.6470431331291548,243
140700,晋中,Q3,2.75698817303458,1.6643989029885065,1.656389103019107,0.6359704189118576,244
130600,保定,Q3,3.0028028798071205,1.5791701501359556,1.9556093066043667,0.6179707087958786,245
610600,延安,Q3,2.6902379229057694,1.6992341000832134,1.5549532868152085,0.6474149975359333,246
621000,庆阳,Q3,2.4532387208389794,1.686210966336943,1.3411066409789951,0.6476304368506547,247
610500,渭南,Q3,3.637320965689295,1.8042908099810795,2.3676925699559925,0.6631001382226165,248
371600,滨州,Q3,2.8782082745510085,1.7092631892290155,1.7554972705747796,0.6433672554208902,249
130700,张家口,Q3,2.178205813976919,1.4486652201320949,1.2724642098469463,0.5965489050921757,250
533100,德宏,Q3,4.75412316505095,2.238841789434076,3.125177329119211,0.7417560806652679,251
410500,安阳,Q3,3.342488425762413,1.780156970455482,2.11558961521523,0.6545574706427804,252
130100,石家庄,Q3,3.084577595914806,1.6327736455118869,1.992525187601557,0.6281617508309134,253
141000,临汾,Q4,3.164366026552301,1.732416051540664,1.9735619873976875,0.648901819652048,254
410900,濮阳,Q4,3.3706781336667824,1.7975505501565123,2.1306591326448965,0.6543851430803382,255
140800,运城,Q4,3.305678917582111,1.7773217313555412,2.081057342528081,0.6553952659453577,256
371000,威海,Q4,2.1602639239928,1.790214531673029,1.017544658724212,0.6601673625645121,257
530400,玉溪,Q4,3.721430027183725,2.303833742430328,2.114302221036235,0.7700826417430973,258
370200,青岛,Q4,2.406039591870379,1.7591582054249375,1.2552572897653214,0.641661492710166,259
440800,湛江,Q4,5.119502580914959,2.505115197509933,3.2977900525250403,0.793331853837298,260
450500,北海,Q4,4.862557467684869,2.451362465257368,3.0610855598695697,0.7782642169516407,261
152500,锡林郭勒,Q4,1.2050996173084585,1.2740530254673257,0.4716503393978666,0.5669463324237567,262
130900,沧州,Q4,2.818036303130156,1.6273957821914875,1.7516279849731695,0.6200300062136899,263
654300,阿勒泰,Q4,1.8746668787658072,1.1978562242155988,1.1443266887900538,0.5603731636997233,264
371400,德州,Q4,2.9899078005312107,1.7046708576343494,1.8487993036746089,0.6338656317660618,265
370500,东营,Q4,2.713212355441885,1.7142364001901944,1.5866186061696652,0.633753594796227,266
140900,忻州,Q4,2.350831275442577,1.5221380679263374,1.3699435315930542,0.6043689135199148,267
530100,昆明,Q4,3.3280014006637826,2.21756982032888,1.799029276716313,0.7476416945920938,268
131100,衡水,Q4,3.120122851647245,1.6841350860026916,1.9846922905303763,0.6338370626448597,269
654200,塔城,Q4,2.36664185122224,1.2481765377290177,1.5755148047912335,0.5730441529041341,270
371500,聊城,Q4,3.1804427962858206,1.7688218436103131,1.984649794775839,0.6445835231773112,271
140200,大同,Q4,2.1516537265040547,1.4711631727029273,1.2200438461715368,0.5908599980685381,272
654000,伊犁,Q4,2.749992799835677,1.349509649804692,1.859727112622389,0.5867039359490844,273
530500,保山,Q4,4.267726575776698,2.1717785895996933,2.696946883840124,0.720809752673901,274
510400,攀枝花,Q4,4.6573844730387615,2.09911004283041,3.13392075667438,0.7146058958043877,275
460400,儋州,Q4,5.095958285997093,2.459073909375032,3.294805992064309,0.7856622414320169,276
621100,定西,Q4,1.969153707118787,1.580420318996434,0.930236888204683,0.6175830257521664,277
141100,吕梁,Q4,2.537122270211189,1.5924083467579342,1.4781430328260514,0.6108993827502962,278
530800,普洱,Q4,4.556712223814152,2.2602812449787457,2.916089412899358,0.7468327769366123,279
140600,朔州,Q4,2.011518226919873,1.456372624438251,1.0981529886835428,0.5863388205186171,280
650200,克拉玛依,Q4,2.3145334003146,1.2272199385708005,1.5394733787961634,0.56533196614732,281
532800,西双版纳,Q4,5.58717861570428,2.285266031383082,3.8493179298499935,0.7464749104875379,282
150900,乌兰察布,Q4,1.521286918340592,1.34819336533627,0.7048567360831148,0.5588848991775919,283
610800,榆林,Q4,2.125293444407328,1.513651484270384,1.127159739324246,0.592338052393937,284
652300,昌吉,Q4,2.521657471527461,1.2148127966630673,1.7271145027993873,0.5480307837035348,285
150100,呼和浩特,Q4,1.8423968127789123,1.4188461889522497,0.9542710638650532,0.5673429317799794,286
532900,大理,Q4,3.7576891648611,2.119493967979591,2.2348913453614783,0.6946978672207393,287
530700,丽江,Q4,3.4246785368444943,2.028220171268158,2.001123316118947,0.6881865707118129,288
530900,临沧,Q4,4.361570327685871,2.195464470289199,2.7653468797574465,0.7176390206755645,289
650100,乌鲁木齐,Q4,2.309816273518672,1.2316737770160735,1.5129308453941448,0.548717586797709,290
150200,包头,Q4,1.7249260012730303,1.3460502931425866,0.8754427754232186,0.5508658635019925,291
620400,白银,Q4,1.9521297984594452,1.4445726267440673,0.992881437684523,0.5744178160420166,292
622900,临夏,Q4,1.9828781923372676,1.466792458053412,1.002060672694527,0.5752931528129057,293
513200,阿坝,Q4,1.9744311640525811,1.6653134197289976,0.8761885977079276,0.6010132743186958,294
623000,甘南,Q4,1.5330371373917906,1.5234029233470503,0.5516193492919541,0.5861632176338283,295
532300,楚雄,Q4,3.532777721712299,2.0685023087639864,2.06861797913227,0.6910563299563632,296
460100,海口,Q4,4.973402796174486,2.473213613366654,3.137876368949688,0.751936589769886,297
620100,兰州,Q4,2.0635564520707472,1.427684980578947,1.1013467141473887,0.5681595779919446,298
150600,鄂尔多斯,Q4,1.958158359090878,1.3661564092953826,1.058287994068574,0.5484245299524071,299
630200,海东,Q4,1.829878624416792,1.4157350101180022,0.9073091238823938,0.5635897893744524,300
640300,吴忠,Q4,2.1202026491743187,1.4308103443628983,1.1662157816369143,0.5671551924730345,301
640500,中卫,Q4,1.895227948125844,1.4141029982660092,0.96286303578903,0.5611463091255819,302
460200,三亚,Q4,5.12425749218921,2.5842100570662385,3.231955787189489,0.7740668401120976,303
533400,迪庆,Q4,2.329582014819476,1.8986376468724144,1.0581620761099364,0.6456946437541466,304
540400,林芝,Q4,1.7768875529068806,1.7663019429329685,0.5980938218196341,0.6081000431631622,305
640100,银川,Q4,2.2891966474899883,1.3623297670096068,1.3646977706516903,0.5467627268691988,306
640200,石嘴山,Q4,2.48825753666988,1.345219406447784,1.5560971249835245,0.5377350280787008,307
150800,巴彦淖尔,Q4,1.8239286788501063,1.248459540620983,1.0054333345735245,0.5188960542741317,308
650500,哈密,Q4,2.549979407577907,1.1616632291453488,1.7556293902266873,0.5087086949586261,309
150300,乌海,Q4,2.025927751758516,1.3236646576674005,1.141206804785555,0.5288948599495358,310
650400,吐鲁番,Q4,3.110975060320098,1.2115733304500775,2.255570738950352,0.5167741958043814,311
632300,黄南,Q4,1.343570203322164,1.405846048459214,0.4374639577458872,0.5440837323345216,312
620600,武威,Q4,1.92319483536354,1.2835819001141502,1.0710120697188463,0.5216432947686922,313
652900,阿克苏,Q4,2.943472773491451,1.3015748969836372,2.009678049248897,0.5253701769680319,314
620300,金昌,Q4,1.8596099863167348,1.24856733805212,1.0189080718568722,0.509846226099353,315
620200,嘉峪关,Q4,1.7986632302130934,1.1891101861363662,0.9974409472214952,0.50078872748891,316
630100,西宁,Q4,1.581273665884253,1.2945068598277487,0.748935382323479,0.5199240969026686,317
152900,阿拉善,Q4,1.789893697074274,1.178678861802385,1.0065416156405993,0.497514880692318,318
620700,张掖,Q4,1.971302804943842,1.1645570364730684,1.1760036105046725,0.4883906986243858,319
632200,海北,Q4,1.5716898890729247,1.209145324410188,0.7814538872549903,0.4914711594033338,320
632500,海南,Q4,1.3293441805862782,1.2992441858679094,0.492901061259432,0.5106166095885545,321
513300,甘孜,Q4,1.657004562582065,1.5918031941888344,0.5811516890100732,0.5408628800389614,322
620900,酒泉,Q4,1.8066121318412565,1.1255155660556015,1.047100228396047,0.4728040224926566,323
652800,巴州,Q4,2.484763664820999,1.2282538392238918,1.6220459526058884,0.4904773776665427,324
653000,克州,Q4,3.061672302029983,1.2503191692686766,2.1106428107440234,0.4836357353482423,325
460300,三沙,Q4,4.618746875440194,2.4229978505533545,2.765258952183669,0.674357707556128,326
632600,果洛,Q4,0.8825405469145231,1.316528381240034,0.0467722756779975,0.4953343888085992,327
653100,喀什,Q4,2.899423259306277,1.2527059606648017,1.9582669731607272,0.4762106624732531,328
540300,昌都,Q4,1.4962916760578038,1.4854214434876667,0.4787277371480103,0.4926896884123621,329
653200,和田,Q4,2.4280815334323025,1.202826437963922,1.5643892176109953,0.461387772425037,330
632800,海西,Q4,1.297517563062511,1.1733835353684663,0.5235634054775673,0.4565744678011629,331
632700,玉树,Q4,0.8543052441972732,1.2736673021896738,0.0289793377759917,0.4638772695502391,332
540500,山南,Q4,1.749793061855609,1.436873748336498,0.7168082837621714,0.471258990169332,333
540600,那曲,Q4,1.0637298825795891,1.2048881835385885,0.2497025820091147,0.4286652476877206,334
540100,拉萨,Q4,1.3990185855198511,1.3107082524612237,0.4688055128978297,0.4374217122172119,335
540200,日喀则,Q4,1.5101960668619574,1.2615923614647917,0.6152190894175957,0.4261834321421798,336
542500,阿里,Q4,1.089206428711731,1.0953170249044852,0.3618015016131126,0.4021288981309601,337
