adcode,city,province,ghi_kwh_m2,ghi_quartile,plot_order
520300,遵义,贵州,1082.059980658043,Q1,1
511500,宜宾,四川,1109.3088091483291,Q1,2
511100,乐山,四川,1123.507369932016,Q1,3
510500,泸州,四川,1131.7156001639194,Q1,4
511600,广安,四川,1151.41864476644,Q1,5
520600,铜仁,贵州,1173.042495253287,Q1,6
520100,贵阳,贵州,1178.1285375431166,Q1,7
500000,重庆,重庆,1188.3982845505996,Q1,8
422800,恩施,湖北,1203.3134135448677,Q1,9
520400,安顺,贵州,1204.514402605409,Q1,10
520500,毕节,贵州,1212.7815571169283,Q1,11
511900,巴中,四川,1213.6092297016835,Q1,12
511700,达州,四川,1222.3085861909058,Q1,13
511400,眉山,四川,1223.958649374658,Q1,14
433100,湘西,湖南,1228.5639471105442,Q1,15
522600,黔东南,贵州,1232.7550998904608,Q1,16
430800,张家界,湖南,1233.9775891817258,Q1,17
510300,自贡,四川,1234.6706274231683,Q1,18
510600,德阳,四川,1238.481182138925,Q1,19
510800,广元,四川,1238.8367300385114,Q1,20
530600,昭通,云南,1239.6202215619742,Q1,21
511300,南充,四川,1241.068464017794,Q1,22
522700,黔南,贵州,1241.693833176592,Q1,23
510100,成都,四川,1254.1261648472948,Q1,24
431200,怀化,湖南,1258.5394244156105,Q1,25
512000,资阳,四川,1260.1449123932043,Q1,26
510900,遂宁,四川,1261.2782882234158,Q1,27
520200,六盘水,贵州,1265.798544550987,Q1,28
511000,内江,四川,1271.753904632168,Q1,29
232700,大兴安岭,黑龙江,1275.2705511969114,Q1,30
510700,绵阳,四川,1276.9171116794369,Q1,31
451200,河池,广西,1289.9549894064637,Q1,32
450300,桂林,广西,1294.0025213020797,Q1,33
511800,雅安,四川,1296.2968377132863,Q1,34
450200,柳州,广西,1303.9186434390745,Q1,35
431300,娄底,湖南,1306.0917566709618,Q1,36
522300,黔西南,贵州,1309.1692997611783,Q1,37
431000,郴州,湖南,1312.4716748616424,Q1,38
430500,邵阳,湖南,1318.0042874717935,Q1,39
430900,益阳,湖南,1322.902422985212,Q1,40
430700,常德,湖南,1326.4911930249662,Q1,41
610700,汉中,陕西,1331.4060917537784,Q1,42
431100,永州,湖南,1334.3002836741784,Q1,43
610900,安康,陕西,1343.6213584270822,Q1,44
330600,绍兴,浙江,1345.0819342862758,Q1,45
420300,十堰,湖北,1349.683970196473,Q1,46
231100,黑河,黑龙江,1353.5501769643597,Q1,47
330100,杭州,浙江,1354.0543724159952,Q1,48
451100,贺州,广西,1355.5191849445516,Q1,49
361000,抚州,江西,1357.4425727481578,Q1,50
331000,台州,浙江,1360.6121700354602,Q1,51
230500,双鸭山,黑龙江,1361.2721600448967,Q1,52
420500,宜昌,湖北,1361.6892865504462,Q1,53
451400,崇左,广西,1365.5209433604532,Q1,54
430400,衡阳,湖南,1365.8733447923073,Q1,55
430300,湘潭,湖南,1367.9509904795786,Q1,56
621200,陇南,甘肃,1368.583828895678,Q1,57
430100,长沙,湖南,1369.1281483797095,Q1,58
230700,伊春,黑龙江,1369.7830454466523,Q1,59
440200,韶关,广东,1370.108572205095,Q1,60
430200,株洲,湖南,1370.661229366538,Q1,61
230800,佳木斯,黑龙江,1374.0752652219462,Q1,62
451000,百色,广西,1376.9056799624652,Q1,63
330800,衢州,浙江,1377.6247836047469,Q1,64
430600,岳阳,湖南,1378.1098060854383,Q1,65
230400,鹤岗,黑龙江,1378.9184026612477,Q1,66
360500,新余,江西,1379.3376582877834,Q1,67
150700,呼伦贝尔,内蒙古,1380.5424359033027,Q1,68
360600,鹰潭,江西,1381.3044846903158,Q1,69
451300,来宾,广西,1382.136150366715,Q1,70
450800,贵港,广西,1383.2724532963578,Q1,71
331100,丽水,浙江,1383.562460664181,Q1,72
360800,吉安,江西,1383.593742855386,Q1,73
350900,宁德,福建,1385.176196258874,Q1,74
450100,南宁,广西,1387.4070789624882,Q1,75
441800,清远,广东,1389.5899325116422,Q1,76
341000,黄山,安徽,1392.2004096820342,Q1,77
230900,七台河,黑龙江,1392.5584277760777,Q1,78
230100,哈尔滨,黑龙江,1393.3259273111717,Q1,79
360900,宜春,江西,1394.805586738404,Q1,80
231000,牡丹江,黑龙江,1395.5513625454396,Q1,81
231200,绥化,黑龙江,1396.4516158557874,Q1,82
330200,宁波,浙江,1399.2802530383708,Q1,83
360300,萍乡,江西,1402.2042322087443,Q1,84
330700,金华,浙江,1403.19132835223,Q1,85
350400,三明,福建,1404.5233921732474,Q2,86
420700,鄂州,湖北,1405.638311472904,Q2,87
420200,黄石,湖北,1406.092703699968,Q2,88
230200,齐齐哈尔,黑龙江,1410.7139207534472,Q2,89
441200,肇庆,广东,1411.1108215364234,Q2,90
350100,福州,福建,1411.580313500721,Q2,91
230300,鸡西,黑龙江,1415.1652402696564,Q2,92
350700,南平,福建,1417.0233320734317,Q2,93
361100,上饶,江西,1418.3468298617115,Q2,94
222400,延边,吉林,1419.390939573914,Q2,95
330300,温州,浙江,1420.9125476163144,Q2,96
421000,荆州,湖北,1425.2500029320615,Q2,97
360200,景德镇,江西,1425.9267544053675,Q2,98
360700,赣州,江西,1427.0648699018498,Q2,99
341500,六安,安徽,1432.254574960332,Q2,100
450400,梧州,广西,1435.1321359193269,Q2,101
220200,吉林,吉林,1436.1734975523366,Q2,102
421200,咸宁,湖北,1438.375772135401,Q2,103
341800,宣城,安徽,1439.7044841162424,Q2,104
440600,佛山,广东,1441.363001435404,Q2,105
220500,通化,吉林,1441.3762615457067,Q2,106
611000,商洛,陕西,1442.962643883927,Q2,107
330500,湖州,浙江,1443.0618285976764,Q2,108
340500,马鞍山,安徽,1443.731428946374,Q2,109
350800,龙岩,福建,1445.3089331777649,Q2,110
610300,宝鸡,陕西,1446.251023359845,Q2,111
421100,黄冈,湖北,1449.449058728613,Q2,112
340800,安庆,安徽,1449.7577737864478,Q2,113
445300,云浮,广东,1451.4337935767471,Q2,114
230600,大庆,黑龙江,1451.9391854448943,Q2,115
411500,信阳,河南,1455.704493781449,Q2,116
420600,襄阳,湖北,1455.889926754675,Q2,117
210400,抚顺,辽宁,1457.984651052384,Q2,118
441400,梅州,广东,1458.2245041178564,Q2,119
360400,九江,江西,1459.1987714955503,Q2,120
440700,江门,广东,1460.680027060729,Q2,121
620500,天水,甘肃,1460.9400825679936,Q2,122
341700,池州,安徽,1461.7506206999972,Q2,123
340300,蚌埠,安徽,1462.4036690000048,Q2,124
350300,莆田,福建,1464.0772382997304,Q2,125
220400,辽源,吉林,1465.0014248796742,Q2,126
340200,芜湖,安徽,1465.180912895955,Q2,127
360100,南昌,江西,1465.3042557661222,Q2,128
210500,本溪,辽宁,1466.2046771226703,Q2,129
320100,南京,江苏,1466.840315474105,Q2,130
340100,合肥,安徽,1467.0944169821453,Q2,131
441600,河源,广东,1467.6178934423597,Q2,132
220600,白山,吉林,1468.0922063483997,Q2,133
450900,玉林,广西,1469.8391033070334,Q2,134
330900,舟山,浙江,1471.4267999999995,Q2,135
421300,随州,湖北,1473.132105787343,Q2,136
440100,广州,广东,1474.212815500493,Q2,137
420800,荆门,湖北,1475.8246619108954,Q2,138
320500,苏州,江苏,1476.5869861364338,Q2,139
441700,阳江,广东,1477.216308771218,Q2,140
341100,滁州,安徽,1477.3220863414078,Q2,141
532600,文山,云南,1478.716117479084,Q2,142
210600,丹东,辽宁,1479.7675106557372,Q2,143
340700,铜陵,安徽,1481.5632424795622,Q2,144
220100,长春,吉林,1483.8809891835365,Q2,145
530300,曲靖,云南,1483.8820954992168,Q2,146
420100,武汉,湖北,1484.5137491253336,Q2,147
211200,铁岭,辽宁,1485.5249420412426,Q2,148
320400,常州,江苏,1487.1060269267964,Q2,149
350500,泉州,福建,1493.8026635714514,Q2,150
330400,嘉兴,浙江,1494.064577194848,Q2,151
340400,淮南,安徽,1495.742837202016,Q2,152
321100,镇江,江苏,1500.00927960364,Q2,153
220300,四平,吉林,1501.3810431172762,Q2,154
310000,上海,上海,1503.459350078447,Q2,155
450700,钦州,广西,1503.4891913971117,Q2,156
411300,南阳,河南,1504.03528908879,Q2,157
220700,松原,吉林,1506.5661919269087,Q2,158
321200,泰州,江苏,1506.7551748176522,Q2,159
341200,阜阳,安徽,1508.0481964240985,Q2,160
320600,南通,江苏,1508.5231074721387,Q2,161
320200,无锡,江苏,1508.9878898226934,Q2,162
450600,防城港,广西,1510.859263966033,Q2,163
420900,孝感,湖北,1512.4974697912785,Q2,164
152200,兴安,内蒙古,1513.5662345130204,Q2,165
321000,扬州,江苏,1513.6568021569874,Q2,166
411700,驻马店,河南,1515.2738200383887,Q2,167
440900,茂名,广东,1517.360529347399,Q2,168
410400,平顶山,河南,1519.778516580344,Q2,169
320700,连云港,江苏,1522.6976258995978,Q3,170
321300,宿迁,江苏,1524.826479333945,Q3,171
441300,惠州,广东,1526.0444692874491,Q3,172
210100,沈阳,辽宁,1526.4733864246782,Q3,173
211000,辽阳,辽宁,1526.4777011208778,Q3,174
320800,淮安,江苏,1526.7912663853415,Q3,175
210300,鞍山,辽宁,1527.77732347109,Q3,176
445200,揭阳,广东,1528.970212792166,Q3,177
513400,凉山,四川,1529.017003727207,Q3,178
341300,宿州,安徽,1529.7117042190828,Q3,179
320300,徐州,江苏,1531.7966572233831,Q3,180
610100,西安,陕西,1532.1069022150632,Q3,181
442000,中山,广东,1532.2706529557263,Q3,182
220800,白城,吉林,1532.3741477962112,Q3,183
620800,平凉,甘肃,1532.8258769601969,Q3,184
320900,盐城,江苏,1534.6543623850744,Q3,185
532500,红河,云南,1536.1483193801882,Q3,186
371700,菏泽,山东,1539.2803852419331,Q3,187
340600,淮北,安徽,1540.1085830885042,Q3,188
341600,亳州,安徽,1541.6740486531346,Q3,189
441900,东莞,广东,1542.1203335419725,Q3,190
371300,临沂,山东,1542.6086515887737,Q3,191
350600,漳州,福建,1543.517683011229,Q3,192
411400,商丘,河南,1545.275884875927,Q3,193
410300,洛阳,河南,1545.559733656056,Q3,194
210900,阜新,辽宁,1550.701846050335,Q3,195
210700,锦州,辽宁,1552.637223114657,Q3,196
370400,枣庄,山东,1558.4018978128372,Q3,197
211100,盘锦,辽宁,1561.6280718768237,Q3,198
440300,深圳,广东,1562.4408702622345,Q3,199
441500,汕尾,广东,1564.4642565443185,Q3,200
445100,潮州,广东,1565.3865626254965,Q3,201
410800,焦作,河南,1565.4402597074763,Q3,202
210800,营口,辽宁,1567.2377680991542,Q3,203
370300,淄博,山东,1567.856502155011,Q3,204
110000,北京,北京,1571.7872233027167,Q3,205
370700,潍坊,山东,1572.2679233216268,Q3,206
533300,怒江,云南,1572.4043574636537,Q3,207
440400,珠海,广东,1574.3725364197128,Q3,208
410100,郑州,河南,1575.1927162986915,Q3,209
440500,汕头,广东,1575.6575098161925,Q3,210
370800,济宁,山东,1576.0494850896305,Q3,211
411200,三门峡,河南,1576.51992921209,Q3,212
411100,漯河,河南,1576.840092902581,Q3,213
130800,承德,河北,1577.7094212199313,Q3,214
410700,新乡,河南,1577.9917604547911,Q3,215
371100,日照,山东,1581.2636004441715,Q3,216
411600,周口,河南,1582.2778929111976,Q3,217
610400,咸阳,陕西,1582.3671521852525,Q3,218
130200,唐山,河北,1583.0498176798174,Q3,219
140300,阳泉,山西,1585.173393428159,Q3,220
210200,大连,辽宁,1585.272205564081,Q3,221
211300,朝阳,辽宁,1588.1164917009555,Q3,222
610200,铜川,陕西,1589.103893988716,Q3,223
140500,晋城,山西,1590.2787566721877,Q3,224
150500,通辽,内蒙古,1592.032991988489,Q3,225
640400,固原,宁夏,1592.526333798373,Q3,226
411000,许昌,河南,1593.816179827857,Q3,227
370100,济南,山东,1594.559914140542,Q3,228
130300,秦皇岛,河北,1595.6181035049322,Q3,229
410200,开封,河南,1595.7395697529273,Q3,230
120000,天津,天津,1597.1274565237438,Q3,231
652700,博州,新疆,1597.3796298269303,Q3,232
370900,泰安,山东,1598.878707982115,Q3,233
350200,厦门,福建,1598.9409233541958,Q3,234
130400,邯郸,河北,1599.8407182074388,Q3,235
211400,葫芦岛,辽宁,1600.131112221121,Q3,236
150400,赤峰,内蒙古,1600.6178609274218,Q3,237
410600,鹤壁,河南,1602.859718860157,Q3,238
130500,邢台,河北,1602.8981891001197,Q3,239
370600,烟台,山东,1603.6006410157006,Q3,240
131000,廊坊,河北,1605.6711255784908,Q3,241
140100,太原,山西,1605.9681212806845,Q3,242
140400,长治,山西,1608.5002357646788,Q3,243
140700,晋中,山西,1609.2544319703218,Q3,244
130600,保定,河北,1609.538391589017,Q3,245
610600,延安,陕西,1610.1076513693945,Q3,246
621000,庆阳,甘肃,1610.9553492737434,Q3,247
610500,渭南,陕西,1611.0411570321642,Q3,248
371600,滨州,山东,1611.275768881263,Q3,249
130700,张家口,河北,1611.8595454565675,Q3,250
533100,德宏,云南,1614.3806825201568,Q3,251
410500,安阳,河南,1615.016522328698,Q3,252
130100,石家庄,河北,1615.800621772457,Q3,253
141000,临汾,山西,1616.3203912833694,Q4,254
410900,濮阳,河南,1616.6649345366277,Q4,255
140800,运城,山西,1618.0297731602564,Q4,256
371000,威海,山东,1621.0274573229133,Q4,257
530400,玉溪,云南,1622.4849517669068,Q4,258
370200,青岛,山东,1624.0041573253225,Q4,259
440800,湛江,广东,1625.3764860077654,Q4,260
450500,北海,广西,1626.1049508966391,Q4,261
152500,锡林郭勒,内蒙古,1626.4790631539845,Q4,262
130900,沧州,河北,1630.2171298489188,Q4,263
654300,阿勒泰,新疆,1631.374243460495,Q4,264
371400,德州,山东,1632.0581113102223,Q4,265
370500,东营,山东,1633.8130973381446,Q4,266
140900,忻州,山西,1634.0314046201,Q4,267
530100,昆明,云南,1636.1843045975295,Q4,268
131100,衡水,河北,1636.4766520932535,Q4,269
654200,塔城,新疆,1636.8982501877188,Q4,270
371500,聊城,山东,1637.0586808433634,Q4,271
140200,大同,山西,1637.7108710594669,Q4,272
654000,伊犁,新疆,1638.745723895719,Q4,273
530500,保山,云南,1640.3988032164873,Q4,274
510400,攀枝花,四川,1643.6350869673267,Q4,275
460400,儋州,海南,1647.377940613109,Q4,276
621100,定西,甘肃,1647.852211307645,Q4,277
141100,吕梁,山西,1648.9361737019249,Q4,278
530800,普洱,云南,1655.698598876493,Q4,279
140600,朔州,山西,1659.1719918106403,Q4,280
650200,克拉玛依,新疆,1659.672605809844,Q4,281
532800,西双版纳,云南,1667.2063085930802,Q4,282
150900,乌兰察布,内蒙古,1681.8438498207815,Q4,283
610800,榆林,陕西,1682.2733100975702,Q4,284
652300,昌吉,新疆,1685.604110948056,Q4,285
150100,呼和浩特,内蒙古,1686.6018858185582,Q4,286
532900,大理,云南,1687.0142661063644,Q4,287
530700,丽江,云南,1688.252807211563,Q4,288
530900,临沧,云南,1690.6679148563362,Q4,289
650100,乌鲁木齐,新疆,1695.294657747242,Q4,290
150200,包头,内蒙古,1708.2226311820732,Q4,291
620400,白银,甘肃,1718.1010725656392,Q4,292
622900,临夏,甘肃,1720.7082615352963,Q4,293
513200,阿坝,四川,1721.800817961169,Q4,294
623000,甘南,甘肃,1723.0518331952014,Q4,295
532300,楚雄,云南,1726.4524192694307,Q4,296
460100,海口,海南,1729.5477110072948,Q4,297
620100,兰州,甘肃,1730.230164312344,Q4,298
150600,鄂尔多斯,内蒙古,1738.9011457240972,Q4,299
630200,海东,青海,1739.975441249631,Q4,300
640300,吴忠,宁夏,1741.5685728546343,Q4,301
640500,中卫,宁夏,1746.293303567719,Q4,302
460200,三亚,海南,1748.878249824419,Q4,303
533400,迪庆,云南,1754.018633532388,Q4,304
540400,林芝,西藏,1764.6343947415078,Q4,305
640100,银川,宁夏,1765.5245672958563,Q4,306
640200,石嘴山,宁夏,1775.2065526808815,Q4,307
150800,巴彦淖尔,内蒙古,1775.7115739797998,Q4,308
650500,哈密,新疆,1783.077284360746,Q4,309
150300,乌海,内蒙古,1786.054096938852,Q4,310
650400,吐鲁番,新疆,1794.042951836877,Q4,311
632300,黄南,青海,1800.3166454676316,Q4,312
620600,武威,甘肃,1808.654673383921,Q4,313
652900,阿克苏,新疆,1820.722839935808,Q4,314
620300,金昌,甘肃,1827.3398885846727,Q4,315
620200,嘉峪关,甘肃,1830.0216693078248,Q4,316
630100,西宁,青海,1830.6123241304344,Q4,317
152900,阿拉善,内蒙古,1831.5932624804564,Q4,318
620700,张掖,甘肃,1858.616300863288,Q4,319
632200,海北,青海,1887.308590301453,Q4,320
632500,海南,青海,1890.341838123329,Q4,321
513300,甘孜,四川,1899.2810450757147,Q4,322
620900,酒泉,甘肃,1907.189216747464,Q4,323
652800,巴州,新疆,1920.102951953913,Q4,324
653000,克州,新疆,1937.829308632011,Q4,325
460300,三沙,海南,1948.7531,Q4,326
632600,果洛,青海,1967.8519499960364,Q4,327
653100,喀什,新疆,1977.9295181784787,Q4,328
540300,昌都,西藏,2009.5229632036617,Q4,329
653200,和田,新疆,2011.4327871732903,Q4,330
632800,海西,青海,2026.3769775995745,Q4,331
632700,玉树,青海,2054.165154014336,Q4,332
540500,山南,西藏,2058.101860696296,Q4,333
540600,那曲,西藏,2159.922104107574,Q4,334
540100,拉萨,西藏,2165.039789924765,Q4,335
540200,日喀则,西藏,2206.438504917948,Q4,336
542500,阿里,西藏,2246.833924968453,Q4,337
