adcode,city,city_fullname,province,province_fullname,province_code,admin_type,latitude,longitude,altitude_m,source_latitude,source_longitude,source_crs,cache_key,coordinate_source,source_version,source_url
110000,北京,北京市,北京,北京市,110000,municipality,39.900000,116.410000,50,39.905023,116.724502,GCJ-02,beijing,existing pvsim representative-city anchor,1.6.3,https://geojson.cn/api/china/1.6.3/110000.json
120000,天津,天津市,天津,天津市,120000,municipality,39.130000,117.200000,5,39.085318,117.201509,GCJ-02,tianjin,existing pvsim representative-city anchor,1.6.3,https://geojson.cn/api/china/1.6.3/120000.json
130100,石家庄,石家庄市,河北,河北省,130000,prefecture_level_city,38.040000,114.510000,80,38.042007,114.514976,GCJ-02,shijiazhuang,existing pvsim representative-city anchor,1.6.3,https://geojson.cn/api/china/1.6.3/130000.json
130200,唐山,唐山市,河北,河北省,130000,prefecture_level_city,39.629372,118.173871,,39.630680,118.180149,GCJ-02,city_130200,GeoJSON.CN GCJ-02 centre converted to WGS-84,1.6.3,https://geojson.cn/api/china/1.6.3/130000.json
130300,秦皇岛,秦皇岛市,河北,河北省,130000,prefecture_level_city,39.887014,119.514248,,39.888243,119.520220,GCJ-02,city_130300,GeoJSON.CN GCJ-02 centre converted to WGS-84,1.6.3,https://geojson.cn/api/china/1.6.3/130000.json
130400,邯郸,邯郸市,河北,河北省,130000,prefecture_level_city,36.625770,114.533423,,36.625849,114.539150,GCJ-02,city_130400,GeoJSON.CN GCJ-02 centre converted to WGS-84,1.6.3,https://geojson.cn/api/china/1.6.3/130000.json
130500,邢台,邢台市,河北,河北省,130000,prefecture_level_city,37.058312,114.491387,,37.058804,114.497321,GCJ-02,city_130500,GeoJSON.CN GCJ-02 centre converted to WGS-84,1.6.3,https://geojson.cn/api/china/1.6.3/130000.json
130600,保定,保定市,河北,河北省,130000,prefecture_level_city,38.873575,115.458204,,38.874476,115.464523,GCJ-02,city_130600,GeoJSON.CN GCJ-02 centre converted to WGS-84,1.6.3,https://geojson.cn/api/china/1.6.3/130000.json
130700,张家口,张家口市,河北,河北省,130000,prefecture_level_city,40.767647,114.879785,,40.768931,114.885895,GCJ-02,city_130700,GeoJSON.CN GCJ-02 centre converted to WGS-84,1.6.3,https://geojson.cn/api/china/1.6.3/130000.json
130800,承德,承德市,河北,河北省,130000,prefecture_level_city,40.951659,117.956532,,40.953240,117.962859,GCJ-02,city_130800,GeoJSON.CN GCJ-02 centre converted to WGS-84,1.6.3,https://geojson.cn/api/china/1.6.3/130000.json
130900,沧州,沧州市,河北,河北省,130000,prefecture_level_city,38.304117,116.832925,,38.304676,116.838715,GCJ-02,city_130900,GeoJSON.CN GCJ-02 centre converted to WGS-84,1.6.3,https://geojson.cn/api/china/1.6.3/130000.json
131000,廊坊,廊坊市,河北,河北省,130000,prefecture_level_city,39.537203,116.677631,,39.538304,116.683546,GCJ-02,city_131000,GeoJSON.CN GCJ-02 centre converted to WGS-84,1.6.3,https://geojson.cn/api/china/1.6.3/130000.json
131100,衡水,衡水市,河北,河北省,130000,prefecture_level_city,37.738728,115.663100,,37.739367,115.668987,GCJ-02,city_131100,GeoJSON.CN GCJ-02 centre converted to WGS-84,1.6.3,https://geojson.cn/api/china/1.6.3/130000.json
140100,太原,太原市,山西,山西省,140000,prefecture_level_city,37.870000,112.550000,780,37.870451,112.549656,GCJ-02,taiyuan,existing pvsim representative-city anchor,1.6.3,https://geojson.cn/api/china/1.6.3/140000.json
140200,大同,大同市,山西,山西省,140000,prefecture_level_city,40.095791,113.359578,,40.097110,113.366749,GCJ-02,city_140200,GeoJSON.CN GCJ-02 centre converted to WGS-84,1.6.3,https://geojson.cn/api/china/1.6.3/140000.json
140300,阳泉,阳泉市,山西,山西省,140000,prefecture_level_city,37.856591,113.574024,,37.857094,113.580426,GCJ-02,city_140300,GeoJSON.CN GCJ-02 centre converted to WGS-84,1.6.3,https://geojson.cn/api/china/1.6.3/140000.json
140400,长治,长治市,山西,山西省,140000,prefecture_level_city,36.194976,113.110730,,36.195142,113.117394,GCJ-02,city_140400,GeoJSON.CN GCJ-02 centre converted to WGS-84,1.6.3,https://geojson.cn/api/china/1.6.3/140000.json
140500,晋城,晋城市,山西,山西省,140000,prefecture_level_city,35.491730,112.845914,,35.491315,112.852022,GCJ-02,city_140500,GeoJSON.CN GCJ-02 centre converted to WGS-84,1.6.3,https://geojson.cn/api/china/1.6.3/140000.json
140600,朔州,朔州市,山西,山西省,140000,prefecture_level_city,39.330573,112.426060,,39.331734,112.432906,GCJ-02,city_140600,GeoJSON.CN GCJ-02 centre converted to WGS-84,1.6.3,https://geojson.cn/api/china/1.6.3/140000.json
140700,晋中,晋中市,山西,山西省,140000,prefecture_level_city,37.687325,112.746141,,37.688006,112.752633,GCJ-02,city_140700,GeoJSON.CN GCJ-02 centre converted to WGS-84,1.6.3,https://geojson.cn/api/china/1.6.3/140000.json
140800,运城,运城市,山西,山西省,140000,prefecture_level_city,35.027408,111.001238,,35.026670,111.007051,GCJ-02,city_140800,GeoJSON.CN GCJ-02 centre converted to WGS-84,1.6.3,https://geojson.cn/api/china/1.6.3/140000.json
140900,忻州,忻州市,山西,山西省,140000,prefecture_level_city,38.415377,112.727581,,38.415958,112.734149,GCJ-02,city_140900,GeoJSON.CN GCJ-02 centre converted to WGS-84,1.6.3,https://geojson.cn/api/china/1.6.3/140000.json
141000,临汾,临汾市,山西,山西省,140000,prefecture_level_city,36.088705,111.513093,,36.088581,111.519310,GCJ-02,city_141000,GeoJSON.CN GCJ-02 centre converted to WGS-84,1.6.3,https://geojson.cn/api/china/1.6.3/140000.json
141100,吕梁,吕梁市,山西,山西省,140000,prefecture_level_city,37.518219,111.138178,,37.518996,111.144540,GCJ-02,city_141100,GeoJSON.CN GCJ-02 centre converted to WGS-84,1.6.3,https://geojson.cn/api/china/1.6.3/140000.json
150100,呼和浩特,呼和浩特市,内蒙古,内蒙古自治区,150000,prefecture_level_city,40.840000,111.750000,1064,40.842127,111.748814,GCJ-02,hohhot,existing pvsim representative-city anchor,1.6.3,https://geojson.cn/api/china/1.6.3/150000.json
150200,包头,包头市,内蒙古,内蒙古自治区,150000,prefecture_level_city,40.620210,109.947464,,40.621327,109.953150,GCJ-02,city_150200,GeoJSON.CN GCJ-02 centre converted to WGS-84,1.6.3,https://geojson.cn/api/china/1.6.3/150000.json
150300,乌海,乌海市,内蒙古,内蒙古自治区,150000,prefecture_level_city,39.654105,106.789390,,39.655048,106.794150,GCJ-02,city_150300,GeoJSON.CN GCJ-02 centre converted to WGS-84,1.6.3,https://geojson.cn/api/china/1.6.3/150000.json
150400,赤峰,赤峰市,内蒙古,内蒙古自治区,150000,prefecture_level_city,42.254941,118.881442,,42.256876,118.887613,GCJ-02,city_150400,GeoJSON.CN GCJ-02 centre converted to WGS-84,1.6.3,https://geojson.cn/api/china/1.6.3/150000.json
150500,通辽,通辽市,内蒙古,内蒙古自治区,150000,prefecture_level_city,43.651204,122.237756,,43.653566,122.243309,GCJ-02,city_150500,GeoJSON.CN GCJ-02 centre converted to WGS-84,1.6.3,https://geojson.cn/api/china/1.6.3/150000.json
150600,鄂尔多斯,鄂尔多斯市,内蒙古,内蒙古自治区,150000,prefecture_level_city,39.607727,109.776762,,39.608744,109.782473,GCJ-02,city_150600,GeoJSON.CN GCJ-02 centre converted to WGS-84,1.6.3,https://geojson.cn/api/china/1.6.3/150000.json
150700,呼伦贝尔,呼伦贝尔市,内蒙古,内蒙古自治区,150000,prefecture_level_city,49.164607,119.771145,,49.166536,119.778450,GCJ-02,city_150700,GeoJSON.CN GCJ-02 centre converted to WGS-84,1.6.3,https://geojson.cn/api/china/1.6.3/150000.json
150800,巴彦淖尔,巴彦淖尔市,内蒙古,内蒙古自治区,150000,prefecture_level_city,40.741540,107.382173,,40.742987,107.387767,GCJ-02,city_150800,GeoJSON.CN GCJ-02 centre converted to WGS-84,1.6.3,https://geojson.cn/api/china/1.6.3/150000.json
150900,乌兰察布,乌兰察布市,内蒙古,内蒙古自治区,150000,prefecture_level_city,40.992758,113.124960,,40.994526,113.132227,GCJ-02,city_150900,GeoJSON.CN GCJ-02 centre converted to WGS-84,1.6.3,https://geojson.cn/api/china/1.6.3/150000.json
152200,兴安,兴安盟,内蒙古,内蒙古自治区,150000,league,46.080431,122.031649,,46.082403,122.037775,GCJ-02,city_152200,GeoJSON.CN GCJ-02 centre converted to WGS-84,1.6.3,https://geojson.cn/api/china/1.6.3/150000.json
152500,锡林郭勒,锡林郭勒盟,内蒙古,内蒙古自治区,150000,league,43.931027,116.040550,,43.933212,116.047387,GCJ-02,city_152500,GeoJSON.CN GCJ-02 centre converted to WGS-84,1.6.3,https://geojson.cn/api/china/1.6.3/150000.json
152900,阿拉善,阿拉善盟,内蒙古,内蒙古自治区,150000,league,38.850994,105.724869,,38.851559,105.729139,GCJ-02,city_152900,GeoJSON.CN GCJ-02 centre converted to WGS-84,1.6.3,https://geojson.cn/api/china/1.6.3/150000.json
210100,沈阳,沈阳市,辽宁,辽宁省,210000,prefecture_level_city,41.800000,123.430000,50,41.677576,123.464675,GCJ-02,shenyang,existing pvsim representative-city anchor,1.6.3,https://geojson.cn/api/china/1.6.3/210000.json
210200,大连,大连市,辽宁,辽宁省,210000,prefecture_level_city,38.913185,121.609843,,38.913962,121.614786,GCJ-02,city_210200,GeoJSON.CN GCJ-02 centre converted to WGS-84,1.6.3,https://geojson.cn/api/china/1.6.3/210000.json
210300,鞍山,鞍山市,辽宁,辽宁省,210000,prefecture_level_city,41.106320,122.988684,,41.108239,122.994183,GCJ-02,city_210300,GeoJSON.CN GCJ-02 centre converted to WGS-84,1.6.3,https://geojson.cn/api/china/1.6.3/210000.json
210400,抚顺,抚顺市,辽宁,辽宁省,210000,prefecture_level_city,41.879155,123.951278,,41.881311,123.957053,GCJ-02,city_210400,GeoJSON.CN GCJ-02 centre converted to WGS-84,1.6.3,https://geojson.cn/api/china/1.6.3/210000.json
210500,本溪,本溪市,辽宁,辽宁省,210000,prefecture_level_city,41.484703,123.679153,,41.486834,123.684984,GCJ-02,city_210500,GeoJSON.CN GCJ-02 centre converted to WGS-84,1.6.3,https://geojson.cn/api/china/1.6.3/210000.json
210600,丹东,丹东市,辽宁,辽宁省,210000,prefecture_level_city,39.999101,124.348648,,40.000646,124.354419,GCJ-02,city_210600,GeoJSON.CN GCJ-02 centre converted to WGS-84,1.6.3,https://geojson.cn/api/china/1.6.3/210000.json
210700,锦州,锦州市,辽宁,辽宁省,210000,prefecture_level_city,41.094064,121.121216,,41.096114,121.126859,GCJ-02,city_210700,GeoJSON.CN GCJ-02 centre converted to WGS-84,1.6.3,https://geojson.cn/api/china/1.6.3/210000.json
210800,营口,营口市,辽宁,辽宁省,210000,prefecture_level_city,40.623476,122.213960,,40.625027,122.219148,GCJ-02,city_210800,GeoJSON.CN GCJ-02 centre converted to WGS-84,1.6.3,https://geojson.cn/api/china/1.6.3/210000.json
210900,阜新,阜新市,辽宁,辽宁省,210000,prefecture_level_city,42.019918,121.664643,,42.022028,121.670052,GCJ-02,city_210900,GeoJSON.CN GCJ-02 centre converted to WGS-84,1.6.3,https://geojson.cn/api/china/1.6.3/210000.json
211000,辽阳,辽阳市,辽宁,辽宁省,210000,prefecture_level_city,41.265329,123.233933,,41.267396,123.239669,GCJ-02,city_211000,GeoJSON.CN GCJ-02 centre converted to WGS-84,1.6.3,https://geojson.cn/api/china/1.6.3/210000.json
211100,盘锦,盘锦市,辽宁,辽宁省,210000,prefecture_level_city,40.717867,122.165414,,40.719560,122.170729,GCJ-02,city_211100,GeoJSON.CN GCJ-02 centre converted to WGS-84,1.6.3,https://geojson.cn/api/china/1.6.3/210000.json
211200,铁岭,铁岭市,辽宁,辽宁省,210000,prefecture_level_city,42.221482,123.719997,,42.223709,123.726008,GCJ-02,city_211200,GeoJSON.CN GCJ-02 centre converted to WGS-84,1.6.3,https://geojson.cn/api/china/1.6.3/210000.json
211300,朝阳,朝阳市,辽宁,辽宁省,210000,prefecture_level_city,41.599658,120.483268,,41.601855,120.488801,GCJ-02,city_211300,GeoJSON.CN GCJ-02 centre converted to WGS-84,1.6.3,https://geojson.cn/api/china/1.6.3/210000.json
211400,葫芦岛,葫芦岛市,辽宁,辽宁省,210000,prefecture_level_city,40.709525,120.831608,,40.710974,120.836783,GCJ-02,city_211400,GeoJSON.CN GCJ-02 centre converted to WGS-84,1.6.3,https://geojson.cn/api/china/1.6.3/210000.json
220100,长春,长春市,吉林,吉林省,220000,prefecture_level_city,43.820000,125.320000,220,43.816996,125.323643,GCJ-02,changchun,existing pvsim representative-city anchor,1.6.3,https://geojson.cn/api/china/1.6.3/220000.json
220200,吉林,吉林市,吉林,吉林省,220000,prefecture_level_city,43.835879,126.544030,,43.838132,126.549719,GCJ-02,city_220200,GeoJSON.CN GCJ-02 centre converted to WGS-84,1.6.3,https://geojson.cn/api/china/1.6.3/220000.json
220300,四平,四平市,吉林,吉林省,220000,prefecture_level_city,43.164187,124.344394,,43.166764,124.350599,GCJ-02,city_220300,GeoJSON.CN GCJ-02 centre converted to WGS-84,1.6.3,https://geojson.cn/api/china/1.6.3/220000.json
220400,辽源,辽源市,吉林,吉林省,220000,prefecture_level_city,42.885443,125.138281,,42.887961,125.144676,GCJ-02,city_220400,GeoJSON.CN GCJ-02 centre converted to WGS-84,1.6.3,https://geojson.cn/api/china/1.6.3/220000.json
220500,通化,通化市,吉林,吉林省,220000,prefecture_level_city,41.726147,125.934064,,41.728312,125.939721,GCJ-02,city_220500,GeoJSON.CN GCJ-02 centre converted to WGS-84,1.6.3,https://geojson.cn/api/china/1.6.3/220000.json
220600,白山,白山市,吉林,吉林省,220000,prefecture_level_city,41.941619,126.408407,,41.944132,126.414274,GCJ-02,city_220600,GeoJSON.CN GCJ-02 centre converted to WGS-84,1.6.3,https://geojson.cn/api/china/1.6.3/220000.json
220700,松原,松原市,吉林,吉林省,220000,prefecture_level_city,45.139938,124.819023,,45.141908,124.825310,GCJ-02,city_220700,GeoJSON.CN GCJ-02 centre converted to WGS-84,1.6.3,https://geojson.cn/api/china/1.6.3/220000.json
220800,白城,白城市,吉林,吉林省,220000,prefecture_level_city,45.618221,122.832229,,45.620131,122.838102,GCJ-02,city_220800,GeoJSON.CN GCJ-02 centre converted to WGS-84,1.6.3,https://geojson.cn/api/china/1.6.3/220000.json
222400,延边,延边朝鲜族自治州,吉林,吉林省,220000,autonomous_prefecture,42.906849,129.463538,,42.909426,129.470605,GCJ-02,city_222400,GeoJSON.CN GCJ-02 centre converted to WGS-84,1.6.3,https://geojson.cn/api/china/1.6.3/220000.json
230100,哈尔滨,哈尔滨市,黑龙江,黑龙江省,230000,prefecture_level_city,45.750000,126.630000,150,45.802981,126.535050,GCJ-02,harbin,existing pvsim representative-city anchor,1.6.3,https://geojson.cn/api/china/1.6.3/230000.json
230200,齐齐哈尔,齐齐哈尔市,黑龙江,黑龙江省,230000,prefecture_level_city,47.352853,123.911643,,47.354892,123.918193,GCJ-02,city_230200,GeoJSON.CN GCJ-02 centre converted to WGS-84,1.6.3,https://geojson.cn/api/china/1.6.3/230000.json
230300,鸡西,鸡西市,黑龙江,黑龙江省,230000,prefecture_level_city,45.292922,130.961929,,45.295087,130.969385,GCJ-02,city_230300,GeoJSON.CN GCJ-02 centre converted to WGS-84,1.6.3,https://geojson.cn/api/china/1.6.3/230000.json
230400,鹤岗,鹤岗市,黑龙江,黑龙江省,230000,prefecture_level_city,47.348215,130.289833,,47.350659,130.297687,GCJ-02,city_230400,GeoJSON.CN GCJ-02 centre converted to WGS-84,1.6.3,https://geojson.cn/api/china/1.6.3/230000.json
230500,双鸭山,双鸭山市,黑龙江,黑龙江省,230000,prefecture_level_city,46.673891,131.133412,,46.676157,131.141563,GCJ-02,city_230500,GeoJSON.CN GCJ-02 centre converted to WGS-84,1.6.3,https://geojson.cn/api/china/1.6.3/230000.json
230600,大庆,大庆市,黑龙江,黑龙江省,230000,prefecture_level_city,46.587394,125.097024,,46.589498,125.104078,GCJ-02,city_230600,GeoJSON.CN GCJ-02 centre converted to WGS-84,1.6.3,https://geojson.cn/api/china/1.6.3/230000.json
230700,伊春,伊春市,黑龙江,黑龙江省,230000,prefecture_level_city,47.726065,128.833810,,47.728332,128.840863,GCJ-02,city_230700,GeoJSON.CN GCJ-02 centre converted to WGS-84,1.6.3,https://geojson.cn/api/china/1.6.3/230000.json
230800,佳木斯,佳木斯市,黑龙江,黑龙江省,230000,prefecture_level_city,46.797781,130.311123,,46.800002,130.318916,GCJ-02,city_230800,GeoJSON.CN GCJ-02 centre converted to WGS-84,1.6.3,https://geojson.cn/api/china/1.6.3/230000.json
230900,七台河,七台河市,黑龙江,黑龙江省,230000,prefecture_level_city,45.768954,130.995311,,45.771178,131.003015,GCJ-02,city_230900,GeoJSON.CN GCJ-02 centre converted to WGS-84,1.6.3,https://geojson.cn/api/china/1.6.3/230000.json
231000,牡丹江,牡丹江市,黑龙江,黑龙江省,230000,prefecture_level_city,44.549520,129.625851,,44.551486,129.632928,GCJ-02,city_231000,GeoJSON.CN GCJ-02 centre converted to WGS-84,1.6.3,https://geojson.cn/api/china/1.6.3/230000.json
231100,黑河,黑河市,黑龙江,黑龙江省,230000,prefecture_level_city,50.243264,127.520943,,50.244887,127.528226,GCJ-02,city_231100,GeoJSON.CN GCJ-02 centre converted to WGS-84,1.6.3,https://geojson.cn/api/china/1.6.3/230000.json
231200,绥化,绥化市,黑龙江,黑龙江省,230000,prefecture_level_city,46.652246,126.962391,,46.654147,126.968714,GCJ-02,city_231200,GeoJSON.CN GCJ-02 centre converted to WGS-84,1.6.3,https://geojson.cn/api/china/1.6.3/230000.json
232700,大兴安岭,大兴安岭地区,黑龙江,黑龙江省,230000,prefecture,50.409585,124.110234,,50.411275,124.117854,GCJ-02,city_232700,GeoJSON.CN GCJ-02 centre converted to WGS-84,1.6.3,https://geojson.cn/api/china/1.6.3/230000.json
310000,上海,上海市,上海,上海市,310000,municipality,31.230000,121.470000,10,31.230525,121.473667,GCJ-02,shanghai,existing pvsim representative-city anchor,1.6.3,https://geojson.cn/api/china/1.6.3/310000.json
320100,南京,南京市,江苏,江苏省,320000,prefecture_level_city,32.050000,118.790000,20,32.059344,118.796624,GCJ-02,nanjing,existing pvsim representative-city anchor,1.6.3,https://geojson.cn/api/china/1.6.3/320000.json
320200,无锡,无锡市,江苏,江苏省,320000,prefecture_level_city,31.492953,120.307280,,31.491064,120.311889,GCJ-02,city_320200,GeoJSON.CN GCJ-02 centre converted to WGS-84,1.6.3,https://geojson.cn/api/china/1.6.3/320000.json
320300,徐州,徐州市,江苏,江苏省,320000,prefecture_level_city,34.205515,117.277999,,34.204224,117.283752,GCJ-02,city_320300,GeoJSON.CN GCJ-02 centre converted to WGS-84,1.6.3,https://geojson.cn/api/china/1.6.3/320000.json
320400,常州,常州市,江苏,江苏省,320000,prefecture_level_city,31.813354,119.969342,,31.811313,119.974092,GCJ-02,city_320400,GeoJSON.CN GCJ-02 centre converted to WGS-84,1.6.3,https://geojson.cn/api/china/1.6.3/320000.json
320500,苏州,苏州市,江苏,江苏省,320000,prefecture_level_city,31.301942,120.581117,,31.299758,120.585294,GCJ-02,city_320500,GeoJSON.CN GCJ-02 centre converted to WGS-84,1.6.3,https://geojson.cn/api/china/1.6.3/320000.json
320600,南通,南通市,江苏,江苏省,320000,prefecture_level_city,31.983439,120.890306,,31.981269,120.894522,GCJ-02,city_320600,GeoJSON.CN GCJ-02 centre converted to WGS-84,1.6.3,https://geojson.cn/api/china/1.6.3/320000.json
320700,连云港,连云港市,江苏,江苏省,320000,prefecture_level_city,34.597674,119.215955,,34.596639,119.221487,GCJ-02,city_320700,GeoJSON.CN GCJ-02 centre converted to WGS-84,1.6.3,https://geojson.cn/api/china/1.6.3/320000.json
320800,淮安,淮安市,江苏,江苏省,320000,prefecture_level_city,33.552777,119.107545,,33.551495,119.113166,GCJ-02,city_320800,GeoJSON.CN GCJ-02 centre converted to WGS-84,1.6.3,https://geojson.cn/api/china/1.6.3/320000.json
320900,盐城,盐城市,江苏,江苏省,320000,prefecture_level_city,33.349613,120.157684,,33.348176,120.162630,GCJ-02,city_320900,GeoJSON.CN GCJ-02 centre converted to WGS-84,1.6.3,https://geojson.cn/api/china/1.6.3/320000.json
321000,扬州,扬州市,江苏,江苏省,320000,prefecture_level_city,32.396284,119.407354,,32.394404,119.412834,GCJ-02,city_321000,GeoJSON.CN GCJ-02 centre converted to WGS-84,1.6.3,https://geojson.cn/api/china/1.6.3/320000.json
321100,镇江,镇江市,江苏,江苏省,320000,prefecture_level_city,32.190018,119.418994,,32.188141,119.424441,GCJ-02,city_321100,GeoJSON.CN GCJ-02 centre converted to WGS-84,1.6.3,https://geojson.cn/api/china/1.6.3/320000.json
321200,泰州,泰州市,江苏,江苏省,320000,prefecture_level_city,32.458915,119.918147,,32.456692,119.922883,GCJ-02,city_321200,GeoJSON.CN GCJ-02 centre converted to WGS-84,1.6.3,https://geojson.cn/api/china/1.6.3/320000.json
321300,宿迁,宿迁市,江苏,江苏省,320000,prefecture_level_city,33.964533,118.269722,,33.963186,118.275228,GCJ-02,city_321300,GeoJSON.CN GCJ-02 centre converted to WGS-84,1.6.3,https://geojson.cn/api/china/1.6.3/320000.json
330100,杭州,杭州市,浙江,浙江省,330000,prefecture_level_city,30.270000,120.150000,10,30.246026,120.210792,GCJ-02,hangzhou,existing pvsim representative-city anchor,1.6.3,https://geojson.cn/api/china/1.6.3/330000.json
330200,宁波,宁波市,浙江,浙江省,330000,prefecture_level_city,29.862877,121.620438,,29.860258,121.624540,GCJ-02,city_330200,GeoJSON.CN GCJ-02 centre converted to WGS-84,1.6.3,https://geojson.cn/api/china/1.6.3/330000.json
330300,温州,温州市,浙江,浙江省,330000,prefecture_level_city,27.997131,120.695221,,27.993849,120.699279,GCJ-02,city_330300,GeoJSON.CN GCJ-02 centre converted to WGS-84,1.6.3,https://geojson.cn/api/china/1.6.3/330000.json
330400,嘉兴,嘉兴市,浙江,浙江省,330000,prefecture_level_city,30.749114,120.751304,,30.746814,120.755623,GCJ-02,city_330400,GeoJSON.CN GCJ-02 centre converted to WGS-84,1.6.3,https://geojson.cn/api/china/1.6.3/330000.json
330500,湖州,湖州市,浙江,浙江省,330000,prefecture_level_city,30.896222,120.082010,,30.894178,120.086881,GCJ-02,city_330500,GeoJSON.CN GCJ-02 centre converted to WGS-84,1.6.3,https://geojson.cn/api/china/1.6.3/330000.json
330600,绍兴,绍兴市,浙江,浙江省,330000,prefecture_level_city,30.054186,120.578806,,30.051549,120.582886,GCJ-02,city_330600,GeoJSON.CN GCJ-02 centre converted to WGS-84,1.6.3,https://geojson.cn/api/china/1.6.3/330000.json
330700,金华,金华市,浙江,浙江省,330000,prefecture_level_city,29.082171,119.642560,,29.079195,119.647265,GCJ-02,city_330700,GeoJSON.CN GCJ-02 centre converted to WGS-84,1.6.3,https://geojson.cn/api/china/1.6.3/330000.json
330800,衢州,衢州市,浙江,浙江省,330000,prefecture_level_city,28.973314,118.854512,,28.970229,118.859307,GCJ-02,city_330800,GeoJSON.CN GCJ-02 centre converted to WGS-84,1.6.3,https://geojson.cn/api/china/1.6.3/330000.json
330900,舟山,舟山市,浙江,浙江省,330000,prefecture_level_city,29.987981,122.203237,,29.985578,122.207395,GCJ-02,city_330900,GeoJSON.CN GCJ-02 centre converted to WGS-84,1.6.3,https://geojson.cn/api/china/1.6.3/330000.json
331000,台州,台州市,浙江,浙江省,330000,prefecture_level_city,28.658667,121.416362,,28.655716,121.420790,GCJ-02,city_331000,GeoJSON.CN GCJ-02 centre converted to WGS-84,1.6.3,https://geojson.cn/api/china/1.6.3/330000.json
331100,丽水,丽水市,浙江,浙江省,330000,prefecture_level_city,28.471099,119.918844,,28.467694,119.923249,GCJ-02,city_331100,GeoJSON.CN GCJ-02 centre converted to WGS-84,1.6.3,https://geojson.cn/api/china/1.6.3/330000.json
340100,合肥,合肥市,安徽,安徽省,340000,prefecture_level_city,31.830000,117.230000,30,31.820567,117.227267,GCJ-02,hefei,existing pvsim representative-city anchor,1.6.3,https://geojson.cn/api/china/1.6.3/340000.json
340200,芜湖,芜湖市,安徽,安徽省,340000,prefecture_level_city,31.354466,118.427684,,31.352614,118.433065,GCJ-02,city_340200,GeoJSON.CN GCJ-02 centre converted to WGS-84,1.6.3,https://geojson.cn/api/china/1.6.3/340000.json
340300,蚌埠,蚌埠市,安徽,安徽省,340000,prefecture_level_city,32.918526,117.382719,,32.916820,117.388566,GCJ-02,city_340300,GeoJSON.CN GCJ-02 centre converted to WGS-84,1.6.3,https://geojson.cn/api/china/1.6.3/340000.json
340400,淮南,淮南市,安徽,安徽省,340000,prefecture_level_city,32.587392,117.013103,,32.585384,117.018603,GCJ-02,city_340400,GeoJSON.CN GCJ-02 centre converted to WGS-84,1.6.3,https://geojson.cn/api/china/1.6.3/340000.json
340500,马鞍山,马鞍山市,安徽,安徽省,340000,prefecture_level_city,31.670757,118.501671,,31.668765,118.506850,GCJ-02,city_340500,GeoJSON.CN GCJ-02 centre converted to WGS-84,1.6.3,https://geojson.cn/api/china/1.6.3/340000.json
340600,淮北,淮北市,安徽,安徽省,340000,prefecture_level_city,33.957691,116.792965,,33.956264,116.798362,GCJ-02,city_340600,GeoJSON.CN GCJ-02 centre converted to WGS-84,1.6.3,https://geojson.cn/api/china/1.6.3/340000.json
340700,铜陵,铜陵市,安徽,安徽省,340000,prefecture_level_city,30.947507,117.805956,,30.945214,117.811298,GCJ-02,city_340700,GeoJSON.CN GCJ-02 centre converted to WGS-84,1.6.3,https://geojson.cn/api/china/1.6.3/340000.json
340800,安庆,安庆市,安徽,安徽省,340000,prefecture_level_city,30.534093,117.109842,,30.531828,117.115349,GCJ-02,city_340800,GeoJSON.CN GCJ-02 centre converted to WGS-84,1.6.3,https://geojson.cn/api/china/1.6.3/340000.json
341000,黄山,黄山市,安徽,安徽省,340000,prefecture_level_city,29.717284,118.332438,,29.714886,118.337643,GCJ-02,city_341000,GeoJSON.CN GCJ-02 centre converted to WGS-84,1.6.3,https://geojson.cn/api/china/1.6.3/340000.json
341100,滁州,滁州市,安徽,安徽省,340000,prefecture_level_city,32.257877,118.328012,,32.255904,118.333439,GCJ-02,city_341100,GeoJSON.CN GCJ-02 centre converted to WGS-84,1.6.3,https://geojson.cn/api/china/1.6.3/340000.json
341200,阜阳,阜阳市,安徽,安徽省,340000,prefecture_level_city,32.893030,115.808881,,32.891032,115.814252,GCJ-02,city_341200,GeoJSON.CN GCJ-02 centre converted to WGS-84,1.6.3,https://geojson.cn/api/china/1.6.3/340000.json
341300,宿州,宿州市,安徽,安徽省,340000,prefecture_level_city,33.649290,116.958806,,33.647726,116.964190,GCJ-02,city_341300,GeoJSON.CN GCJ-02 centre converted to WGS-84,1.6.3,https://geojson.cn/api/china/1.6.3/340000.json
341500,六安,六安市,安徽,安徽省,340000,prefecture_level_city,31.737958,116.514647,,31.735892,116.519729,GCJ-02,city_341500,GeoJSON.CN GCJ-02 centre converted to WGS-84,1.6.3,https://geojson.cn/api/china/1.6.3/340000.json
341600,亳州,亳州市,安徽,安徽省,340000,prefecture_level_city,33.847728,115.773048,,33.846285,115.778588,GCJ-02,city_341600,GeoJSON.CN GCJ-02 centre converted to WGS-84,1.6.3,https://geojson.cn/api/china/1.6.3/340000.json
341700,池州,池州市,安徽,安徽省,340000,prefecture_level_city,30.676633,117.490209,,30.674264,117.495663,GCJ-02,city_341700,GeoJSON.CN GCJ-02 centre converted to WGS-84,1.6.3,https://geojson.cn/api/china/1.6.3/340000.json
341800,宣城,宣城市,安徽,安徽省,340000,prefecture_level_city,30.941499,118.754004,,30.939278,118.759127,GCJ-02,city_341800,GeoJSON.CN GCJ-02 centre converted to WGS-84,1.6.3,https://geojson.cn/api/china/1.6.3/340000.json
350100,福州,福州市,福建,福建省,350000,prefecture_level_city,26.070000,119.300000,15,26.074286,119.296411,GCJ-02,fuzhou,existing pvsim representative-city anchor,1.6.3,https://geojson.cn/api/china/1.6.3/350000.json
350200,厦门,厦门市,福建,福建省,350000,prefecture_level_city,24.482274,118.083933,,24.479627,118.088910,GCJ-02,city_350200,GeoJSON.CN GCJ-02 centre converted to WGS-84,1.6.3,https://geojson.cn/api/china/1.6.3/350000.json
350300,莆田,莆田市,福建,福建省,350000,prefecture_level_city,25.456984,119.002928,,25.454202,119.007662,GCJ-02,city_350300,GeoJSON.CN GCJ-02 centre converted to WGS-84,1.6.3,https://geojson.cn/api/china/1.6.3/350000.json
350400,三明,三明市,福建,福建省,350000,prefecture_level_city,26.266880,117.634019,,26.263455,117.638919,GCJ-02,city_350400,GeoJSON.CN GCJ-02 centre converted to WGS-84,1.6.3,https://geojson.cn/api/china/1.6.3/350000.json
350500,泉州,泉州市,福建,福建省,350000,prefecture_level_city,24.877360,118.671177,,24.874452,118.675724,GCJ-02,city_350500,GeoJSON.CN GCJ-02 centre converted to WGS-84,1.6.3,https://geojson.cn/api/china/1.6.3/350000.json
350600,漳州,漳州市,福建,福建省,350000,prefecture_level_city,24.518038,117.642089,,24.515059,117.646875,GCJ-02,city_350600,GeoJSON.CN GCJ-02 centre converted to WGS-84,1.6.3,https://geojson.cn/api/china/1.6.3/350000.json
350700,南平,南平市,福建,福建省,350000,prefecture_level_city,27.385771,118.075416,,27.382716,118.080612,GCJ-02,city_350700,GeoJSON.CN GCJ-02 centre converted to WGS-84,1.6.3,https://geojson.cn/api/china/1.6.3/350000.json
350800,龙岩,龙岩市,福建,福建省,350000,prefecture_level_city,25.078642,117.012487,,25.075884,117.017362,GCJ-02,city_350800,GeoJSON.CN GCJ-02 centre converted to WGS-84,1.6.3,https://geojson.cn/api/china/1.6.3/350000.json
350900,宁德,宁德市,福建,福建省,350000,prefecture_level_city,26.669717,119.543146,,26.666222,119.547729,GCJ-02,city_350900,GeoJSON.CN GCJ-02 centre converted to WGS-84,1.6.3,https://geojson.cn/api/china/1.6.3/350000.json
360100,南昌,南昌市,江西,江西省,360000,prefecture_level_city,28.680000,115.860000,25,28.682976,115.857972,GCJ-02,nanchang,existing pvsim representative-city anchor,1.6.3,https://geojson.cn/api/china/1.6.3/360000.json
360200,景德镇,景德镇市,江西,江西省,360000,prefecture_level_city,29.277051,117.179586,,29.274400,117.184892,GCJ-02,city_360200,GeoJSON.CN GCJ-02 centre converted to WGS-84,1.6.3,https://geojson.cn/api/china/1.6.3/360000.json
360300,萍乡,萍乡市,江西,江西省,360000,prefecture_level_city,27.662172,113.881909,,27.658721,113.887147,GCJ-02,city_360300,GeoJSON.CN GCJ-02 centre converted to WGS-84,1.6.3,https://geojson.cn/api/china/1.6.3/360000.json
360400,九江,九江市,江西,江西省,360000,prefecture_level_city,29.663841,115.948599,,29.661160,115.953560,GCJ-02,city_360400,GeoJSON.CN GCJ-02 centre converted to WGS-84,1.6.3,https://geojson.cn/api/china/1.6.3/360000.json
360500,新余,新余市,江西,江西省,360000,prefecture_level_city,27.822336,114.912298,,27.818878,114.917145,GCJ-02,city_360500,GeoJSON.CN GCJ-02 centre converted to WGS-84,1.6.3,https://geojson.cn/api/china/1.6.3/360000.json
360600,鹰潭,鹰潭市,江西,江西省,360000,prefecture_level_city,28.275282,117.034336,,28.272092,117.039532,GCJ-02,city_360600,GeoJSON.CN GCJ-02 centre converted to WGS-84,1.6.3,https://geojson.cn/api/china/1.6.3/360000.json
360700,赣州,赣州市,江西,江西省,360000,prefecture_level_city,25.834323,114.928769,,25.831139,114.933494,GCJ-02,city_360700,GeoJSON.CN GCJ-02 centre converted to WGS-84,1.6.3,https://geojson.cn/api/china/1.6.3/360000.json
360800,吉安,吉安市,江西,江西省,360000,prefecture_level_city,27.094676,114.961914,,27.091243,114.966810,GCJ-02,city_360800,GeoJSON.CN GCJ-02 centre converted to WGS-84,1.6.3,https://geojson.cn/api/china/1.6.3/360000.json
360900,宜春,宜春市,江西,江西省,360000,prefecture_level_city,27.819348,114.411521,,27.816245,114.416826,GCJ-02,city_360900,GeoJSON.CN GCJ-02 centre converted to WGS-84,1.6.3,https://geojson.cn/api/china/1.6.3/360000.json
361000,抚州,抚州市,江西,江西省,360000,prefecture_level_city,27.952113,116.353049,,27.948979,116.358054,GCJ-02,city_361000,GeoJSON.CN GCJ-02 centre converted to WGS-84,1.6.3,https://geojson.cn/api/china/1.6.3/360000.json
361100,上饶,上饶市,江西,江西省,360000,prefecture_level_city,28.458537,117.938085,,28.455130,117.943064,GCJ-02,city_361100,GeoJSON.CN GCJ-02 centre converted to WGS-84,1.6.3,https://geojson.cn/api/china/1.6.3/360000.json
370100,济南,济南市,山东,山东省,370000,prefecture_level_city,36.650000,117.000000,50,36.652069,117.120128,GCJ-02,jinan,existing pvsim representative-city anchor,1.6.3,https://geojson.cn/api/china/1.6.3/370000.json
370200,青岛,青岛市,山东,山东省,370000,prefecture_level_city,36.066662,120.377532,,36.066938,120.382665,GCJ-02,city_370200,GeoJSON.CN GCJ-02 centre converted to WGS-84,1.6.3,https://geojson.cn/api/china/1.6.3/370000.json
370300,淄博,淄博市,山东,山东省,370000,prefecture_level_city,36.813262,118.048913,,36.813787,118.054994,GCJ-02,city_370300,GeoJSON.CN GCJ-02 centre converted to WGS-84,1.6.3,https://geojson.cn/api/china/1.6.3/370000.json
370400,枣庄,枣庄市,山东,山东省,370000,prefecture_level_city,34.811652,117.317849,,34.810858,117.323759,GCJ-02,city_370400,GeoJSON.CN GCJ-02 centre converted to WGS-84,1.6.3,https://geojson.cn/api/china/1.6.3/370000.json
370500,东营,东营市,山东,山东省,370000,prefecture_level_city,37.433161,118.668867,,37.433839,118.674534,GCJ-02,city_370500,GeoJSON.CN GCJ-02 centre converted to WGS-84,1.6.3,https://geojson.cn/api/china/1.6.3/370000.json
370600,烟台,烟台市,山东,山东省,370000,prefecture_level_city,37.463580,121.442548,,37.464551,121.447755,GCJ-02,city_370600,GeoJSON.CN GCJ-02 centre converted to WGS-84,1.6.3,https://geojson.cn/api/china/1.6.3/370000.json
370700,潍坊,潍坊市,山东,山东省,370000,prefecture_level_city,36.707224,119.155839,,36.707668,119.161721,GCJ-02,city_370700,GeoJSON.CN GCJ-02 centre converted to WGS-84,1.6.3,https://geojson.cn/api/china/1.6.3/370000.json
370800,济宁,济宁市,山东,山东省,370000,prefecture_level_city,35.415565,116.581825,,35.415117,116.587116,GCJ-02,city_370800,GeoJSON.CN GCJ-02 centre converted to WGS-84,1.6.3,https://geojson.cn/api/china/1.6.3/370000.json
370900,泰安,泰安市,山东,山东省,370000,prefecture_level_city,36.201534,117.080896,,36.201784,117.086963,GCJ-02,city_370900,GeoJSON.CN GCJ-02 centre converted to WGS-84,1.6.3,https://geojson.cn/api/china/1.6.3/370000.json
371000,威海,威海市,山东,山东省,370000,prefecture_level_city,37.512283,122.115462,,37.513315,122.120519,GCJ-02,city_371000,GeoJSON.CN GCJ-02 centre converted to WGS-84,1.6.3,https://geojson.cn/api/china/1.6.3/370000.json
371100,日照,日照市,山东,山东省,370000,prefecture_level_city,35.417200,119.521422,,35.416912,119.526850,GCJ-02,city_371100,GeoJSON.CN GCJ-02 centre converted to WGS-84,1.6.3,https://geojson.cn/api/china/1.6.3/370000.json
371300,临沂,临沂市,山东,山东省,370000,prefecture_level_city,35.104164,118.350710,,35.103771,118.356464,GCJ-02,city_371300,GeoJSON.CN GCJ-02 centre converted to WGS-84,1.6.3,https://geojson.cn/api/china/1.6.3/370000.json
371400,德州,德州市,山东,山东省,370000,prefecture_level_city,37.435623,116.353340,,37.436492,116.359244,GCJ-02,city_371400,GeoJSON.CN GCJ-02 centre converted to WGS-84,1.6.3,https://geojson.cn/api/china/1.6.3/370000.json
371500,聊城,聊城市,山东,山东省,370000,prefecture_level_city,36.455770,115.979558,,36.455857,115.985238,GCJ-02,city_371500,GeoJSON.CN GCJ-02 centre converted to WGS-84,1.6.3,https://geojson.cn/api/china/1.6.3/370000.json
371600,滨州,滨州市,山东,山东省,370000,prefecture_level_city,37.382037,117.964828,,37.382687,117.970731,GCJ-02,city_371600,GeoJSON.CN GCJ-02 centre converted to WGS-84,1.6.3,https://geojson.cn/api/china/1.6.3/370000.json
371700,菏泽,菏泽市,山东,山东省,370000,prefecture_level_city,35.234701,115.473795,,35.234309,115.479646,GCJ-02,city_371700,GeoJSON.CN GCJ-02 centre converted to WGS-84,1.6.3,https://geojson.cn/api/china/1.6.3/370000.json
410100,郑州,郑州市,河南,河南省,410000,prefecture_level_city,34.750000,113.620000,100,34.746303,113.625351,GCJ-02,zhengzhou,existing pvsim representative-city anchor,1.6.3,https://geojson.cn/api/china/1.6.3/410000.json
410200,开封,开封市,河南,河南省,410000,prefecture_level_city,34.798963,114.308423,,34.798083,114.314278,GCJ-02,city_410200,GeoJSON.CN GCJ-02 centre converted to WGS-84,1.6.3,https://geojson.cn/api/china/1.6.3/410000.json
410300,洛阳,洛阳市,河南,河南省,410000,prefecture_level_city,34.620728,112.447644,,34.619702,112.453895,GCJ-02,city_410300,GeoJSON.CN GCJ-02 centre converted to WGS-84,1.6.3,https://geojson.cn/api/china/1.6.3/410000.json
410400,平顶山,平顶山市,河南,河南省,410000,prefecture_level_city,33.767990,113.186326,,33.766554,113.192595,GCJ-02,city_410400,GeoJSON.CN GCJ-02 centre converted to WGS-84,1.6.3,https://geojson.cn/api/china/1.6.3/410000.json
410500,安阳,安阳市,河南,河南省,410000,prefecture_level_city,36.098605,114.386390,,36.098779,114.392480,GCJ-02,city_410500,GeoJSON.CN GCJ-02 centre converted to WGS-84,1.6.3,https://geojson.cn/api/china/1.6.3/410000.json
410600,鹤壁,鹤壁市,河南,河南省,410000,prefecture_level_city,35.748398,114.291376,,35.748329,114.297305,GCJ-02,city_410600,GeoJSON.CN GCJ-02 centre converted to WGS-84,1.6.3,https://geojson.cn/api/china/1.6.3/410000.json
410700,新乡,新乡市,河南,河南省,410000,prefecture_level_city,35.304174,113.920885,,35.303589,113.926790,GCJ-02,city_410700,GeoJSON.CN GCJ-02 centre converted to WGS-84,1.6.3,https://geojson.cn/api/china/1.6.3/410000.json
410800,焦作,焦作市,河南,河南省,410000,prefecture_level_city,35.216238,113.235537,,35.215726,113.241902,GCJ-02,city_410800,GeoJSON.CN GCJ-02 centre converted to WGS-84,1.6.3,https://geojson.cn/api/china/1.6.3/410000.json
410900,濮阳,濮阳市,河南,河南省,410000,prefecture_level_city,35.762735,115.023356,,35.762731,115.029246,GCJ-02,city_410900,GeoJSON.CN GCJ-02 centre converted to WGS-84,1.6.3,https://geojson.cn/api/china/1.6.3/410000.json
411000,许昌,许昌市,河南,河南省,410000,prefecture_level_city,34.038877,113.846131,,34.037320,113.852004,GCJ-02,city_411000,GeoJSON.CN GCJ-02 centre converted to WGS-84,1.6.3,https://geojson.cn/api/china/1.6.3/410000.json
411100,漯河,漯河市,河南,河南省,410000,prefecture_level_city,33.581868,114.010675,,33.580380,114.016600,GCJ-02,city_411100,GeoJSON.CN GCJ-02 centre converted to WGS-84,1.6.3,https://geojson.cn/api/china/1.6.3/410000.json
411200,三门峡,三门峡市,河南,河南省,410000,prefecture_level_city,34.774183,111.194488,,34.773196,111.200482,GCJ-02,city_411200,GeoJSON.CN GCJ-02 centre converted to WGS-84,1.6.3,https://geojson.cn/api/china/1.6.3/410000.json
411300,南阳,南阳市,河南,河南省,410000,prefecture_level_city,33.018151,112.579017,,33.016071,112.584753,GCJ-02,city_411300,GeoJSON.CN GCJ-02 centre converted to WGS-84,1.6.3,https://geojson.cn/api/china/1.6.3/410000.json
411400,商丘,商丘市,河南,河南省,410000,prefecture_level_city,34.416531,115.650849,,34.415165,115.656358,GCJ-02,city_411400,GeoJSON.CN GCJ-02 centre converted to WGS-84,1.6.3,https://geojson.cn/api/china/1.6.3/410000.json
411500,信阳,信阳市,河南,河南省,410000,prefecture_level_city,32.150569,114.085171,,32.148624,114.091058,GCJ-02,city_411500,GeoJSON.CN GCJ-02 centre converted to WGS-84,1.6.3,https://geojson.cn/api/china/1.6.3/410000.json
411600,周口,周口市,河南,河南省,410000,prefecture_level_city,33.636199,114.695739,,33.634652,114.701222,GCJ-02,city_411600,GeoJSON.CN GCJ-02 centre converted to WGS-84,1.6.3,https://geojson.cn/api/china/1.6.3/410000.json
411700,驻马店,驻马店市,河南,河南省,410000,prefecture_level_city,33.015849,114.016105,,33.014038,114.021988,GCJ-02,city_411700,GeoJSON.CN GCJ-02 centre converted to WGS-84,1.6.3,https://geojson.cn/api/china/1.6.3/410000.json
420100,武汉,武汉市,湖北,湖北省,420000,prefecture_level_city,30.590000,114.300000,30,30.593354,114.304569,GCJ-02,wuhan,existing pvsim representative-city anchor,1.6.3,https://geojson.cn/api/china/1.6.3/420000.json
420200,黄石,黄石市,湖北,湖北省,420000,prefecture_level_city,30.203503,115.033610,,30.201082,115.038999,GCJ-02,city_420200,GeoJSON.CN GCJ-02 centre converted to WGS-84,1.6.3,https://geojson.cn/api/china/1.6.3/420000.json
420300,十堰,十堰市,湖北,湖北省,420000,prefecture_level_city,32.631248,110.793602,,32.629057,110.798921,GCJ-02,city_420300,GeoJSON.CN GCJ-02 centre converted to WGS-84,1.6.3,https://geojson.cn/api/china/1.6.3/420000.json
420500,宜昌,宜昌市,湖北,湖北省,420000,prefecture_level_city,30.694608,111.281301,,30.692170,111.286962,GCJ-02,city_420500,GeoJSON.CN GCJ-02 centre converted to WGS-84,1.6.3,https://geojson.cn/api/china/1.6.3/420000.json
420600,襄阳,襄阳市,湖北,湖北省,420000,prefecture_level_city,32.012117,112.115661,,32.010161,112.121743,GCJ-02,city_420600,GeoJSON.CN GCJ-02 centre converted to WGS-84,1.6.3,https://geojson.cn/api/china/1.6.3/420000.json
420700,鄂州,鄂州市,湖北,湖北省,420000,prefecture_level_city,30.393816,114.889915,,30.391120,114.894956,GCJ-02,city_420700,GeoJSON.CN GCJ-02 centre converted to WGS-84,1.6.3,https://geojson.cn/api/china/1.6.3/420000.json
420800,荆门,荆门市,湖北,湖北省,420000,prefecture_level_city,31.037659,112.193181,,31.035445,112.199009,GCJ-02,city_420800,GeoJSON.CN GCJ-02 centre converted to WGS-84,1.6.3,https://geojson.cn/api/china/1.6.3/420000.json
420900,孝感,孝感市,湖北,湖北省,420000,prefecture_level_city,30.920732,113.951438,,30.918311,113.956962,GCJ-02,city_420900,GeoJSON.CN GCJ-02 centre converted to WGS-84,1.6.3,https://geojson.cn/api/china/1.6.3/420000.json
421000,荆州,荆州市,湖北,湖北省,420000,prefecture_level_city,30.338839,112.235720,,30.336282,112.241430,GCJ-02,city_421000,GeoJSON.CN GCJ-02 centre converted to WGS-84,1.6.3,https://geojson.cn/api/china/1.6.3/420000.json
421100,黄冈,黄冈市,湖北,湖北省,420000,prefecture_level_city,30.456388,114.867363,,30.453722,114.872425,GCJ-02,city_421100,GeoJSON.CN GCJ-02 centre converted to WGS-84,1.6.3,https://geojson.cn/api/china/1.6.3/420000.json
421200,咸宁,咸宁市,湖北,湖北省,420000,prefecture_level_city,29.843815,114.317194,,29.841350,114.322601,GCJ-02,city_421200,GeoJSON.CN GCJ-02 centre converted to WGS-84,1.6.3,https://geojson.cn/api/china/1.6.3/420000.json
421300,随州,随州市,湖北,湖北省,420000,prefecture_level_city,31.692149,113.376107,,31.690275,113.382324,GCJ-02,city_421300,GeoJSON.CN GCJ-02 centre converted to WGS-84,1.6.3,https://geojson.cn/api/china/1.6.3/420000.json
422800,恩施,恩施土家族苗族自治州,湖北,湖北省,420000,autonomous_prefecture,30.274673,109.483206,,30.272104,109.488076,GCJ-02,city_422800,GeoJSON.CN GCJ-02 centre converted to WGS-84,1.6.3,https://geojson.cn/api/china/1.6.3/420000.json
430100,长沙,长沙市,湖南,湖南省,430000,prefecture_level_city,28.200000,112.970000,40,28.228304,112.938882,GCJ-02,changsha,existing pvsim representative-city anchor,1.6.3,https://geojson.cn/api/china/1.6.3/430000.json
430200,株洲,株洲市,湖南,湖南省,430000,prefecture_level_city,27.832002,113.126953,,27.828862,113.132783,GCJ-02,city_430200,GeoJSON.CN GCJ-02 centre converted to WGS-84,1.6.3,https://geojson.cn/api/china/1.6.3/430000.json
430300,湘潭,湘潭市,湖南,湖南省,430000,prefecture_level_city,27.834807,112.940005,,27.831360,112.945439,GCJ-02,city_430300,GeoJSON.CN GCJ-02 centre converted to WGS-84,1.6.3,https://geojson.cn/api/china/1.6.3/430000.json
430400,衡阳,衡阳市,湖南,湖南省,430000,prefecture_level_city,26.897801,112.566781,,26.894216,112.572016,GCJ-02,city_430400,GeoJSON.CN GCJ-02 centre converted to WGS-84,1.6.3,https://geojson.cn/api/china/1.6.3/430000.json
430500,邵阳,邵阳市,湖南,湖南省,430000,prefecture_level_city,27.242773,111.462292,,27.239528,111.467855,GCJ-02,city_430500,GeoJSON.CN GCJ-02 centre converted to WGS-84,1.6.3,https://geojson.cn/api/china/1.6.3/430000.json
430600,岳阳,岳阳市,湖南,湖南省,430000,prefecture_level_city,29.359036,113.122958,,29.356480,113.128922,GCJ-02,city_430600,GeoJSON.CN GCJ-02 centre converted to WGS-84,1.6.3,https://geojson.cn/api/china/1.6.3/430000.json
430700,常德,常德市,湖南,湖南省,430000,prefecture_level_city,29.034470,111.693439,,29.031446,111.699050,GCJ-02,city_430700,GeoJSON.CN GCJ-02 centre converted to WGS-84,1.6.3,https://geojson.cn/api/china/1.6.3/430000.json
430800,张家界,张家界市,湖南,湖南省,430000,prefecture_level_city,29.120207,110.473944,,29.117343,110.478887,GCJ-02,city_430800,GeoJSON.CN GCJ-02 centre converted to WGS-84,1.6.3,https://geojson.cn/api/china/1.6.3/430000.json
430900,益阳,益阳市,湖南,湖南省,430000,prefecture_level_city,28.558001,112.350283,,28.554853,112.355994,GCJ-02,city_430900,GeoJSON.CN GCJ-02 centre converted to WGS-84,1.6.3,https://geojson.cn/api/china/1.6.3/430000.json
431000,郴州,郴州市,湖南,湖南省,430000,prefecture_level_city,25.773073,113.010007,,25.770117,113.015517,GCJ-02,city_431000,GeoJSON.CN GCJ-02 centre converted to WGS-84,1.6.3,https://geojson.cn/api/china/1.6.3/430000.json
431100,永州,永州市,湖南,湖南省,430000,prefecture_level_city,26.423447,111.608236,,26.419861,111.613482,GCJ-02,city_431100,GeoJSON.CN GCJ-02 centre converted to WGS-84,1.6.3,https://geojson.cn/api/china/1.6.3/430000.json
431200,怀化,怀化市,湖南,湖南省,430000,prefecture_level_city,27.573121,109.996908,,27.569813,110.001598,GCJ-02,city_431200,GeoJSON.CN GCJ-02 centre converted to WGS-84,1.6.3,https://geojson.cn/api/china/1.6.3/430000.json
431300,娄底,娄底市,湖南,湖南省,430000,prefecture_level_city,27.703151,111.988951,,27.699838,111.994468,GCJ-02,city_431300,GeoJSON.CN GCJ-02 centre converted to WGS-84,1.6.3,https://geojson.cn/api/china/1.6.3/430000.json
433100,湘西,湘西土家族苗族自治州,湖南,湖南省,430000,autonomous_prefecture,28.315983,109.732696,,28.312592,109.737428,GCJ-02,city_433100,GeoJSON.CN GCJ-02 centre converted to WGS-84,1.6.3,https://geojson.cn/api/china/1.6.3/430000.json
440100,广州,广州市,广东,广东省,440000,prefecture_level_city,23.130000,113.260000,20,23.130061,113.264499,GCJ-02,guangzhou,existing pvsim representative-city anchor,1.6.3,https://geojson.cn/api/china/1.6.3/440000.json
440200,韶关,韶关市,广东,广东省,440000,prefecture_level_city,24.814038,113.592134,,24.810977,113.597324,GCJ-02,city_440200,GeoJSON.CN GCJ-02 centre converted to WGS-84,1.6.3,https://geojson.cn/api/china/1.6.3/440000.json
440300,深圳,深圳市,广东,广东省,440000,prefecture_level_city,22.546244,114.052825,,22.543527,114.057939,GCJ-02,city_440300,GeoJSON.CN GCJ-02 centre converted to WGS-84,1.6.3,https://geojson.cn/api/china/1.6.3/440000.json
440400,珠海,珠海市,广东,广东省,440000,prefecture_level_city,22.274224,113.571905,,22.271208,113.576944,GCJ-02,city_440400,GeoJSON.CN GCJ-02 centre converted to WGS-84,1.6.3,https://geojson.cn/api/china/1.6.3/440000.json
440500,汕头,汕头市,广东,广东省,440000,prefecture_level_city,23.356809,116.677488,,23.354152,116.681956,GCJ-02,city_440500,GeoJSON.CN GCJ-02 centre converted to WGS-84,1.6.3,https://geojson.cn/api/china/1.6.3/440000.json
440600,佛山,佛山市,广东,广东省,440000,prefecture_level_city,23.023904,113.116103,,23.021351,113.121586,GCJ-02,city_440600,GeoJSON.CN GCJ-02 centre converted to WGS-84,1.6.3,https://geojson.cn/api/china/1.6.3/440000.json
440700,江门,江门市,广东,广东省,440000,prefecture_level_city,22.581639,113.076099,,22.578948,113.081548,GCJ-02,city_440700,GeoJSON.CN GCJ-02 centre converted to WGS-84,1.6.3,https://geojson.cn/api/china/1.6.3/440000.json
440800,湛江,湛江市,广东,广东省,440000,prefecture_level_city,21.272493,110.353045,,21.270108,110.357538,GCJ-02,city_440800,GeoJSON.CN GCJ-02 centre converted to WGS-84,1.6.3,https://geojson.cn/api/china/1.6.3/440000.json
440900,茂名,茂名市,广东,广东省,440000,prefecture_level_city,21.665504,110.921021,,21.662728,110.925533,GCJ-02,city_440900,GeoJSON.CN GCJ-02 centre converted to WGS-84,1.6.3,https://geojson.cn/api/china/1.6.3/440000.json
441200,肇庆,肇庆市,广东,广东省,440000,prefecture_level_city,23.050368,112.459990,,23.047747,112.465245,GCJ-02,city_441200,GeoJSON.CN GCJ-02 centre converted to WGS-84,1.6.3,https://geojson.cn/api/china/1.6.3/440000.json
441300,惠州,惠州市,广东,广东省,440000,prefecture_level_city,23.114865,114.410619,,23.112368,114.415587,GCJ-02,city_441300,GeoJSON.CN GCJ-02 centre converted to WGS-84,1.6.3,https://geojson.cn/api/china/1.6.3/440000.json
441400,梅州,梅州市,广东,广东省,440000,prefecture_level_city,24.291459,116.117220,,24.288832,116.122046,GCJ-02,city_441400,GeoJSON.CN GCJ-02 centre converted to WGS-84,1.6.3,https://geojson.cn/api/china/1.6.3/440000.json
441500,汕尾,汕尾市,广东,广东省,440000,prefecture_level_city,22.789838,115.370615,,22.787204,115.375557,GCJ-02,city_441500,GeoJSON.CN GCJ-02 centre converted to WGS-84,1.6.3,https://geojson.cn/api/china/1.6.3/440000.json
441600,河源,河源市,广东,广东省,440000,prefecture_level_city,23.746927,114.695515,,23.744276,114.700215,GCJ-02,city_441600,GeoJSON.CN GCJ-02 centre converted to WGS-84,1.6.3,https://geojson.cn/api/china/1.6.3/440000.json
441700,阳江,阳江市,广东,广东省,440000,prefecture_level_city,21.859580,111.978351,,21.856853,111.983430,GCJ-02,city_441700,GeoJSON.CN GCJ-02 centre converted to WGS-84,1.6.3,https://geojson.cn/api/china/1.6.3/440000.json
441800,清远,清远市,广东,广东省,440000,prefecture_level_city,23.684524,113.050616,,23.682064,113.056098,GCJ-02,city_441800,GeoJSON.CN GCJ-02 centre converted to WGS-84,1.6.3,https://geojson.cn/api/china/1.6.3/440000.json
441900,东莞,东莞市,广东,广东省,440000,prefecture_level_city,23.023738,113.746691,,23.021016,113.751884,GCJ-02,city_441900,GeoJSON.CN GCJ-02 centre converted to WGS-84,1.6.3,https://geojson.cn/api/china/1.6.3/440000.json
442000,中山,中山市,广东,广东省,440000,prefecture_level_city,22.519713,113.387035,,22.517024,113.392517,GCJ-02,city_442000,GeoJSON.CN GCJ-02 centre converted to WGS-84,1.6.3,https://geojson.cn/api/china/1.6.3/440000.json
445100,潮州,潮州市,广东,广东省,440000,prefecture_level_city,23.660409,116.617537,,23.657662,116.621901,GCJ-02,city_445100,GeoJSON.CN GCJ-02 centre converted to WGS-84,1.6.3,https://geojson.cn/api/china/1.6.3/440000.json
445200,揭阳,揭阳市,广东,广东省,440000,prefecture_level_city,23.553365,116.368023,,23.550968,116.372732,GCJ-02,city_445200,GeoJSON.CN GCJ-02 centre converted to WGS-84,1.6.3,https://geojson.cn/api/china/1.6.3/440000.json
445300,云浮,云浮市,广东,广东省,440000,prefecture_level_city,22.917296,112.039467,,22.914639,112.044788,GCJ-02,city_445300,GeoJSON.CN GCJ-02 centre converted to WGS-84,1.6.3,https://geojson.cn/api/china/1.6.3/440000.json
450100,南宁,南宁市,广西,广西壮族自治区,450000,prefecture_level_city,22.820000,108.360000,80,22.817700,108.366407,GCJ-02,nanning,existing pvsim representative-city anchor,1.6.3,https://geojson.cn/api/china/1.6.3/450000.json
450200,柳州,柳州市,广西,广西壮族自治区,450000,prefecture_level_city,24.329142,109.423471,,24.326442,109.428071,GCJ-02,city_450200,GeoJSON.CN GCJ-02 centre converted to WGS-84,1.6.3,https://geojson.cn/api/china/1.6.3/450000.json
450300,桂林,桂林市,广西,广西壮族自治区,450000,prefecture_level_city,25.238400,110.175128,,25.235615,110.179752,GCJ-02,city_450300,GeoJSON.CN GCJ-02 centre converted to WGS-84,1.6.3,https://geojson.cn/api/china/1.6.3/450000.json
450400,梧州,梧州市,广西,广西壮族自治区,450000,prefecture_level_city,23.479325,111.273914,,23.476733,111.279022,GCJ-02,city_450400,GeoJSON.CN GCJ-02 centre converted to WGS-84,1.6.3,https://geojson.cn/api/china/1.6.3/450000.json
450500,北海,北海市,广西,广西壮族自治区,450000,prefecture_level_city,21.484247,109.116161,,21.481859,109.120454,GCJ-02,city_450500,GeoJSON.CN GCJ-02 centre converted to WGS-84,1.6.3,https://geojson.cn/api/china/1.6.3/450000.json
450600,防城港,防城港市,广西,广西壮族自治区,450000,prefecture_level_city,21.689218,108.350675,,21.686732,108.354670,GCJ-02,city_450600,GeoJSON.CN GCJ-02 centre converted to WGS-84,1.6.3,https://geojson.cn/api/china/1.6.3/450000.json
450700,钦州,钦州市,广西,广西壮族自治区,450000,prefecture_level_city,21.983779,108.650598,,21.980894,108.654355,GCJ-02,city_450700,GeoJSON.CN GCJ-02 centre converted to WGS-84,1.6.3,https://geojson.cn/api/china/1.6.3/450000.json
450800,贵港,贵港市,广西,广西壮族自治区,450000,prefecture_level_city,23.114721,109.594712,,23.111820,109.598903,GCJ-02,city_450800,GeoJSON.CN GCJ-02 centre converted to WGS-84,1.6.3,https://geojson.cn/api/china/1.6.3/450000.json
450900,玉林,玉林市,广西,广西壮族自治区,450000,prefecture_level_city,22.656803,110.176503,,22.654001,110.180970,GCJ-02,city_450900,GeoJSON.CN GCJ-02 centre converted to WGS-84,1.6.3,https://geojson.cn/api/china/1.6.3/450000.json
451000,百色,百色市,广西,广西壮族自治区,450000,prefecture_level_city,23.905974,106.615278,,23.903070,106.618690,GCJ-02,city_451000,GeoJSON.CN GCJ-02 centre converted to WGS-84,1.6.3,https://geojson.cn/api/china/1.6.3/450000.json
451100,贺州,贺州市,广西,广西壮族自治区,450000,prefecture_level_city,24.407219,111.562103,,24.404182,111.567216,GCJ-02,city_451100,GeoJSON.CN GCJ-02 centre converted to WGS-84,1.6.3,https://geojson.cn/api/china/1.6.3/450000.json
451200,河池,河池市,广西,广西壮族自治区,450000,prefecture_level_city,24.488101,108.632690,,24.485030,108.636540,GCJ-02,city_451200,GeoJSON.CN GCJ-02 centre converted to WGS-84,1.6.3,https://geojson.cn/api/china/1.6.3/450000.json
451300,来宾,来宾市,广西,广西壮族自治区,450000,prefecture_level_city,23.752744,109.216941,,23.750105,109.221243,GCJ-02,city_451300,GeoJSON.CN GCJ-02 centre converted to WGS-84,1.6.3,https://geojson.cn/api/china/1.6.3/450000.json
451400,崇左,崇左市,广西,广西壮族自治区,450000,prefecture_level_city,22.379888,107.360817,,22.377139,107.364973,GCJ-02,city_451400,GeoJSON.CN GCJ-02 centre converted to WGS-84,1.6.3,https://geojson.cn/api/china/1.6.3/450000.json
460100,海口,海口市,海南,海南省,460000,prefecture_level_city,20.040000,110.320000,15,20.046316,110.200162,GCJ-02,haikou,existing pvsim representative-city anchor,1.6.3,https://geojson.cn/api/china/1.6.3/460000.json
460200,三亚,三亚市,海南,海南省,460000,prefecture_level_city,18.254570,109.507624,,18.252865,109.511709,GCJ-02,city_460200,GeoJSON.CN GCJ-02 centre converted to WGS-84,1.6.3,https://geojson.cn/api/china/1.6.3/460000.json
460300,三沙,三沙市,海南,海南省,460000,prefecture_level_city,16.832635,112.333737,,16.831004,112.338649,GCJ-02,city_460300,GeoJSON.CN GCJ-02 centre converted to WGS-84,1.6.3,https://geojson.cn/api/china/1.6.3/460000.json
460400,儋州,儋州市,海南,海南省,460000,prefecture_level_city,19.522922,109.576802,,19.520948,109.580812,GCJ-02,city_460400,GeoJSON.CN GCJ-02 centre converted to WGS-84,1.6.3,https://geojson.cn/api/china/1.6.3/460000.json
500000,重庆,重庆市,重庆,重庆市,500000,municipality,29.550000,106.550000,240,29.562686,106.551720,GCJ-02,chongqing,existing pvsim representative-city anchor,1.6.3,https://geojson.cn/api/china/1.6.3/500000.json
510100,成都,成都市,四川,四川省,510000,prefecture_level_city,30.670000,104.070000,500,30.572961,104.066301,GCJ-02,chengdu,existing pvsim representative-city anchor,1.6.3,https://geojson.cn/api/china/1.6.3/510000.json
510300,自贡,自贡市,四川,四川省,510000,prefecture_level_city,29.342100,104.776611,,29.339240,104.779307,GCJ-02,city_510300,GeoJSON.CN GCJ-02 centre converted to WGS-84,1.6.3,https://geojson.cn/api/china/1.6.3/510000.json
510400,攀枝花,攀枝花市,四川,四川省,510000,prefecture_level_city,26.585985,101.716886,,26.582417,101.718460,GCJ-02,city_510400,GeoJSON.CN GCJ-02 centre converted to WGS-84,1.6.3,https://geojson.cn/api/china/1.6.3/510000.json
510500,泸州,泸州市,四川,四川省,510000,prefecture_level_city,28.874018,105.438274,,28.870980,105.441866,GCJ-02,city_510500,GeoJSON.CN GCJ-02 centre converted to WGS-84,1.6.3,https://geojson.cn/api/china/1.6.3/510000.json
510600,德阳,德阳市,四川,四川省,510000,prefecture_level_city,31.129590,104.395113,,31.127449,104.397795,GCJ-02,city_510600,GeoJSON.CN GCJ-02 centre converted to WGS-84,1.6.3,https://geojson.cn/api/china/1.6.3/510000.json
510700,绵阳,绵阳市,四川,四川省,510000,prefecture_level_city,31.469949,104.676510,,31.467673,104.679127,GCJ-02,city_510700,GeoJSON.CN GCJ-02 centre converted to WGS-84,1.6.3,https://geojson.cn/api/china/1.6.3/510000.json
510800,广元,广元市,四川,四川省,510000,prefecture_level_city,32.438175,105.840300,,32.435774,105.844004,GCJ-02,city_510800,GeoJSON.CN GCJ-02 centre converted to WGS-84,1.6.3,https://geojson.cn/api/china/1.6.3/510000.json
510900,遂宁,遂宁市,四川,四川省,510000,prefecture_level_city,30.535474,105.589193,,30.532680,105.592602,GCJ-02,city_510900,GeoJSON.CN GCJ-02 centre converted to WGS-84,1.6.3,https://geojson.cn/api/china/1.6.3/510000.json
511000,内江,内江市,四川,四川省,510000,prefecture_level_city,29.582787,105.054766,,29.580210,105.057992,GCJ-02,city_511000,GeoJSON.CN GCJ-02 centre converted to WGS-84,1.6.3,https://geojson.cn/api/china/1.6.3/510000.json
511100,乐山,乐山市,四川,四川省,510000,prefecture_level_city,29.555032,103.763876,,29.552275,103.766085,GCJ-02,city_511100,GeoJSON.CN GCJ-02 centre converted to WGS-84,1.6.3,https://geojson.cn/api/china/1.6.3/510000.json
511300,南充,南充市,四川,四川省,510000,prefecture_level_city,30.839517,106.106546,,30.837235,106.110565,GCJ-02,city_511300,GeoJSON.CN GCJ-02 centre converted to WGS-84,1.6.3,https://geojson.cn/api/china/1.6.3/510000.json
511400,眉山,眉山市,四川,四川省,510000,prefecture_level_city,30.079934,103.846315,,30.077113,103.848417,GCJ-02,city_511400,GeoJSON.CN GCJ-02 centre converted to WGS-84,1.6.3,https://geojson.cn/api/china/1.6.3/510000.json
511500,宜宾,宜宾市,四川,四川省,510000,prefecture_level_city,28.755782,104.640444,,28.752354,104.642826,GCJ-02,city_511500,GeoJSON.CN GCJ-02 centre converted to WGS-84,1.6.3,https://geojson.cn/api/china/1.6.3/510000.json
511600,广安,广安市,四川,四川省,510000,prefecture_level_city,30.459131,106.628857,,30.456354,106.632647,GCJ-02,city_511600,GeoJSON.CN GCJ-02 centre converted to WGS-84,1.6.3,https://geojson.cn/api/china/1.6.3/510000.json
511700,达州,达州市,四川,四川省,510000,prefecture_level_city,31.211424,107.463124,,31.209278,107.467780,GCJ-02,city_511700,GeoJSON.CN GCJ-02 centre converted to WGS-84,1.6.3,https://geojson.cn/api/china/1.6.3/510000.json
511800,雅安,雅安市,四川,四川省,510000,prefecture_level_city,30.012582,103.039561,,30.009998,103.041538,GCJ-02,city_511800,GeoJSON.CN GCJ-02 centre converted to WGS-84,1.6.3,https://geojson.cn/api/china/1.6.3/510000.json
511900,巴中,巴中市,四川,四川省,510000,prefecture_level_city,31.870034,106.743403,,31.867853,106.747548,GCJ-02,city_511900,GeoJSON.CN GCJ-02 centre converted to WGS-84,1.6.3,https://geojson.cn/api/china/1.6.3/510000.json
512000,资阳,资阳市,四川,四川省,510000,prefecture_level_city,30.132084,104.624862,,30.129236,104.627265,GCJ-02,city_512000,GeoJSON.CN GCJ-02 centre converted to WGS-84,1.6.3,https://geojson.cn/api/china/1.6.3/510000.json
513200,阿坝,阿坝藏族羌族自治州,四川,四川省,510000,autonomous_prefecture,31.901672,102.222860,,31.899427,102.224504,GCJ-02,city_513200,GeoJSON.CN GCJ-02 centre converted to WGS-84,1.6.3,https://geojson.cn/api/china/1.6.3/510000.json
513300,甘孜,甘孜藏族自治州,四川,四川省,510000,autonomous_prefecture,30.052341,101.960791,,30.049520,101.962310,GCJ-02,city_513300,GeoJSON.CN GCJ-02 centre converted to WGS-84,1.6.3,https://geojson.cn/api/china/1.6.3/510000.json
513400,凉山,凉山彝族自治州,四川,四川省,510000,autonomous_prefecture,27.884828,102.266218,,27.881396,102.267713,GCJ-02,city_513400,GeoJSON.CN GCJ-02 centre converted to WGS-84,1.6.3,https://geojson.cn/api/china/1.6.3/510000.json
520100,贵阳,贵阳市,贵州,贵州省,520000,prefecture_level_city,26.650000,106.630000,1100,26.646694,106.628201,GCJ-02,guiyang,existing pvsim representative-city anchor,1.6.3,https://geojson.cn/api/china/1.6.3/520000.json
520200,六盘水,六盘水市,贵州,贵州省,520000,prefecture_level_city,26.596158,104.827819,,26.592538,104.830357,GCJ-02,city_520200,GeoJSON.CN GCJ-02 centre converted to WGS-84,1.6.3,https://geojson.cn/api/china/1.6.3/520000.json
520300,遵义,遵义市,贵州,贵州省,520000,prefecture_level_city,27.725197,107.027727,,27.721931,107.031922,GCJ-02,city_520300,GeoJSON.CN GCJ-02 centre converted to WGS-84,1.6.3,https://geojson.cn/api/china/1.6.3/520000.json
520400,安顺,安顺市,贵州,贵州省,520000,prefecture_level_city,26.256633,105.944234,,26.253103,105.947600,GCJ-02,city_520400,GeoJSON.CN GCJ-02 centre converted to WGS-84,1.6.3,https://geojson.cn/api/china/1.6.3/520000.json
520500,毕节,毕节市,贵州,贵州省,520000,prefecture_level_city,27.286984,105.288307,,27.283615,105.291544,GCJ-02,city_520500,GeoJSON.CN GCJ-02 centre converted to WGS-84,1.6.3,https://geojson.cn/api/china/1.6.3/520000.json
520600,铜仁,铜仁市,贵州,贵州省,520000,prefecture_level_city,27.734827,109.184949,,27.731555,109.189528,GCJ-02,city_520600,GeoJSON.CN GCJ-02 centre converted to WGS-84,1.6.3,https://geojson.cn/api/china/1.6.3/520000.json
522300,黔西南,黔西南布依族苗族自治州,贵州,贵州省,520000,autonomous_prefecture,25.090842,104.903952,,25.087733,104.906419,GCJ-02,city_522300,GeoJSON.CN GCJ-02 centre converted to WGS-84,1.6.3,https://geojson.cn/api/china/1.6.3/520000.json
522600,黔东南,黔东南苗族侗族自治州,贵州,贵州省,520000,autonomous_prefecture,26.587295,107.978701,,26.583759,107.982838,GCJ-02,city_522600,GeoJSON.CN GCJ-02 centre converted to WGS-84,1.6.3,https://geojson.cn/api/china/1.6.3/520000.json
522700,黔南,黔南布依族苗族自治州,贵州,贵州省,520000,autonomous_prefecture,26.256575,107.518139,,26.253136,107.522303,GCJ-02,city_522700,GeoJSON.CN GCJ-02 centre converted to WGS-84,1.6.3,https://geojson.cn/api/china/1.6.3/520000.json
530100,昆明,昆明市,云南,云南省,530000,prefecture_level_city,25.040000,102.710000,1890,24.881490,102.833669,GCJ-02,kunming,existing pvsim representative-city anchor,1.6.3,https://geojson.cn/api/china/1.6.3/530000.json
530300,曲靖,曲靖市,云南,云南省,530000,prefecture_level_city,25.493868,103.794265,,25.490866,103.796288,GCJ-02,city_530300,GeoJSON.CN GCJ-02 centre converted to WGS-84,1.6.3,https://geojson.cn/api/china/1.6.3/530000.json
530400,玉溪,玉溪市,云南,云南省,530000,prefecture_level_city,24.349800,102.525371,,24.346786,102.526673,GCJ-02,city_530400,GeoJSON.CN GCJ-02 centre converted to WGS-84,1.6.3,https://geojson.cn/api/china/1.6.3/530000.json
530500,保山,保山市,云南,云南省,530000,prefecture_level_city,25.114875,99.160570,,25.112018,99.161489,GCJ-02,city_530500,GeoJSON.CN GCJ-02 centre converted to WGS-84,1.6.3,https://geojson.cn/api/china/1.6.3/530000.json
530600,昭通,昭通市,云南,云南省,530000,prefecture_level_city,27.341610,103.714985,,27.338185,103.717078,GCJ-02,city_530600,GeoJSON.CN GCJ-02 centre converted to WGS-84,1.6.3,https://geojson.cn/api/china/1.6.3/530000.json
530700,丽江,丽江市,云南,云南省,530000,prefecture_level_city,26.858710,100.224803,,26.855165,100.225936,GCJ-02,city_530700,GeoJSON.CN GCJ-02 centre converted to WGS-84,1.6.3,https://geojson.cn/api/china/1.6.3/530000.json
530800,普洱,普洱市,云南,云南省,530000,prefecture_level_city,22.828222,100.964836,,22.825229,100.966011,GCJ-02,city_530800,GeoJSON.CN GCJ-02 centre converted to WGS-84,1.6.3,https://geojson.cn/api/china/1.6.3/530000.json
530900,临沧,临沧市,云南,云南省,530000,prefecture_level_city,23.886762,100.087585,,23.884175,100.088837,GCJ-02,city_530900,GeoJSON.CN GCJ-02 centre converted to WGS-84,1.6.3,https://geojson.cn/api/china/1.6.3/530000.json
532300,楚雄,楚雄彝族自治州,云南,云南省,530000,autonomous_prefecture,25.048717,101.526835,,25.045678,101.528304,GCJ-02,city_532300,GeoJSON.CN GCJ-02 centre converted to WGS-84,1.6.3,https://geojson.cn/api/china/1.6.3/530000.json
532500,红河,红河哈尼族彝族自治州,云南,云南省,530000,autonomous_prefecture,23.365643,103.372849,,23.363129,103.374873,GCJ-02,city_532500,GeoJSON.CN GCJ-02 centre converted to WGS-84,1.6.3,https://geojson.cn/api/china/1.6.3/530000.json
532600,文山,文山壮族苗族自治州,云南,云南省,530000,autonomous_prefecture,23.403633,104.213569,,23.400983,104.215670,GCJ-02,city_532600,GeoJSON.CN GCJ-02 centre converted to WGS-84,1.6.3,https://geojson.cn/api/china/1.6.3/530000.json
532800,西双版纳,西双版纳傣族自治州,云南,云南省,530000,autonomous_prefecture,22.011897,100.795878,,22.009037,100.797002,GCJ-02,city_532800,GeoJSON.CN GCJ-02 centre converted to WGS-84,1.6.3,https://geojson.cn/api/china/1.6.3/530000.json
532900,大理,大理白族自治州,云南,云南省,530000,autonomous_prefecture,25.609582,100.266510,,25.606548,100.267608,GCJ-02,city_532900,GeoJSON.CN GCJ-02 centre converted to WGS-84,1.6.3,https://geojson.cn/api/china/1.6.3/530000.json
533100,德宏,德宏傣族景颇族自治州,云南,云南省,530000,autonomous_prefecture,24.436318,98.585468,,24.433146,98.585621,GCJ-02,city_533100,GeoJSON.CN GCJ-02 centre converted to WGS-84,1.6.3,https://geojson.cn/api/china/1.6.3/530000.json
533300,怒江,怒江傈僳族自治州,云南,云南省,530000,autonomous_prefecture,25.820871,98.856208,,25.817555,98.856600,GCJ-02,city_533300,GeoJSON.CN GCJ-02 centre converted to WGS-84,1.6.3,https://geojson.cn/api/china/1.6.3/530000.json
533400,迪庆,迪庆藏族自治州,云南,云南省,530000,autonomous_prefecture,27.822645,99.701017,,27.819149,99.702110,GCJ-02,city_533400,GeoJSON.CN GCJ-02 centre converted to WGS-84,1.6.3,https://geojson.cn/api/china/1.6.3/530000.json
540100,拉萨,拉萨市,西藏,西藏自治区,540000,prefecture_level_city,29.650000,91.140000,3650,29.653491,91.171924,GCJ-02,lhasa,existing pvsim representative-city anchor,1.6.3,https://geojson.cn/api/china/1.6.3/540000.json
540200,日喀则,日喀则市,西藏,西藏自治区,540000,prefecture_level_city,29.270103,88.878388,,29.266838,88.880423,GCJ-02,city_540200,GeoJSON.CN GCJ-02 centre converted to WGS-84,1.6.3,https://geojson.cn/api/china/1.6.3/540000.json
540300,昌都,昌都市,西藏,西藏自治区,540000,prefecture_level_city,31.145201,97.169886,,31.142879,97.170425,GCJ-02,city_540300,GeoJSON.CN GCJ-02 centre converted to WGS-84,1.6.3,https://geojson.cn/api/china/1.6.3/540000.json
540400,林芝,林芝市,西藏,西藏自治区,540000,prefecture_level_city,29.651440,94.360271,,29.648750,94.361436,GCJ-02,city_540400,GeoJSON.CN GCJ-02 centre converted to WGS-84,1.6.3,https://geojson.cn/api/china/1.6.3/540000.json
540500,山南,山南市,西藏,西藏自治区,540000,prefecture_level_city,29.240804,91.770212,,29.237722,91.771426,GCJ-02,city_540500,GeoJSON.CN GCJ-02 centre converted to WGS-84,1.6.3,https://geojson.cn/api/china/1.6.3/540000.json
540600,那曲,那曲市,西藏,西藏自治区,540000,prefecture_level_city,31.480143,92.050230,,31.477905,92.051510,GCJ-02,city_540600,GeoJSON.CN GCJ-02 centre converted to WGS-84,1.6.3,https://geojson.cn/api/china/1.6.3/540000.json
542500,阿里,阿里地区,西藏,西藏自治区,540000,prefecture,32.503469,80.103570,,32.500987,80.105786,GCJ-02,city_542500,GeoJSON.CN GCJ-02 centre converted to WGS-84,1.6.3,https://geojson.cn/api/china/1.6.3/540000.json
610100,西安,西安市,陕西,陕西省,610000,prefecture_level_city,34.270000,108.930000,400,34.343207,108.939645,GCJ-02,xian,existing pvsim representative-city anchor,1.6.3,https://geojson.cn/api/china/1.6.3/610000.json
610200,铜川,铜川市,陕西,陕西省,610000,prefecture_level_city,34.898217,108.940400,,34.897133,108.945116,GCJ-02,city_610200,GeoJSON.CN GCJ-02 centre converted to WGS-84,1.6.3,https://geojson.cn/api/china/1.6.3/610000.json
610300,宝鸡,宝鸡市,陕西,陕西省,610000,prefecture_level_city,34.364281,107.232990,,34.362862,107.237682,GCJ-02,city_610300,GeoJSON.CN GCJ-02 centre converted to WGS-84,1.6.3,https://geojson.cn/api/china/1.6.3/610000.json
610400,咸阳,咸阳市,陕西,陕西省,610000,prefecture_level_city,34.331338,108.704164,,34.329896,108.708837,GCJ-02,city_610400,GeoJSON.CN GCJ-02 centre converted to WGS-84,1.6.3,https://geojson.cn/api/china/1.6.3/610000.json
610500,渭南,渭南市,陕西,陕西省,610000,prefecture_level_city,34.521832,109.465692,,34.520632,109.470962,GCJ-02,city_610500,GeoJSON.CN GCJ-02 centre converted to WGS-84,1.6.3,https://geojson.cn/api/china/1.6.3/610000.json
610600,延安,延安市,陕西,陕西省,610000,prefecture_level_city,36.649990,109.489287,,36.650109,109.494680,GCJ-02,city_610600,GeoJSON.CN GCJ-02 centre converted to WGS-84,1.6.3,https://geojson.cn/api/china/1.6.3/610000.json
610700,汉中,汉中市,陕西,陕西省,610000,prefecture_level_city,33.068261,107.018669,,33.066373,107.023190,GCJ-02,city_610700,GeoJSON.CN GCJ-02 centre converted to WGS-84,1.6.3,https://geojson.cn/api/china/1.6.3/610000.json
610800,榆林,榆林市,陕西,陕西省,610000,prefecture_level_city,38.285242,109.728521,,38.285760,109.734104,GCJ-02,city_610800,GeoJSON.CN GCJ-02 centre converted to WGS-84,1.6.3,https://geojson.cn/api/china/1.6.3/610000.json
610900,安康,安康市,陕西,陕西省,610000,prefecture_level_city,32.687506,109.024152,,32.685435,109.029017,GCJ-02,city_610900,GeoJSON.CN GCJ-02 centre converted to WGS-84,1.6.3,https://geojson.cn/api/china/1.6.3/610000.json
611000,商洛,商洛市,陕西,陕西省,610000,prefecture_level_city,33.875061,109.913689,,33.873358,109.918646,GCJ-02,city_611000,GeoJSON.CN GCJ-02 centre converted to WGS-84,1.6.3,https://geojson.cn/api/china/1.6.3/610000.json
620100,兰州,兰州市,甘肃,甘肃省,620000,prefecture_level_city,36.061125,103.831825,,36.060798,103.834228,GCJ-02,city_620100,GeoJSON.CN GCJ-02 centre converted to WGS-84,1.6.3,https://geojson.cn/api/china/1.6.3/620000.json
620200,嘉峪关,嘉峪关市,甘肃,甘肃省,620000,prefecture_level_city,39.772419,98.287602,,39.773250,98.288200,GCJ-02,city_620200,GeoJSON.CN GCJ-02 centre converted to WGS-84,1.6.3,https://geojson.cn/api/china/1.6.3/620000.json
620300,金昌,金昌市,甘肃,甘肃省,620000,prefecture_level_city,38.521030,102.185983,,38.521468,102.187972,GCJ-02,city_620300,GeoJSON.CN GCJ-02 centre converted to WGS-84,1.6.3,https://geojson.cn/api/china/1.6.3/620000.json
620400,白银,白银市,甘肃,甘肃省,620000,prefecture_level_city,36.545032,104.136055,,36.545123,104.138872,GCJ-02,city_620400,GeoJSON.CN GCJ-02 centre converted to WGS-84,1.6.3,https://geojson.cn/api/china/1.6.3/620000.json
620500,天水,天水市,甘肃,甘肃省,620000,prefecture_level_city,34.582832,105.720891,,34.581514,105.724828,GCJ-02,city_620500,GeoJSON.CN GCJ-02 centre converted to WGS-84,1.6.3,https://geojson.cn/api/china/1.6.3/620000.json
620600,武威,武威市,甘肃,甘肃省,620000,prefecture_level_city,37.928694,102.636105,,37.928980,102.637821,GCJ-02,city_620600,GeoJSON.CN GCJ-02 centre converted to WGS-84,1.6.3,https://geojson.cn/api/china/1.6.3/620000.json
620700,张掖,张掖市,甘肃,甘肃省,620000,prefecture_level_city,38.924128,100.448156,,38.924766,100.449858,GCJ-02,city_620700,GeoJSON.CN GCJ-02 centre converted to WGS-84,1.6.3,https://geojson.cn/api/china/1.6.3/620000.json
620800,平凉,平凉市,甘肃,甘肃省,620000,prefecture_level_city,35.542884,106.660690,,35.542417,106.664913,GCJ-02,city_620800,GeoJSON.CN GCJ-02 centre converted to WGS-84,1.6.3,https://geojson.cn/api/china/1.6.3/620000.json
620900,酒泉,酒泉市,甘肃,甘肃省,620000,prefecture_level_city,39.732593,98.493686,,39.733416,98.494320,GCJ-02,city_620900,GeoJSON.CN GCJ-02 centre converted to WGS-84,1.6.3,https://geojson.cn/api/china/1.6.3/620000.json
621000,庆阳,庆阳市,甘肃,甘肃省,620000,prefecture_level_city,35.709855,107.638690,,35.709459,107.643433,GCJ-02,city_621000,GeoJSON.CN GCJ-02 centre converted to WGS-84,1.6.3,https://geojson.cn/api/china/1.6.3/620000.json
621100,定西,定西市,甘肃,甘肃省,620000,prefecture_level_city,35.608491,104.589722,,35.607947,104.592342,GCJ-02,city_621100,GeoJSON.CN GCJ-02 centre converted to WGS-84,1.6.3,https://geojson.cn/api/china/1.6.3/620000.json
621200,陇南,陇南市,甘肃,甘肃省,620000,prefecture_level_city,33.372079,104.957290,,33.370174,104.960296,GCJ-02,city_621200,GeoJSON.CN GCJ-02 centre converted to WGS-84,1.6.3,https://geojson.cn/api/china/1.6.3/620000.json
622900,临夏,临夏回族自治州,甘肃,甘肃省,620000,autonomous_prefecture,35.602151,103.208143,,35.601792,103.210386,GCJ-02,city_622900,GeoJSON.CN GCJ-02 centre converted to WGS-84,1.6.3,https://geojson.cn/api/china/1.6.3/620000.json
623000,甘南,甘南藏族自治州,甘肃,甘肃省,620000,autonomous_prefecture,34.984404,102.910012,,34.983266,102.911736,GCJ-02,city_623000,GeoJSON.CN GCJ-02 centre converted to WGS-84,1.6.3,https://geojson.cn/api/china/1.6.3/620000.json
630100,西宁,西宁市,青海,青海省,630000,prefecture_level_city,36.620000,101.780000,2260,36.616621,101.777795,GCJ-02,xining,existing pvsim representative-city anchor,1.6.3,https://geojson.cn/api/china/1.6.3/630000.json
630200,海东,海东市,青海,青海省,630000,prefecture_level_city,36.473807,102.408271,,36.473864,102.410290,GCJ-02,city_630200,GeoJSON.CN GCJ-02 centre converted to WGS-84,1.6.3,https://geojson.cn/api/china/1.6.3/630000.json
632200,海北,海北藏族自治州,青海,青海省,630000,autonomous_prefecture,36.954658,100.899490,,36.954612,100.900944,GCJ-02,city_632200,GeoJSON.CN GCJ-02 centre converted to WGS-84,1.6.3,https://geojson.cn/api/china/1.6.3/630000.json
632300,黄南,黄南藏族自治州,青海,青海省,630000,autonomous_prefecture,35.519731,102.013511,,35.519317,102.015397,GCJ-02,city_632300,GeoJSON.CN GCJ-02 centre converted to WGS-84,1.6.3,https://geojson.cn/api/china/1.6.3/630000.json
632500,海南,海南藏族自治州,青海,青海省,630000,autonomous_prefecture,36.296796,100.621365,,36.296399,100.622647,GCJ-02,city_632500,GeoJSON.CN GCJ-02 centre converted to WGS-84,1.6.3,https://geojson.cn/api/china/1.6.3/630000.json
632600,果洛,果洛藏族自治州,青海,青海省,630000,autonomous_prefecture,34.473658,100.243821,,34.472179,100.245161,GCJ-02,city_632600,GeoJSON.CN GCJ-02 centre converted to WGS-84,1.6.3,https://geojson.cn/api/china/1.6.3/630000.json
632700,玉树,玉树藏族自治州,青海,青海省,630000,autonomous_prefecture,33.008431,97.005816,,33.006292,97.006247,GCJ-02,city_632700,GeoJSON.CN GCJ-02 centre converted to WGS-84,1.6.3,https://geojson.cn/api/china/1.6.3/630000.json
632800,海西,海西蒙古族藏族自治州,青海,青海省,630000,autonomous_prefecture,37.347705,97.331205,,37.348110,97.331920,GCJ-02,city_632800,GeoJSON.CN GCJ-02 centre converted to WGS-84,1.6.3,https://geojson.cn/api/china/1.6.3/630000.json
640100,银川,银川市,宁夏,宁夏回族自治区,640000,prefecture_level_city,38.490000,106.230000,1110,38.487783,106.230977,GCJ-02,yinchuan,existing pvsim representative-city anchor,1.6.3,https://geojson.cn/api/china/1.6.3/640000.json
640200,石嘴山,石嘴山市,宁夏,宁夏回族自治区,640000,prefecture_level_city,38.983790,106.378081,,38.984632,106.382792,GCJ-02,city_640200,GeoJSON.CN GCJ-02 centre converted to WGS-84,1.6.3,https://geojson.cn/api/china/1.6.3/640000.json
640300,吴忠,吴忠市,宁夏,宁夏回族自治区,640000,prefecture_level_city,37.997212,106.194214,,37.997755,106.198613,GCJ-02,city_640300,GeoJSON.CN GCJ-02 centre converted to WGS-84,1.6.3,https://geojson.cn/api/china/1.6.3/640000.json
640400,固原,固原市,宁夏,宁夏回族自治区,640000,prefecture_level_city,36.016464,106.238475,,36.016280,106.242670,GCJ-02,city_640400,GeoJSON.CN GCJ-02 centre converted to WGS-84,1.6.3,https://geojson.cn/api/china/1.6.3/640000.json
640500,中卫,中卫市,宁夏,宁夏回族自治区,640000,prefecture_level_city,37.499631,105.193002,,37.500185,105.196770,GCJ-02,city_640500,GeoJSON.CN GCJ-02 centre converted to WGS-84,1.6.3,https://geojson.cn/api/china/1.6.3/640000.json
650100,乌鲁木齐,乌鲁木齐市,新疆,新疆维吾尔自治区,650000,prefecture_level_city,43.830000,87.620000,900,43.825377,87.616824,GCJ-02,urumqi,existing pvsim representative-city anchor,1.6.3,https://geojson.cn/api/china/1.6.3/650000.json
650200,克拉玛依,克拉玛依市,新疆,新疆维吾尔自治区,650000,prefecture_level_city,45.576908,84.886835,,45.577712,84.889239,GCJ-02,city_650200,GeoJSON.CN GCJ-02 centre converted to WGS-84,1.6.3,https://geojson.cn/api/china/1.6.3/650000.json
650400,吐鲁番,吐鲁番市,新疆,新疆维吾尔自治区,650000,prefecture_level_city,42.949185,89.187534,,42.950736,89.190374,GCJ-02,city_650400,GeoJSON.CN GCJ-02 centre converted to WGS-84,1.6.3,https://geojson.cn/api/china/1.6.3/650000.json
650500,哈密,哈密市,新疆,新疆维吾尔自治区,650000,prefecture_level_city,42.817833,93.513455,,42.819346,93.515053,GCJ-02,city_650500,GeoJSON.CN GCJ-02 centre converted to WGS-84,1.6.3,https://geojson.cn/api/china/1.6.3/650000.json
652300,昌吉,昌吉回族自治州,新疆,新疆维吾尔自治区,650000,autonomous_prefecture,44.009726,87.305882,,44.011044,87.308995,GCJ-02,city_652300,GeoJSON.CN GCJ-02 centre converted to WGS-84,1.6.3,https://geojson.cn/api/china/1.6.3/650000.json
652700,博州,博尔塔拉蒙古自治州,新疆,新疆维吾尔自治区,650000,autonomous_prefecture,44.905018,82.063081,,44.906039,82.066363,GCJ-02,city_652700,GeoJSON.CN GCJ-02 centre converted to WGS-84,1.6.3,https://geojson.cn/api/china/1.6.3/650000.json
652800,巴州,巴音郭楞蒙古自治州,新疆,新疆维吾尔自治区,650000,autonomous_prefecture,41.762611,86.142645,,41.764115,86.145298,GCJ-02,city_652800,GeoJSON.CN GCJ-02 centre converted to WGS-84,1.6.3,https://geojson.cn/api/china/1.6.3/650000.json
652900,阿克苏,阿克苏地区,新疆,新疆维吾尔自治区,650000,prefecture,41.173416,80.254500,,41.174401,80.256667,GCJ-02,city_652900,GeoJSON.CN GCJ-02 centre converted to WGS-84,1.6.3,https://geojson.cn/api/china/1.6.3/650000.json
653000,克州,克孜勒苏柯尔克孜自治州,新疆,新疆维吾尔自治区,650000,autonomous_prefecture,39.715825,76.165124,,39.716238,76.168162,GCJ-02,city_653000,GeoJSON.CN GCJ-02 centre converted to WGS-84,1.6.3,https://geojson.cn/api/china/1.6.3/650000.json
653100,喀什,喀什地区,新疆,新疆维吾尔自治区,650000,prefecture,39.469991,75.987662,,39.470220,75.990620,GCJ-02,city_653100,GeoJSON.CN GCJ-02 centre converted to WGS-84,1.6.3,https://geojson.cn/api/china/1.6.3/650000.json
653200,和田,和田地区,新疆,新疆维吾尔自治区,650000,prefecture,37.114752,79.919736,,37.114411,79.921653,GCJ-02,city_653200,GeoJSON.CN GCJ-02 centre converted to WGS-84,1.6.3,https://geojson.cn/api/china/1.6.3/650000.json
654000,伊犁,伊犁哈萨克自治州,新疆,新疆维吾尔自治区,650000,autonomous_prefecture,43.915855,81.320643,,43.917106,81.323691,GCJ-02,city_654000,GeoJSON.CN GCJ-02 centre converted to WGS-84,1.6.3,https://geojson.cn/api/china/1.6.3/650000.json
654200,塔城,塔城地区,新疆,新疆维吾尔自治区,650000,prefecture,46.744654,82.977151,,46.745364,82.980316,GCJ-02,city_654200,GeoJSON.CN GCJ-02 centre converted to WGS-84,1.6.3,https://geojson.cn/api/china/1.6.3/650000.json
654300,阿勒泰,阿勒泰地区,新疆,新疆维吾尔自治区,650000,prefecture,47.843934,88.137566,,47.845237,88.140919,GCJ-02,city_654300,GeoJSON.CN GCJ-02 centre converted to WGS-84,1.6.3,https://geojson.cn/api/china/1.6.3/650000.json
