lon,lat,ghi_ann,adv,tcell
100.5,21.5,1691.483,12.889098667170362,61.21256583159101
101.5,21.5,1664.1445,13.237617536561896,61.914130621597785
99.5,22.5,1694.1109999999999,12.01225391078944,59.16982086739911
100.5,22.5,1675.861,11.324187806813125,57.447278947677525
101.5,22.5,1622.863,11.340124305734767,57.283749727241776
99.5,23.5,1673.1599999999999,10.510981815381438,55.44549534024298
100.5,23.5,1676.8465,10.758713573258971,56.07764953823889
101.5,23.5,1662.7209999999998,9.641314162473801,53.2580667905215
102.5,23.5,1631.1850000000002,6.9424514162326645,46.060266649179766
98.5,24.5,1635.3094999999998,9.40795189784922,52.50720897676698
99.5,24.5,1649.7635,8.562857594762496,50.378848622883126
100.5,24.5,1617.9720000000002,7.720518201148585,48.04714931931008
101.5,24.5,1652.7565000000002,7.776188838000997,48.38011474998717
102.5,24.5,1633.9955,4.936672428362754,40.44255689349708
98.5,25.5,1540.446,5.810622647545682,42.41308604730555
99.5,25.5,1645.7485,6.236210310185442,44.09163121977864
100.5,25.5,1719.588,5.618125218122061,42.70919086984749
101.5,25.5,1736.4875000000002,4.816571166567396,40.52008308358552
102.5,25.5,1629.9805,4.60163359526804,39.45009564562823
99.5,26.5,1618.2275000000002,4.379331551898735,38.63140557926725
100.5,26.5,1716.084,5.443494983703712,42.190120888450274
101.5,26.5,1726.158,6.143947881994882,44.24792391074507
102.5,26.5,1635.3094999999998,5.191546624963617,41.1850617534283
99.5,27.5,1584.8665,4.493435123462164,38.80197146541558
100.5,27.5,1709.952,4.2469527439109145,38.69535627773454
101.5,27.5,1693.0524999999998,3.979976325053536,37.87593990790638
102.5,27.5,1572.6025000000002,4.922227695441661,40.139307785140005
109.5,18.5,1688.417,11.591217653714892,58.17497020869692
109.5,19.5,1540.957,9.86336728361521,53.399479164344754
110.5,19.5,1552.199,9.000571214963738,51.3401088267659
110.5,20.5,1570.4855,6.08912102808552,43.55529339130501
109.5,21.5,1479.637,5.9835821106044795,42.80938033110193
110.5,21.5,1485.331,6.892157774019658,45.328027887686
107.5,22.5,1342.908,6.794526362411557,44.45883087028299
108.5,22.5,1343.346,6.531180653170865,43.7273165900642
109.5,22.5,1345.025,6.498488504904065,43.6506196093388
110.5,22.5,1386.0145,6.746844043031164,44.49375817418247
111.5,22.5,1375.5755,6.532729525960446,43.811428873642804
112.5,22.5,1387.8394999999998,6.890861024763084,44.85060573331579
103.5,23.5,1590.1225,5.1692717871088645,40.92495190851274
104.5,23.5,1470.1834999999999,4.777372333040719,39.25981237211663
105.5,23.5,1394.3365000000001,5.459382704767468,40.90570042199929
106.5,23.5,1332.761,5.666889335863634,41.230391240844575
107.5,23.5,1303.488,6.340971000914863,43.01406330192152
108.5,23.5,1265.309,6.097052142616954,42.162671399805724
109.5,23.5,1297.794,6.40015940402987,43.17997264607993
110.5,23.5,1312.613,6.842044939397751,44.45753122497001
111.5,23.5,1338.9660000000001,7.069066605024754,45.179286794734665
112.5,23.5,1330.644,6.7660206859189165,44.26540411450278
103.5,24.5,1591.0715,4.943966547764056,40.29030982779534
104.5,24.5,1445.9109999999998,5.603425522320427,41.58695614053262
105.5,24.5,1408.097,8.12743274211698,48.37288285948212
106.5,24.5,1317.7595000000001,7.014253443831664,44.94005630447817
107.5,24.5,1231.218,5.370570652462536,39.899872693800994
108.5,24.5,1212.749,5.88144101639112,41.30475738729589
109.5,24.5,1251.1835,6.103847325681744,42.146283982754035
110.5,24.5,1228.1519999999998,5.929348541173707,41.50201375662032
111.5,24.5,1237.277,5.9297317604834365,41.53385770382456
112.5,24.5,1248.1175,5.649037178429928,40.74134322427962
103.5,25.5,1594.3200000000002,3.574253904267777,36.26211585880586
104.5,25.5,1405.104,3.682034056925154,35.738370753908654
105.5,25.5,1344.149,5.433343954700076,40.69329377741656
106.5,25.5,1267.061,5.417018190215628,40.263101040136384
107.5,25.5,1197.2365,4.222041668092924,36.37782744592094
108.5,25.5,1138.289,4.538628933580258,37.001546778530226
109.5,25.5,1154.933,5.76808350319038,40.69858269235647
110.5,25.5,1153.619,4.889751230781236,38.14260859718309
111.5,25.5,1182.673,5.118713848585754,38.97782370494941
112.5,25.5,1215.45,5.37582735394484,39.8858761644909
103.5,26.5,1575.413,4.142347505092858,37.86477377749309
104.5,26.5,1372.6190000000001,3.7801178996310636,35.881593396657394
105.5,26.5,1250.563,3.4435605083777743,34.394271325477604
106.5,26.5,1183.403,3.52368584558147,34.27948829807302
107.5,26.5,1142.4865,4.091978544655128,35.74279854917598
108.5,26.5,1119.163,4.191682921261686,35.92910446965455
109.5,26.5,1142.9245,4.848704489189126,38.05599912666433
110.5,26.5,1141.355,4.792308981215032,37.81565937015734
111.5,26.5,1189.8635,5.594423648051361,40.464354184201625
112.5,26.5,1216.5085,5.832355181753268,41.29431659511387
103.5,27.5,1431.457,4.348608112545871,37.84619386353057
104.5,27.5,1201.1785,3.7099569757312656,34.914562902505004
105.5,27.5,1174.4605,3.847934975641154,35.32487537421461
106.5,27.5,1127.5945000000002,4.2853456117309285,36.42499764912873
107.5,27.5,1107.775,4.568702679137182,37.12150126482033
108.5,27.5,1093.321,4.643868489615732,37.202096718236945
109.5,27.5,1130.478,4.931464225678872,38.27353502361974
110.5,27.5,1137.559,5.014759438756711,38.50707568434912
111.5,27.5,1175.154,5.0837106507856555,38.913570121988435
112.5,27.5,1199.7549999999999,5.514565962225837,40.326807259135315
113.5,22.5,1487.959,6.159095868936482,43.29084432566769
114.5,22.5,1511.173,6.214980876855525,43.5588829886002
113.5,23.5,1374.517,6.865723556633796,44.71932238621738
114.5,23.5,1399.337,7.247537031760243,45.85032161285331
115.5,23.5,1432.625,6.82145929235094,44.82126700209089
116.5,23.5,1490.076,7.176448576305194,46.08425190167392
113.5,24.5,1305.751,6.849273002206635,44.3958643189256
114.5,24.5,1324.2565,6.4368498849709965,43.30372652364024
115.5,24.5,1405.98,6.729860015043276,44.50610008760027
116.5,24.5,1425.3249999999998,8.44663920068589,49.19871412039229
117.5,24.5,1454.963,9.571528149639285,52.25942646481367
113.5,25.5,1242.241,5.994238433800603,41.72295777689684
114.5,25.5,1308.9265,5.83419401179448,41.6293841569476
115.5,25.5,1335.2795,8.487150538770937,48.97514699456063
116.5,25.5,1343.0905,8.594780668869229,49.24106067474985
117.5,25.5,1373.7505,9.700878115497979,52.22357694190018
118.5,25.5,1395.979,6.649828417935089,44.27118942637511
119.5,25.5,1408.7905,4.439354525385819,38.2026833559588
113.5,26.5,1234.722,5.635740553025537,40.774032340319145
114.5,26.5,1267.572,5.728452182809507,41.15359022586824
115.5,26.5,1318.1245,5.966628407017294,42.083142617386216
116.5,26.5,1329.5855,7.201786346911665,45.534780547210744
117.5,26.5,1349.478,10.116012880352976,53.23642489884657
118.5,26.5,1365.0635,9.936589642651361,52.84908164604918
119.5,26.5,1361.6689999999999,9.163956292600828,50.93407817679375
113.5,27.5,1213.0775,5.85238146468865,41.33847910836638
114.5,27.5,1237.9705000000001,5.895830624103082,41.54397701675304
115.5,27.5,1292.027,5.987538226260369,42.068124254339445
116.5,27.5,1293.414,6.16998974954015,42.572902340202006
117.5,27.5,1294.2169999999999,9.330183713558803,50.967338437389095
118.5,27.5,1348.091,10.062772925673901,53.09792662402176
119.5,27.5,1317.504,8.981408578383965,50.16847172185273
120.5,27.5,1359.3695,5.039930178885288,39.66328900391837
80.5,30.5,1844.783,-0.325897061907765,25.19965313830334
81.5,30.5,2004.215,-0.14430511452012684,26.508997890582595
82.5,30.5,1988.5200000000002,-1.5704225021985097,21.592496327058242
79.5,31.5,2036.1889999999999,1.2502042009787662,31.3491777919474
80.5,31.5,2099.5165,-0.7802038940345479,24.907630733914942
81.5,31.5,2054.0375000000004,-1.7758441777807277,21.20055122175629
82.5,31.5,2101.159,-1.031132291944148,23.947364827382245
78.5,32.5,1889.7875000000001,0.09020686497100971,27.046901691163015
79.5,32.5,2021.443,0.20507210963800482,27.945106294413158
80.5,32.5,2134.447,0.12498595127912182,28.09077581408784
81.5,32.5,2166.1655,0.11927356490348817,28.157156337096698
82.5,32.5,2184.744,0.7976504127860329,30.415031108787645
79.5,33.5,2009.1060000000002,0.5896627495553197,29.188550591669113
80.5,33.5,2111.7805000000003,1.1121818129582683,31.253686406136808
81.5,33.5,2092.326,0.1989126815765463,28.197980114026677
82.5,33.5,2056.4100000000003,-1.1189292438434029,23.564266117520305
79.5,34.5,1934.9015,-2.2000667880282654,19.394158452028055
80.5,34.5,1899.606,-1.6480887525437526,21.0979460257062
81.5,34.5,1900.847,-1.7680277899356778,20.68973857904871
82.5,34.5,1928.7695,-2.111245807329787,19.524489484868376
77.5,35.5,1811.5679999999998,-2.8486517216406493,16.497449975425972
78.5,35.5,1842.301,-1.9731055987298851,19.831878569703047
79.5,35.5,1936.3249999999998,-1.5789162437134463,21.58537345620752
80.5,35.5,1784.923,-2.933316485874171,15.866468561902225
81.5,35.5,1785.4705000000001,-2.5542331695606046,17.28063722542684
82.5,35.5,1876.6474999999998,-2.2905088985608058,18.68863607640448
76.5,36.5,1716.8870000000002,0.0024152259484822025,25.823039866990655
77.5,36.5,1712.069,-1.5494315170808348,20.441138091851276
78.5,36.5,1703.5645,0.23433491626698721,26.438129351734087
79.5,36.5,1721.3400000000001,1.9535268517872462,32.05400965330101
80.5,36.5,1766.7095,3.33463749192191,36.54335054690755
81.5,36.5,1799.0484999999999,4.656469440391486,40.60934161019899
82.5,36.5,1805.0710000000001,1.1490890476681725,29.985587358470188
75.5,37.5,1742.8750000000002,2.0436033567165612,32.76406376753233
76.5,37.5,1771.783,2.972824389238915,35.58496491964547
77.5,37.5,1833.979,5.189759042275566,42.435781308906975
78.5,37.5,1836.6069999999997,6.437445988733437,45.91805285683267
79.5,37.5,1872.3770000000002,6.964630302692432,47.4955074214932
80.5,37.5,1868.0700000000002,6.459451312745923,46.09470219800751
81.5,37.5,1886.5389999999998,6.129091022358724,45.25257270785034
82.5,37.5,1894.9705,5.768560311540694,44.276186184504574
85.5,28.5,1778.207,-0.4652333361786165,24.14371398372667
86.5,28.5,1957.2395000000001,-0.6893866001995375,24.2486686364214
87.5,28.5,2003.8500000000001,0.3496689187066915,27.927745821072527
88.5,28.5,1991.5860000000002,-0.463657917562843,25.147680721375487
89.5,28.5,1919.754,-0.28019667341343535,25.38630720548922
90.5,28.5,1962.751,-0.0621698902179002,26.34327189916889
91.5,28.5,1924.4989999999998,-0.35608389280258335,25.184165864940876
92.5,28.5,1877.7789999999998,1.7649756877706535,31.890550553726964
83.5,29.5,2100.283,-0.31885695960385263,26.272837018071648
84.5,29.5,2171.677,1.0648790019059273,31.07702942060755
85.5,29.5,2130.6875,-0.3016801857569251,26.41611882083825
86.5,29.5,2113.1675,-0.49847193265274425,25.634150818549003
87.5,29.5,2122.037,1.3014519433212746,31.536111564530355
88.5,29.5,2120.9785,2.0939873704100664,34.02124525777202
89.5,29.5,2088.384,1.9787869942365477,33.51851366159709
90.5,29.5,2117.292,3.1239213447883163,37.144999095291276
91.5,29.5,2082.5074999999997,3.92856001590296,39.37807378464078
92.5,29.5,2039.4009999999998,1.7139946317193067,32.47075931806119
83.5,30.5,2135.4325,-1.3336256246022526,23.072108825464944
84.5,30.5,2157.515,-1.7162443052607501,21.78081246569691
85.5,30.5,2175.473,-0.3194129179633354,26.583789707361024
86.5,30.5,2148.5724999999998,-0.04260876200691266,27.3813339812506
87.5,30.5,2084.8070000000002,-0.2675044885872113,26.30118653622131
88.5,30.5,2024.071,-0.25121942083824456,26.05409455753066
89.5,30.5,1998.4115000000002,-0.6155634720957037,24.70091039792955
90.5,30.5,2041.2625,0.018186199587511,27.097170568571514
91.5,30.5,1983.629,1.2133025350101745,30.71356770094245
92.5,30.5,2014.3619999999999,0.21913857706294948,27.633881329954225
83.5,31.5,2107.4735,-0.24060506744889576,26.62580950090018
84.5,31.5,2209.783,0.8186050755375929,30.542125277504212
85.5,31.5,2179.2325,0.02496588062970151,27.81783253960216
86.5,31.5,2148.5724999999998,-0.07360874671120676,27.33671218989156
87.5,31.5,2124.9205,0.490007482531829,29.099493224147647
88.5,31.5,2094.2605,0.18879251536110253,27.97559423834874
89.5,31.5,2098.458,0.34371062332767544,28.522454177832493
90.5,31.5,2108.3495,0.3444816538990425,28.51639811831493
91.5,31.5,2037.138,0.2965950477949342,28.026821009205772
92.5,31.5,1969.175,0.27719367072363,27.63330791917687
83.5,32.5,2139.8125,0.6035371028117797,29.578532503780018
84.5,32.5,2149.266,0.629764286552148,29.756474826322876
85.5,32.5,2120.431,-0.2610347600369489,26.687032524231423
86.5,32.5,2107.4004999999997,0.049240758640056725,27.643701966907486
87.5,32.5,2069.8055,-0.793154422131892,24.627682221325717
88.5,32.5,2052.906,-0.314264932539321,26.1415876675906
89.5,32.5,2064.805,-0.13422749770113374,26.819529403365774
90.5,32.5,2113.0945,-0.007914240700979125,27.43764338127629
91.5,32.5,2057.6510000000003,-0.22172088035126158,26.456796954681636
92.5,32.5,1995.6009999999999,-0.8841245032928713,23.925968426404452
83.5,33.5,2063.418,-0.6458820577967983,25.210577111444906
84.5,33.5,2074.295,-0.02054728540827888,27.36235349816986
85.5,33.5,2024.6185,-0.7225689378938527,24.78960146663298
86.5,33.5,2031.517,-0.8023551387527861,24.520448992242486
87.5,33.5,1995.6009999999999,-0.9237746544287884,23.93557705084097
88.5,33.5,1965.6709999999998,-1.2282947190230264,22.70642857080243
89.5,33.5,1934.0255,-1.426209768160125,21.854238235439396
90.5,33.5,2026.0055,-1.4270192961733374,22.350991766410075
91.5,33.5,1963.7365,-1.9379116335980773,20.162330621281768
92.5,33.5,1978.373,-0.49843601541570415,25.181600942729432
83.5,34.5,1955.4145,-1.664274844837732,21.248117462138765
84.5,34.5,1924.645,-1.8473766716146645,20.473419976724685
85.5,34.5,1876.8300000000002,-2.2962735887595676,18.623629842504517
86.5,34.5,1923.6960000000001,-2.011621408333364,19.810987130517454
87.5,34.5,1945.4135,-1.4125877223639005,22.05714367766578
88.5,34.5,1921.579,-1.3397386566719516,22.172722207648714
89.5,34.5,1845.805,-1.7249308337560554,20.465531288637624
90.5,34.5,1974.139,-1.4910958833795118,21.90844834465029
91.5,34.5,1966.2549999999999,-1.401873265196163,22.1166606595248
92.5,34.5,1953.7354999999998,-0.627707241679698,24.70864287786859
83.5,35.5,1936.836,-1.7304420252077013,21.028015971160514
84.5,35.5,1935.7045,-1.7691773988448456,20.87376765265019
85.5,35.5,1894.9705,-2.1471459709810237,19.329090922794364
86.5,35.5,1935.0839999999998,-1.9007591085432374,20.362944799262433
87.5,35.5,1929.6454999999999,-1.4190034644658844,22.00812696012041
88.5,35.5,1869.1285,-1.7884755438256073,20.38488756260035
89.5,35.5,1835.585,-1.80493304291921,20.167963090784806
90.5,35.5,1963.554,-1.6452781142675788,21.402197048996204
91.5,35.5,1928.003,-1.9917583822021023,19.937432650879085
92.5,35.5,1899.3505000000002,-1.263141095329312,22.31831946284542
83.5,36.5,1801.6764999999998,-0.7973128744037883,23.53989277357359
84.5,36.5,1798.3549999999998,-1.4366446171032665,21.316326709791372
85.5,36.5,1830.037,-2.166160800961514,18.965644050130425
86.5,36.5,1813.3930000000003,-2.399396566165868,18.022637305485333
87.5,36.5,1758.3875,-2.6271961314445313,16.830027832557004
88.5,36.5,1785.4705000000001,-2.196361504518285,18.538150645432736
89.5,36.5,1748.3135000000002,-2.041384737951324,18.915690596777146
90.5,36.5,1769.7024999999999,-2.0138460883473708,19.098245162290638
91.5,36.5,1839.089,-1.8301364283385135,20.08382740944564
92.5,36.5,1825.073,0.4021064373836536,27.61435603993598
83.5,37.5,1911.6875,6.184162843544971,45.51255655071435
84.5,37.5,1880.5165,5.577083200366495,43.68937102776004
85.5,37.5,1857.8135,2.7298253810228434,35.30335346421813
86.5,37.5,1848.4329999999998,0.8348757677507423,29.3441587063781
87.5,37.5,1835.147,-0.2661310857317356,25.63944858460279
88.5,37.5,1838.7240000000002,-1.2526485414283806,22.19945526326785
89.5,37.5,1890.2255,-0.14315225692511646,26.24091826573913
90.5,37.5,1841.8629999999998,-0.41412570824115313,25.10661181625169
91.5,37.5,1840.6585000000002,-0.38342458610149954,25.112164330753753
92.5,37.5,1938.4054999999998,2.6564316792201836,35.3709815358045
96.5,28.5,1362.8735000000001,3.1305109322238955,33.628191366666506
97.5,28.5,1449.78,0.6840288131253702,26.268594625646386
98.5,28.5,1623.301,1.9790584049738325,31.33043292505623
99.5,28.5,1743.313,3.0688187740945505,35.29144078467158
100.5,28.5,1731.6695,2.3066267206195867,32.88912593559533
101.5,28.5,1658.2679999999998,2.8218866713618063,34.17121062391094
102.5,28.5,1422.259,3.55962205677387,35.38643699581749
93.5,29.5,1877.5235000000002,2.1670891050290297,33.17952194892426
94.5,29.5,1532.051,1.2884938031072712,28.709860255311916
95.5,29.5,1411.4915,2.3781716965678656,31.558463614801312
96.5,29.5,1683.2340000000002,0.5018820946951719,26.9243289652179
97.5,29.5,1872.6325,0.8596980823880829,29.00162985100514
98.5,29.5,1865.5149999999999,3.069445083341793,35.866009176672584
99.5,29.5,1846.8635,2.6069061824545603,34.37750755465418
100.5,29.5,1816.2035,1.610179864720429,31.104100467523725
101.5,29.5,1670.7875,1.589896737412455,30.33896984661803
102.5,29.5,1149.239,3.0566692730596756,32.39525884525266
93.5,30.5,1913.622,1.5069341241678247,31.3464833229042
94.5,30.5,1797.3694999999998,1.7961770765820173,31.7642669243939
95.5,30.5,1798.0629999999999,-0.04041741104122698,25.719313472231804
96.5,30.5,1881.575,0.5215804410718894,27.965635258327307
97.5,30.5,1994.9074999999998,2.5489558068961804,34.907526331818445
98.5,30.5,1904.8619999999999,2.6875063345284556,34.91788200571816
99.5,30.5,1987.206,2.038840040121914,33.33028138732512
100.5,30.5,1761.709,2.495253205677872,33.65193513744213
101.5,30.5,1753.5694999999998,2.078262436756728,32.33015749365463
102.5,30.5,1321.1905,1.3617739754233638,27.884133405204135
93.5,31.5,1891.7220000000002,0.6045129299355301,28.346847087882225
94.5,31.5,1888.6560000000002,1.618523522527049,31.611156225806955
95.5,31.5,1892.16,0.7691701277356078,28.9061575480322
96.5,31.5,1973.0075,1.2205340758562944,30.715589078002772
97.5,31.5,1939.026,1.8735526463727892,32.59583410880658
98.5,31.5,1919.316,3.9714964468185787,38.895148209005015
99.5,31.5,1978.7015000000001,2.017750636108384,33.26150485340237
100.5,31.5,1808.575,2.2945401379879327,33.30263137202694
101.5,31.5,1797.7345,1.739413140990731,31.516372534808202
102.5,31.5,1641.8065,2.114168168309538,31.965357411879435
93.5,32.5,2018.8149999999998,-0.48366000575061907,25.3851986672939
94.5,32.5,1912.673,-0.8135201960587701,23.76268050637235
95.5,32.5,1926.7620000000002,1.103591066555043,30.171887394272915
96.5,32.5,1910.3004999999998,1.6705196694473345,31.878338886067827
97.5,32.5,1927.8205,1.3567959608085545,31.012604913231566
98.5,32.5,1919.827,1.8762777289187627,32.605161387375915
99.5,32.5,1927.127,1.2265843426338296,30.527151825664046
100.5,32.5,1825.7665000000002,0.7620214071200282,28.50052234001001
101.5,32.5,1798.0629999999999,1.884146143826193,31.96749724423529
102.5,32.5,1725.0995,1.2910725956157165,29.76222328777727
93.5,33.5,1929.6454999999999,-0.32124892405041017,25.57758971387235
94.5,33.5,1902.0515,-0.4204819725537434,25.120845611807255
95.5,33.5,1937.9675,-0.20921408052542168,25.990364517833516
96.5,33.5,1901.2849999999999,0.579239660740205,28.375687446387804
97.5,33.5,1927.5649999999998,0.44148952405898,28.054482075713842
98.5,33.5,1878.217,-0.4945375058111878,24.681145943351755
99.5,33.5,1863.0695,-0.0823271581895435,26.004915058337616
100.5,33.5,1824.0145,0.360034468354975,27.258616367721203
101.5,33.5,1767.0745000000002,0.4825635667371486,27.305992150003217
102.5,33.5,1698.1989999999998,1.3530000167065515,29.849516556119053
93.5,34.5,1947.9685,-0.16407864076349865,26.234517287244408
94.5,34.5,1910.8115,-0.26641469028856335,25.69664702787871
95.5,34.5,1864.493,-0.2271800738530394,25.568749356376873
96.5,34.5,1881.3925,-0.8614839847653988,23.482355088626772
97.5,34.5,1841.8629999999998,-0.6873839914024238,23.933727319215965
98.5,34.5,1854.3095,0.04563429689270482,26.491184592963016
99.5,34.5,1788.281,-0.800877104055131,23.27662719275769
100.5,34.5,1739.4805,0.6832119565197692,27.886349788872952
101.5,34.5,1738.933,0.8586654372746194,28.459553852611634
102.5,34.5,1629.6154999999999,0.8142258272007874,27.7727400736576
93.5,35.5,1907.6725,-0.663503451435854,24.44430133984652
94.5,35.5,1893.401,-0.5706954886169346,24.662882683728938
95.5,35.5,1900.117,-0.5568061783553957,24.74360895604951
96.5,35.5,1886.904,-0.38529355179206526,25.272666347195866
97.5,35.5,1871.2089999999998,-0.4022081560418167,25.131601649046516
98.5,35.5,1868.508,-0.2024480509400295,25.798971127750857
99.5,35.5,1843.907,-0.3414719786044462,25.134808480777576
100.5,35.5,1762.5120000000002,1.9762955455831177,32.21000681219634
101.5,35.5,1734.2244999999998,0.463393023684211,27.19438797413658
102.5,35.5,1623.8485,1.7485057809526472,30.83291903788157
93.5,36.5,1857.631,1.7316341544025393,32.065911642030905
94.5,36.5,1897.1605000000002,2.577612894248049,34.86983727987394
95.5,36.5,1919.754,2.2200287245171646,33.88835864318217
96.5,36.5,1921.8709999999999,2.1043322587288804,33.516751381471266
97.5,36.5,1920.0095,2.9733076823444504,36.19430151646312
98.5,36.5,1820.9485,-0.10406240598307415,25.954470135258457
99.5,36.5,1806.239,0.5966355407068802,28.05681562465822
100.5,36.5,1751.562,0.8493347036564458,28.639828892138564
101.5,36.5,1677.4669999999999,1.3617325342120123,29.8861477693705
102.5,36.5,1598.4444999999998,2.268487541541564,32.386385697526606
93.5,37.5,1975.3799999999999,2.8455129470970286,36.13472336382562
94.5,37.5,1983.0085,2.710737557321252,35.72805545575434
95.5,37.5,1953.6625,1.7138690472121132,32.548523276665044
96.5,37.5,1856.8645,1.0408508572998576,29.941402648871946
97.5,37.5,1798.428,0.9879481676052126,29.45270646450063
98.5,37.5,1758.3145000000002,-0.10921034877805491,25.543252628513304
99.5,37.5,1758.57,0.09427881213086575,26.171079407720203
100.5,37.5,1666.517,0.4881215330676092,27.034082435763455
101.5,37.5,1619.651,0.6967663167892768,27.46282404261867
102.5,37.5,1611.4019999999998,1.1741758642237254,29.01101431043203
103.5,28.5,1172.891,4.208921638147989,36.14318789497201
104.5,28.5,1117.338,5.680469739627059,40.364130239699094
105.5,28.5,1137.7415,5.991697753438507,41.44132759315637
106.5,28.5,1086.0575,4.997694901885996,38.32585459183268
107.5,28.5,1060.471,4.439710241372641,36.496458101250084
108.5,28.5,1077.918,4.804834528466451,37.61654697172161
109.5,28.5,1106.5705,4.761600983762104,37.631820079356125
110.5,28.5,1132.3029999999999,6.568664337954999,42.901617815691964
111.5,28.5,1154.3855,5.293361364823257,39.366434293747346
112.5,28.5,1192.7469999999998,5.4874883520586115,40.17262422616045
103.5,29.5,1079.4145,5.411979162462566,39.23935253748019
104.5,29.5,1115.951,5.857650838968631,40.877839637786806
105.5,29.5,1114.272,6.1734699997044284,41.860897815680566
106.5,29.5,1096.387,6.434496496918163,42.52821088334038
107.5,29.5,1061.0185,5.038078369846555,38.313144756291585
108.5,29.5,1059.084,4.6286363244427475,37.01434547522209
109.5,29.5,1085.8020000000001,4.702108186186238,37.32654214190208
110.5,29.5,1121.0974999999999,4.921571634641597,38.123896935253875
111.5,29.5,1198.806,5.436745045904212,40.03736800133132
112.5,29.5,1219.83,5.254741257134343,39.64721146829864
103.5,30.5,1117.338,5.095493275854968,38.455947463544696
104.5,30.5,1149.4945,5.701005301336615,40.54900077227792
105.5,30.5,1141.1725000000001,5.796573949644612,40.867265374572376
106.5,30.5,1118.9075,5.9928564712393495,41.380557915081134
107.5,30.5,1115.4035,6.290280633331857,42.23584929867064
108.5,30.5,1139.311,4.898050438485924,38.280374523411446
109.5,30.5,1151.5749999999998,4.474119231306362,37.02853391525136
110.5,30.5,1178.4025,6.560636516085472,43.05255600027019
111.5,30.5,1235.963,5.93348383321326,41.60682117057359
112.5,30.5,1258.301,5.360180133286718,40.114387743786125
103.5,31.5,1298.8525,2.357224858031848,30.988408728038515
104.5,31.5,1102.0810000000001,4.656932393005309,37.20626355880909
105.5,31.5,1155.809,5.079112951923648,38.83787996442819
106.5,31.5,1152.9985,5.530467345662982,40.227850904835115
107.5,31.5,1150.115,5.599353857903178,40.43260447625254
108.5,31.5,1173.6575,4.975960466274132,38.67220337973197
109.5,31.5,1213.26,6.500479406167292,43.118029628938956
110.5,31.5,1239.54,5.220733418784307,39.55196169110325
111.5,31.5,1266.5135,7.5169608679102495,46.07647637040516
112.5,31.5,1272.5725,6.2186969387016955,42.57722300660733
103.5,32.5,1575.413,2.005149802956252,31.294855028336226
104.5,32.5,1191.287,2.000733044621472,29.413381559081163
105.5,32.5,1215.815,4.475721734191662,37.28813175590396
106.5,32.5,1181.5415,4.787481686778405,38.08549864094098
107.5,32.5,1198.806,4.236076702897962,36.572913218944386
108.5,32.5,1226.1445,5.5345875743538775,40.46598140635598
109.5,32.5,1269.835,6.118556090013194,42.29725942975125
110.5,32.5,1274.3975,5.240132564255284,39.79375979688779
111.5,32.5,1295.8595,6.588619343072333,43.70207816844659
112.5,32.5,1299.2904999999998,5.154110991834915,39.678165147606826
103.5,33.5,1572.785,1.9100018524566886,31.011320871263315
104.5,33.5,1365.611,2.49744352489909,31.893567644188487
105.5,33.5,1282.2815,3.3652461751436213,34.30179157831726
106.5,33.5,1248.373,4.350982979532869,37.14426785148197
107.5,33.5,1275.2735,4.388829097957414,37.3748307118648
108.5,33.5,1302.247,4.051623050048336,36.460535925585056
109.5,33.5,1327.213,4.396222332565247,37.60561547612207
110.5,33.5,1315.825,6.533557591124151,43.655718822642164
111.5,33.5,1341.3385,6.955566609747255,44.93918765948395
112.5,33.5,1313.489,5.590872011334391,40.99111352324641
103.5,34.5,1589.137,1.9548023791986502,31.251443007140647
104.5,34.5,1499.6390000000001,1.5571523930524966,29.63853913937611
105.5,34.5,1422.8065,3.3827085505184096,35.0858659755091
106.5,34.5,1365.8665,3.555737822253069,35.3113206402252
107.5,34.5,1392.6575,4.421415455415945,38.003753644920906
108.5,34.5,1400.9065,5.960657999171293,42.50132630175176
109.5,34.5,1422.989,6.049574492544596,42.85745943671256
110.5,34.5,1415.251,5.347570860955941,40.819351843919584
111.5,34.5,1400.9795,4.3042324436186385,37.69505660254442
112.5,34.5,1371.5605,4.982038136281597,39.53624487709893
103.5,35.5,1599.065,3.0939945648985168,34.968304890961385
104.5,35.5,1568.916,2.371985953934863,32.66399969679719
105.5,35.5,1527.306,2.4090969680942376,32.628126519328866
106.5,35.5,1457.8465,2.2366450159139184,31.697449229875655
107.5,35.5,1465.2925,3.8036214618832664,36.576780486965916
108.5,35.5,1447.225,3.901187562119701,36.74404157628144
109.5,35.5,1468.1029999999998,4.007104920204929,37.171618181618726
110.5,35.5,1451.2765000000002,4.767363521114243,39.327674743452874
111.5,35.5,1451.094,5.137761575012201,40.40581931334573
112.5,35.5,1407.221,4.302056757215911,37.73059852011279
103.5,36.5,1648.2669999999998,3.2413908626651278,35.685526495179055
104.5,36.5,1666.3345,3.430174455387558,36.40425861937019
105.5,36.5,1667.7214999999999,2.3643641178672015,33.15697433114758
106.5,36.5,1620.2350000000001,2.571660693742195,33.58292697221016
107.5,36.5,1576.1795,3.100512496953378,35.01474584153343
108.5,36.5,1552.637,3.126946432097788,34.93360527361714
109.5,36.5,1563.587,3.6695150549910016,36.62717673877666
110.5,36.5,1560.3384999999998,3.97480863964792,37.52263933675844
111.5,36.5,1549.717,3.5522771309942636,36.18983233522406
112.5,36.5,1508.107,3.135674664875432,34.7048496716486
103.5,37.5,1707.0684999999999,2.951079595575967,35.15672962366752
104.5,37.5,1731.2315,3.251171993208768,36.21615000967474
105.5,37.5,1740.174,3.8256809906853206,37.98382816341966
106.5,37.5,1713.018,3.7052512596482456,37.51836160291899
107.5,37.5,1666.4075,2.889718810594477,34.84949120240344
108.5,37.5,1635.127,2.7808552424068544,34.34595357997656
109.5,37.5,1627.243,2.9103383147460082,34.692210204031674
110.5,37.5,1592.203,3.87244154837747,37.436466864030066
111.5,37.5,1570.6680000000001,3.208078041859763,35.26565410002152
112.5,37.5,1537.891,4.173942061043734,38.00700270459751
113.5,28.5,1224.21,5.777747173561987,41.15070429834409
114.5,28.5,1227.714,5.54248717450172,40.44576079701308
115.5,28.5,1308.9265,5.857863889805781,41.76972107069202
116.5,28.5,1326.629,5.892440273652655,41.97824184994638
117.5,28.5,1324.2565,6.3975337382103925,43.344981169405614
118.5,28.5,1318.745,5.436505672892333,40.55038710797527
119.5,28.5,1322.395,5.814166079281713,41.65067947359846
120.5,28.5,1331.7024999999999,4.955436618476772,39.222287321391676
121.5,28.5,1370.7575,5.080717465690543,39.85032547314106
113.5,29.5,1233.6635,5.393547016655553,40.081022708349316
114.5,29.5,1232.2765,5.387718983588363,40.011388416594706
115.5,29.5,1279.7630000000001,5.722852662844824,41.200544816947115
116.5,29.5,1317.066,5.50852596409479,40.80302240161244
117.5,29.5,1311.1164999999999,5.526358638641882,40.78464145374985
118.5,29.5,1291.151,5.167204928981461,39.63382659673094
119.5,29.5,1305.0575,5.5583374525031815,40.860597761509865
120.5,29.5,1307.2475,5.076685112631263,39.49088878465982
113.5,30.5,1280.712,5.469023080521018,40.52880411689222
114.5,30.5,1281.4055,5.258991875704022,39.91780726580579
115.5,30.5,1289.545,5.6602467321591465,41.070552906226105
116.5,30.5,1282.537,5.051188581944954,39.25651553926208
117.5,30.5,1268.7035,5.0138604545634236,39.065751635172596
118.5,30.5,1270.127,4.728751424094857,38.23153593392964
119.5,30.5,1272.0249999999999,4.92990373778468,38.83806870848827
120.5,30.5,1290.5304999999998,4.7867659479355895,38.5534805726043
113.5,31.5,1297.1735,5.213422170754223,39.840333454640295
114.5,31.5,1299.181,4.927497899196176,39.00886197344093
115.5,31.5,1294.655,4.77423030329458,38.50103522906961
116.5,31.5,1281.3325,5.157605012151945,39.546854938426456
117.5,31.5,1304.1815000000001,4.715970148671977,38.39831947761691
118.5,31.5,1312.613,4.721875505535644,38.46150789321009
119.5,31.5,1313.635,4.85285188627993,38.84208609435546
120.5,31.5,1324.1470000000002,4.423859149500786,37.63724770002334
113.5,32.5,1293.1585,4.840210123349875,38.71899695514685
114.5,32.5,1297.283,4.984738662726285,39.16686604096476
115.5,32.5,1299.984,5.052180748082469,39.373943133319834
116.5,32.5,1308.4885000000002,4.986520723355592,39.22895553042783
117.5,32.5,1329.257,4.687977703535129,38.445056607238406
118.5,32.5,1322.9424999999999,4.557704120955042,38.009469592262846
119.5,32.5,1335.7175,4.318761919178571,37.35633144970017
120.5,32.5,1336.9585,4.310474664424557,37.35220403253924
113.5,33.5,1316.117,4.993229269362209,39.31315143545481
114.5,33.5,1333.8925,5.121026374203774,39.77823189278526
115.5,33.5,1340.791,5.00832444846544,39.47463087805689
116.5,33.5,1344.0395,4.945069199143903,39.293261013068424
117.5,33.5,1358.9315,4.794832397074633,38.91021119239467
118.5,33.5,1358.165,4.050502978618731,36.70555583529851
119.5,33.5,1373.495,4.505633769833062,38.11830065456764
120.5,33.5,1361.377,3.3164030590532745,34.526148550572906
113.5,34.5,1353.0549999999998,4.847596706305191,39.08047726043358
114.5,34.5,1365.246,4.966043979808199,39.49671117042913
115.5,34.5,1362.691,4.893184254334115,39.27312049187663
116.5,34.5,1363.2385,4.859988754383693,39.169805947296915
117.5,34.5,1386.0145,4.578349494019562,38.430289130361736
118.5,34.5,1388.2045,4.459408319290903,38.07527444100241
119.5,34.5,1408.3525,4.16388322466561,37.29857345209223
113.5,35.5,1360.355,4.7168982577092455,38.74295385617944
114.5,35.5,1374.2615,4.875390999747609,39.30808453371844
115.5,35.5,1376.999,4.817748397145838,39.15777653821892
116.5,35.5,1385.394,4.858096270849721,39.31314225142536
117.5,35.5,1422.989,4.381632236580435,38.07418243751308
118.5,35.5,1414.302,4.10482691302112,37.189502187518265
119.5,35.5,1447.5900000000001,2.9824634456568244,33.95464760094575
113.5,36.5,1425.7630000000001,3.7507909736988587,36.18192368464148
114.5,36.5,1419.485,4.946354085085436,39.72928513343808
115.5,36.5,1405.469,4.75429707824746,39.14687879898696
116.5,36.5,1410.1045000000001,4.619701772658691,38.75471624766795
117.5,36.5,1428.5735,4.10563903991954,37.307240287257976
118.5,36.5,1425.69,4.08554640422838,37.22641476294616
119.5,36.5,1468.8695,4.25916075294559,37.94288997721665
120.5,36.5,1472.045,3.699376682985256,36.29140486363656
113.5,37.5,1447.663,2.6069821157778117,32.8000508820439
114.5,37.5,1418.0615,5.1473692076117405,40.31107602226585
115.5,37.5,1402.6585,4.7280219773834675,39.08386505324749
116.5,37.5,1411.8565,4.643331509781801,38.87972635750598
117.5,37.5,1433.136,4.6335235943666175,38.936880486225625
118.5,37.5,1429.997,4.088012790686912,37.32097778631222
120.5,37.5,1424.1935,4.477467885656594,38.450482405946055
75.5,38.5,1617.461,2.203153014736725,32.60115265444662
76.5,38.5,1708.8935,4.390931345502436,39.62169854202486
77.5,38.5,1794.121,7.383598879681408,48.381514772059816
78.5,38.5,1783.974,6.636828082422275,46.313480721384884
79.5,38.5,1802.5525,6.548244870547615,46.127876903486666
80.5,38.5,1803.6109999999999,6.314926948974153,45.48066462298991
81.5,38.5,1810.5095000000001,6.169867865643464,45.104822965277926
82.5,38.5,1832.1539999999998,5.812310595146397,44.199634171390024
74.5,39.5,1658.9615,1.8001817660547426,31.683617334477407
75.5,39.5,1743.313,5.74592083537655,43.76437983084886
76.5,39.5,1730.1000000000001,7.113395247204246,47.48463806142659
77.5,39.5,1760.2490000000003,7.375511361475318,48.2911932057274
78.5,39.5,1737.5459999999998,6.834881945137727,46.69395501081998
79.5,39.5,1760.1395,6.7047304562696475,46.4148230255924
80.5,39.5,1757.767,6.382754776868138,45.50572370647246
81.5,39.5,1768.279,6.231542701341786,45.11878643274546
82.5,39.5,1793.61,6.105893738236934,44.872141330637454
75.5,40.5,1622.5344999999998,-0.48742575443797564,24.049139668609783
77.5,40.5,1680.533,2.478499013467794,33.86814297727536
78.5,40.5,1678.9270000000001,4.910955175891529,41.06768093288153
79.5,40.5,1707.9444999999998,6.070324059447163,44.50837316999691
80.5,40.5,1719.515,6.714939889508953,46.32663917898489
81.5,40.5,1728.5304999999998,6.333520327961484,45.29833944889725
82.5,40.5,1713.018,6.071283834762764,44.47257116863958
79.5,41.5,1630.6009999999999,4.402807716967527,39.42162150702531
80.5,41.5,1573.369,4.5989073267582725,39.71893425652892
81.5,41.5,1626.4765,5.318260997117075,42.08606977075907
82.5,41.5,1627.4255,5.720908917981871,43.187024010381094
80.5,42.5,1495.5875,1.8515271514573994,30.98568024435454
81.5,42.5,1511.027,1.596718313393919,30.188100249139705
82.5,42.5,1551.323,1.053623308346885,28.64223737246853
81.5,43.5,1569.792,3.6707471301264727,37.09934574249261
82.5,43.5,1588.3705,6.318311084328787,44.73829993254271
80.5,44.5,1557.601,3.7406665202952993,37.392074779089214
81.5,44.5,1583.7350000000001,3.439636693193293,36.59270361319056
82.5,44.5,1546.3225000000002,6.206940316606668,44.50568226710008
82.5,45.5,1539.059,3.4868829016847736,36.56873341169252
83.5,38.5,1862.011,5.462394147664651,43.342825930450104
84.5,38.5,1870.8805,5.325937176413209,42.99613713699014
85.5,38.5,1882.889,5.530907272126329,43.63532341841088
86.5,38.5,1855.6235,5.857399265208074,44.46063152570049
87.5,38.5,1830.84,5.7293726058119,44.003627553277965
88.5,38.5,1808.1370000000002,1.2238850860183836,30.449868442122142
89.5,38.5,1830.2195000000002,0.5640994736142657,28.366529438635336
90.5,38.5,1854.7475,1.2749896691137241,30.716686592559068
91.5,38.5,1893.036,2.212382951814029,33.858826607822635
92.5,38.5,1927.4555000000003,2.2181094720684857,34.09236390462409
83.5,39.5,1821.8245,5.97004996118593,44.61264724238175
84.5,39.5,1839.089,5.917666936865507,44.54652874335864
85.5,39.5,1863.325,5.724091082928018,44.12343551799791
86.5,39.5,1861.2445000000002,5.563149054779792,43.671084585857
87.5,39.5,1863.9455,5.338750642890089,43.05403951324115
88.5,39.5,1850.623,6.137477237809019,45.24178805213161
89.5,39.5,1856.317,6.2627937951771795,45.63055868289045
90.5,39.5,1814.0135,4.75694160316269,41.19414923750859
91.5,39.5,1841.1695,4.448395505773695,40.41880143858539
92.5,39.5,1846.681,4.127970665870384,39.51599337736139
83.5,40.5,1733.1660000000002,6.231659433219483,45.02095725799032
84.5,40.5,1742.8750000000002,6.255109274037318,45.153739937501186
85.5,40.5,1780.105,6.280292608406923,45.379916483753654
86.5,40.5,1790.0330000000001,6.18435570286715,45.154391472301555
87.5,40.5,1812.4440000000002,5.886150363729237,44.43973090154412
88.5,40.5,1824.708,5.3472305286388355,42.97510620227858
89.5,40.5,1829.015,5.271451116262171,42.78010586494218
90.5,40.5,1801.3115,5.318836434193397,42.78500515564617
91.5,40.5,1829.3435,5.680470972184848,43.9368532645469
92.5,40.5,1836.023,5.580834816686342,43.66837826440054
83.5,41.5,1638.1200000000001,5.783897090533441,43.418724542338644
84.5,41.5,1649.7635,5.899139402435538,43.821377770981016
85.5,41.5,1679.4745,6.294090598562074,45.06034986281821
86.5,41.5,1705.8274999999999,6.120946187944565,44.7071214004199
87.5,41.5,1741.415,3.8028190969147113,38.19633465231069
88.5,41.5,1748.4229999999998,3.7702306769553884,38.09218701446734
89.5,41.5,1774.2649999999999,4.283889796310647,39.768846940916525
90.5,41.5,1761.0155,4.165180494223586,39.33558225675587
91.5,41.5,1796.4205000000002,4.300649607753915,39.884819185017555
92.5,41.5,1801.6764999999998,4.495043033595447,40.47416789679576
83.5,42.5,1528.62,0.5078903757457454,26.676269793935607
84.5,42.5,1575.851,1.0472389165397944,28.720638652870488
85.5,42.5,1591.692,1.4678403826421826,30.208610004521816
86.5,42.5,1673.525,4.078224983684531,38.6592761131616
87.5,42.5,1661.1515,3.719312262093788,37.62871432144679
88.5,42.5,1708.8205,6.263781023212656,45.1440944824511
89.5,42.5,1742.437,9.161454293179915,53.00371056124585
90.5,42.5,1736.9255,6.827938286912505,46.8562214982894
91.5,42.5,1748.2404999999999,5.653788534760773,43.649721708123835
92.5,42.5,1754.8104999999998,7.570370858638031,48.916811659448314
83.5,43.5,1509.4209999999998,4.573483777651743,39.29565072673321
84.5,43.5,1492.5215,1.3657430945517968,29.41165013940598
85.5,43.5,1528.547,0.6785086439589971,27.296588140524264
86.5,43.5,1545.0085,1.70614083450511,30.672784184012713
87.5,43.5,1570.6680000000001,2.946486512198887,34.859548154298835
88.5,43.5,1612.8985,1.7484764754057247,31.429174024832694
89.5,43.5,1618.337,1.4653778660650651,30.467164276140362
90.5,43.5,1628.9950000000001,0.6712714599210523,28.008298844626776
91.5,43.5,1677.102,1.5182749277062646,31.087947481941324
92.5,43.5,1657.392,2.370488925074965,33.657674051095256
83.5,44.5,1511.976,5.196267282533462,41.51499832037961
84.5,44.5,1529.7514999999999,5.87042415424186,43.542818751371115
85.5,44.5,1548.1475,6.131706932111491,44.37113591834556
86.5,44.5,1564.7185,6.355589962341224,45.13012869108801
87.5,44.5,1597.3129999999999,6.605190872507238,46.02844611860168
88.5,44.5,1580.1215000000002,5.797358682106646,43.793808627521635
89.5,44.5,1623.739,5.644160351568472,43.478336787150226
90.5,44.5,1627.8635000000002,4.6640497557848715,40.54477066393271
91.5,44.5,1664.5825,4.110232576988371,39.015061185624404
92.5,44.5,1685.862,3.3611691855587766,36.848792160158304
83.5,45.5,1539.059,2.739406164897984,34.31012343231048
84.5,45.5,1534.9345,3.4971389238028783,36.75362984944817
85.5,45.5,1534.9345,5.552705938328684,42.72106410540089
86.5,45.5,1568.2955000000002,6.12430861005846,44.65022470447545
87.5,45.5,1568.2955000000002,5.810736169454245,43.78082648277698
88.5,45.5,1621.038,4.749596335905593,40.877349252585105
89.5,45.5,1621.038,4.027118445294664,38.777975847465456
90.5,45.5,1629.433,2.836927779320364,35.11577832198799
83.5,46.5,1574.8655,4.686268732791876,40.38072509419887
84.5,46.5,1543.3295,2.2068184236608612,32.8362487491476
85.5,46.5,1543.3295,4.692136346028164,40.30321983336617
86.5,46.5,1548.1475,5.47703460752329,42.74276605484253
87.5,46.5,1548.1475,5.531505236242085,42.89155087281641
88.5,46.5,1583.6255,4.758781298840198,40.957352626124
89.5,46.5,1583.6255,4.533816232121968,40.311951053167654
90.5,46.5,1622.717,2.565874638330512,34.207290489600204
86.5,47.5,1545.2640000000001,2.8519796510787288,35.03216046369604
87.5,47.5,1545.2640000000001,4.200671960140956,39.06075790583037
88.5,47.5,1564.025,4.156725771428715,38.84820009506765
89.5,47.5,1564.025,2.5100958761939074,33.891508402703906
93.5,38.5,1957.6045,2.12969341840914,33.93569876122141
94.5,38.5,1920.557,1.5745716110144636,32.02254802877909
95.5,38.5,1746.744,-0.5842745186578346,24.25117876354635
96.5,38.5,1755.9420000000002,-0.7941542471107454,23.541765486060292
97.5,38.5,1738.349,-0.9822588828138024,22.721225473025555
98.5,38.5,1722.654,-0.604932046185247,23.723068200871026
99.5,38.5,1694.1109999999999,0.08733312709008345,25.858307187882275
100.5,38.5,1675.6055,2.52380528789915,33.663177545592234
101.5,38.5,1724.1505,2.5305636386027563,33.997424158017004
102.5,38.5,1762.6945,4.217215929975993,39.28168133548712
93.5,39.5,1832.0810000000001,2.6387868760967326,35.00988775625457
94.5,39.5,1833.906,3.1493659695695175,36.583120318557164
95.5,39.5,1767.0745000000002,0.3807967923544764,27.6191829085271
96.5,39.5,1714.1495,-0.18481252143990323,25.389867568826958
97.5,39.5,1730.0269999999998,0.8276796177624668,28.736977825017025
98.5,39.5,1700.9365,3.349863391700336,36.44419071392947
99.5,39.5,1754.8835,4.616864249439834,40.48171826910671
100.5,39.5,1787.4050000000002,3.788979024203809,38.19297131438777
101.5,39.5,1795.2889999999998,3.561929596821556,37.538160376500386
102.5,39.5,1799.9975,3.4841432638086367,37.33346894611583
93.5,40.5,1830.329,5.097842925331375,42.28623326541955
94.5,40.5,1819.0869999999998,5.168757390206102,42.44278893262594
95.5,40.5,1802.1875,4.826211841711592,41.4115371597312
96.5,40.5,1799.9245,3.942660217481242,38.81852781199048
97.5,40.5,1806.239,3.7098847619280173,38.13879278255766
98.5,40.5,1796.0555,3.591145413424246,37.73316964264981
99.5,40.5,1808.1370000000002,3.7077015758491205,38.10152345235073
100.5,40.5,1800.983,4.24999706132605,39.66458883618883
101.5,40.5,1805.6915,4.240660769573701,39.65637371914225
102.5,40.5,1806.8229999999999,3.495556226045271,37.4297837694546
93.5,41.5,1816.1305,4.942941440894755,41.84305822226535
94.5,41.5,1803.0635,4.292541037363051,39.92547099249493
95.5,41.5,1788.5365,2.604337839149018,34.82196702678476
96.5,41.5,1792.661,1.8321347154962364,32.38413307103252
97.5,41.5,1799.231,3.0732872524504407,36.23105422031281
98.5,41.5,1802.7350000000001,3.927924286521356,38.80953454916563
99.5,41.5,1797.041,3.8724465974162126,38.60381706071015
100.5,41.5,1798.3549999999998,4.374246195457521,40.08022270548033
101.5,41.5,1804.3775,4.409717955061443,40.212616527097815
102.5,41.5,1801.494,3.883945551772605,38.64565091547541
93.5,42.5,1762.5849999999998,7.152107921329143,47.883071873736384
94.5,42.5,1745.6125,5.506529056134801,43.25245498142205
95.5,42.5,1761.271,3.6494124597084454,37.95576963303836
96.5,42.5,1782.8425,3.044026264083488,36.23018959065469
97.5,42.5,1795.5445,3.39923674141116,37.293483507341335
98.5,42.5,1787.989,3.387905223830967,37.20674684283175
99.5,42.5,1781.857,3.880608657995155,38.6531897582454
100.5,42.5,1771.5275000000001,4.198459671567223,39.53688355224875
101.5,42.5,1768.8995,3.91740936844327,38.660152721266805
93.5,43.5,1622.4250000000002,2.526432215784058,33.91410213288518
94.5,43.5,1650.5665,3.243308449966653,36.19371123881525
95.5,43.5,1733.969,5.725067281173746,43.85412861108254
93.5,44.5,1714.0765000000001,4.163106322486088,39.35195692012693
103.5,38.5,1777.039,3.7502588174048057,37.98109347403324
104.5,38.5,1780.7255,3.643224691222202,37.66993305748632
105.5,38.5,1774.5204999999999,3.969235203241772,38.584493314875985
106.5,38.5,1743.313,4.27052436066917,39.32934360578086
107.5,38.5,1755.1390000000001,3.246141611386655,36.35234324174331
108.5,38.5,1716.449,3.2372787535276393,36.14794789941173
109.5,38.5,1703.455,3.275715227645115,36.21005532500709
110.5,38.5,1666.8455,3.7480259502975732,37.43605263719611
111.5,38.5,1638.6309999999999,3.0198606460204447,35.066546652663945
112.5,38.5,1596.948,2.9588788008302336,34.6314585720779
103.5,39.5,1796.676,3.5991277087694895,37.66303970638176
104.5,39.5,1785.215,3.6283881537311657,37.697730469071836
105.5,39.5,1769.3375,4.055370191382468,38.882356501958675
106.5,39.5,1781.7839999999999,3.8949141818132693,38.44252807058572
107.5,39.5,1767.9505000000001,3.043054555635827,35.83116361850864
108.5,39.5,1745.0649999999998,2.7651260635364494,34.8751470548193
109.5,39.5,1708.127,2.5461322231280947,34.030736832207914
110.5,39.5,1681.847,2.985521300440319,35.23109676310249
111.5,39.5,1649.7635,3.275443492236385,35.973260793758165
112.5,39.5,1604.5765,2.4994264656993614,33.327745949483656
103.5,40.5,1814.707,3.041442727221866,36.09878666212689
104.5,40.5,1803.0635,3.045390921031599,36.06519146252754
105.5,40.5,1796.2379999999998,3.0870184705640513,36.17813016996766
106.5,40.5,1773.7175,3.5405907686157034,37.402267365867395
107.5,40.5,1750.6860000000001,3.900438528091499,38.374343563662684
108.5,40.5,1769.0089999999998,3.503551277653272,37.27468696779761
109.5,40.5,1738.495,3.796986001013325,38.01432162002665
110.5,40.5,1716.7044999999998,3.9827174680761246,38.45013627398603
111.5,40.5,1696.3739999999998,4.029346933846933,38.48903235865831
112.5,40.5,1679.5475,2.292599171760523,33.11643923462709
103.5,41.5,1793.537,4.070476356305375,39.156050193555274
104.5,41.5,1778.0245,4.219844437422693,39.51540406740486
105.5,41.5,1775.5790000000002,3.6688836639012123,37.875726652998885
106.5,41.5,1779.521,2.7383572427306824,35.11491812209598
107.5,41.5,1758.935,2.491872062058631,34.266523310252246
108.5,41.5,1733.531,2.643367905527305,34.622424794353236
109.5,41.5,1715.7189999999998,1.945637474029982,32.35745273652849
110.5,41.5,1703.1995,1.7223965949315856,31.5655954405553
111.5,41.5,1703.8929999999998,1.6037021035403054,31.17166502780328
112.5,41.5,1683.8545,1.2911455740389322,30.069368698892934
110.5,42.5,1746.0504999999998,2.66705637502902,34.74681797729681
111.5,42.5,1739.6630000000002,2.680191125234521,34.80172594480535
112.5,42.5,1737.035,2.222113088659139,33.37343481512283
112.5,43.5,1735.867,2.7969590172374437,35.23618696345772
111.5,44.5,1709.7695,2.3976368509626145,33.934715522459655
112.5,44.5,1699.6955,2.0564878314620394,32.821836859745154
113.5,38.5,1515.6625,3.5390879656742147,35.98217959207464
114.5,38.5,1491.7549999999999,5.372302429117193,41.292664679054795
115.5,38.5,1449.1595,4.985435021942997,40.022252214545475
116.5,38.5,1458.102,4.744254908041645,39.374393845184
117.5,38.5,1450.8385,3.667723806291967,36.16565492661664
113.5,39.5,1530.445,1.9249838047386447,31.13271604446051
114.5,39.5,1512.6695000000002,2.5889600746372476,33.10862248960016
115.5,39.5,1438.2095000000002,4.68168208023958,39.04948016832965
116.5,39.5,1442.845,4.767788253096472,39.366215116783906
117.5,39.5,1445.035,4.3455144108099475,38.14512156943441
118.5,39.5,1448.904,3.940688782901236,36.96661584724337
121.5,39.5,1451.094,2.125964675685066,31.451295410382464
122.5,39.5,1441.823,2.820811749771912,33.51280991594444
113.5,40.5,1651.0045,2.525373399911812,33.670562926914066
114.5,40.5,1624.104,2.8789780977325874,34.60834289884609
115.5,40.5,1576.289,4.235694552211444,38.41541003553662
116.5,40.5,1551.323,4.805228368798287,39.942074390125526
117.5,40.5,1533.949,3.9546413876874187,37.36432982487434
118.5,40.5,1541.0665000000001,4.6255082107173,39.36561498296716
119.5,40.5,1527.8170000000002,5.522102969187759,41.86683455434574
120.5,40.5,1503.289,3.1093617843018784,34.696673790244844
122.5,40.5,1450.583,2.5674385732153526,32.769671251722045
113.5,41.5,1650.384,1.5674785140915137,30.764095459306464
114.5,41.5,1642.9379999999999,1.552539982916068,30.666109337695616
115.5,41.5,1570.157,1.1347265897587722,28.89490080482234
116.5,41.5,1547.1985,2.299464186267719,32.434930800693536
117.5,41.5,1528.9850000000001,6.690900768162367,45.16790387373199
118.5,41.5,1538.6940000000002,1.8269817002151356,30.850003621395032
119.5,41.5,1525.8095,2.3147651191093965,32.347089769099654
120.5,41.5,1515.48,2.7216664891049014,33.54850722238907
121.5,41.5,1465.7305,2.655952505715531,33.129370539201204
122.5,41.5,1455.7295000000001,2.6405882976059614,33.05450196905956
113.5,42.5,1727.107,2.1757671872310924,33.18990239069841
114.5,42.5,1718.712,1.9576523714586402,32.45175706453338
115.5,42.5,1693.7459999999999,1.4837635100131807,30.79857186157001
116.5,42.5,1674.912,1.2550428906208166,29.909411983905635
117.5,42.5,1609.9055,0.7816578942019259,27.93754784352299
118.5,42.5,1613.519,2.0270822341474037,31.922008723814297
119.5,42.5,1593.6265,2.514266154413214,33.37042683489063
120.5,42.5,1583.7350000000001,2.2716993048154333,32.588022605257315
121.5,42.5,1533.1825,2.0731933064164654,31.702271531050886
122.5,42.5,1518.546,2.3871832254836356,32.5958789064583
113.5,43.5,1702.433,2.456714497781465,34.01380481971695
114.5,43.5,1673.233,2.2329046384620854,33.19602177109005
115.5,43.5,1664.327,1.6024797066149121,31.06799083467353
116.5,43.5,1649.2525,1.201564201960026,29.68539808273265
117.5,43.5,1605.0875,0.7816613954269691,27.960233853053055
118.5,43.5,1613.519,2.3941476567965525,33.17087838836199
119.5,43.5,1597.2034999999998,2.482239225434646,33.3524960244388
120.5,43.5,1597.2034999999998,2.7998579033578386,34.35284787090403
121.5,43.5,1542.0155000000002,2.581354974043326,33.389879662193614
122.5,43.5,1526.065,2.3742330476845597,32.65945707580198
113.5,44.5,1682.869,1.9176401117296127,32.2656107575374
114.5,44.5,1656.6985,1.939571023757436,32.211599159355494
115.5,44.5,1635.4189999999999,1.984458144776502,32.26184589694684
116.5,44.5,1626.8049999999998,1.905405134426319,31.898952691116133
117.5,44.5,1597.021,1.224449879376599,29.51958262961607
118.5,44.5,1595.8165,0.9462072908700936,28.56126040088897
119.5,44.5,1572.785,1.6823060279411273,30.78761375163467
120.5,44.5,1596.875,2.634335106899144,33.878852652610895
121.5,44.5,1571.544,2.842104882830787,34.40534748465297
122.5,44.5,1567.1639999999998,2.693919951317425,33.93127792209801
116.5,45.5,1595.196,1.702036063683554,31.135119845880897
117.5,45.5,1595.196,1.6347782269695799,30.918593370932296
118.5,45.5,1568.405,1.2375074088934568,29.43788911924441
119.5,45.5,1568.405,0.9845123815472423,28.615908546682455
120.5,45.5,1537.7450000000001,1.8148693738069932,31.08360709224727
121.5,45.5,1537.7450000000001,2.1268175433100556,32.07339673350672
122.5,45.5,1509.9685,2.5357396141646005,33.20709286111366
117.5,46.5,1589.575,1.225874495627255,29.580894979658503
118.5,46.5,1552.199,0.751620414565779,27.78292130302186
120.5,46.5,1517.305,3.159458901790746,35.16737631610903
121.5,46.5,1517.305,3.512385307815369,36.24434361840691
122.5,46.5,1500.6609999999998,2.3015631741007514,32.50348548821786
119.5,47.5,1527.233,0.7426283049271731,27.678340096890324
120.5,47.5,1443.721,-0.3219957647912941,23.590207672198492
121.5,47.5,1443.721,2.214245745574006,31.872291075694807
122.5,47.5,1442.845,2.459856174361952,32.698514637132355
123.5,40.5,1395.979,2.4936328149365306,32.19755452195831
124.5,40.5,1378.5685,2.6583702734457315,32.61010814378294
123.5,41.5,1428.683,2.469291018695219,32.37953803670547
124.5,41.5,1388.825,3.926612633831228,36.58372992349882
125.5,41.5,1398.899,5.567066391419329,41.396314218122235
126.5,41.5,1389.336,4.840393019193634,39.25785551086598
127.5,41.5,1407.9875,4.795305123213378,39.198532628982214
123.5,42.5,1477.9944999999998,2.3962601375388193,32.42553048244735
124.5,42.5,1440.7645,2.1091024335940123,31.3028909476404
125.5,42.5,1443.9035000000001,1.8932270038416243,30.609873090247888
126.5,42.5,1409.557,2.2592574744029426,31.57812035131335
127.5,42.5,1395.6505,5.252009155856707,40.50744510088777
128.5,42.5,1403.4250000000002,5.316282283275164,40.70062339762588
129.5,42.5,1405.031,4.90964015176345,39.51436575460941
123.5,43.5,1486.3165,2.2359253194166984,32.01922316244297
124.5,43.5,1455.036,2.031931669321674,31.194978808228704
125.5,43.5,1428.756,1.9306649120187869,30.720428365492268
126.5,43.5,1394.3365000000001,2.985712583437361,33.82328801437265
127.5,43.5,1396.344,4.99835494270362,39.83235509962639
128.5,43.5,1416.127,4.106091896339792,37.27531169275164
129.5,43.5,1387.949,3.5246880934992175,35.357721321402984
130.5,43.5,1394.665,1.0050605039553684,27.455537124361094
123.5,44.5,1510.7350000000001,2.269184263072277,32.321490982041055
124.5,44.5,1489.638,1.9921157890939734,31.300219404957527
125.5,44.5,1455.2915,1.9369795683761293,30.916894291470427
126.5,44.5,1437.1509999999998,1.9671886996938337,30.909458382533433
127.5,44.5,1400.651,5.011671173764198,39.93247645382964
128.5,44.5,1383.569,4.975088351229284,39.69404428825784
129.5,44.5,1404.5929999999998,2.9461814631698946,33.748121808012236
130.5,44.5,1403.717,3.7443207764609188,36.14508751946823
123.5,45.5,1509.9685,2.298713810450659,32.46837347270026
124.5,45.5,1462.2995,2.0211249793737673,31.3097522580618
125.5,45.5,1462.2995,2.003795998313751,31.253569408472778
126.5,45.5,1405.469,1.7390707608552436,30.06999115104375
127.5,45.5,1405.469,3.2591559594981723,34.79556543205753
128.5,45.5,1374.6995000000002,3.792302628407951,36.240340796394925
129.5,45.5,1374.6995000000002,3.806363282028369,36.27907940008502
130.5,45.5,1396.4170000000001,1.7253089821469114,29.91704285332399
131.5,45.5,1396.4170000000001,1.8806122575614426,30.410755506020703
132.5,45.5,1380.3935,1.5331971706868064,29.25303718972511
123.5,46.5,1500.6609999999998,2.1723378463148757,32.09968794886666
124.5,46.5,1463.8690000000001,1.949068937408227,31.160348565509334
125.5,46.5,1463.8690000000001,2.009792310903946,31.348955608027737
126.5,46.5,1416.7475,1.7313877598541971,30.14852649502262
127.5,46.5,1416.7475,2.3438221820966554,32.07848290911787
128.5,46.5,1364.8809999999999,5.288910492442378,40.59882253562555
129.5,46.5,1364.8809999999999,3.849878703124876,36.387985771786596
130.5,46.5,1389.847,2.691913390237266,32.96494136362935
131.5,46.5,1389.847,3.3549946552962506,34.992234817891216
132.5,46.5,1383.715,1.4430806021901832,28.987425385587507
123.5,47.5,1442.845,2.031488723426711,31.360176264295212
124.5,47.5,1425.252,1.9108890306465343,30.860203881019263
125.5,47.5,1425.252,1.6397777731563146,29.994235394460006
126.5,47.5,1381.014,1.3867737681887204,28.90400358610889
127.5,47.5,1381.014,2.858826255711122,33.53656388088644
128.5,47.5,1334.586,4.823696917991738,39.12815794234328
129.5,47.5,1334.586,4.971943975962456,39.560527321762606
130.5,47.5,1371.451,2.832788486134019,33.35852857015561
131.5,47.5,1371.451,1.8573699671350807,30.306968160487145
132.5,47.5,1389.5915,1.5360381592796069,29.38418300732502
133.5,46.5,1383.715,5.005847406633923,39.84575829512677
133.5,47.5,1389.5915,1.4835215914203115,29.21494197551136
134.5,47.5,1347.1055000000001,2.674376877173845,32.807052774432485
86.5,48.5,1515.115,2.966139279544122,35.01215734083332
87.5,48.5,1515.115,1.9175222479348886,31.765738251977034
116.5,48.5,1552.9654999999998,1.7301397009624075,31.177337607710466
117.5,48.5,1552.9654999999998,1.729609224163231,31.1751646054829
118.5,48.5,1528.693,1.31587242433715,29.678196827332606
119.5,48.5,1528.693,1.2560636170502404,29.48455744336395
120.5,48.5,1424.814,0.22034771670602638,25.42652430720948
121.5,48.5,1424.814,1.3180734276508455,29.018743072284245
122.5,48.5,1417.441,5.427468162561766,41.39424343411886
116.5,49.5,1485.623,1.40357423842159,29.842470577201375
117.5,49.5,1485.623,1.2425122450959059,29.32207489200855
118.5,49.5,1478.25,1.5239548625756383,30.195159344750525
119.5,49.5,1478.25,1.3782790780824117,29.727611302134683
120.5,49.5,1411.0535,0.6649194243067091,26.935932102780683
121.5,49.5,1411.0535,0.5514437743117995,26.56003207782808
122.5,49.5,1366.925,4.502864409063534,38.50299729240417
119.5,50.5,1411.9295,1.5576912036787904,29.98119649062642
120.5,50.5,1353.42,1.5750067604909601,29.632094205167224
121.5,50.5,1353.42,0.7223584325578791,26.86927725374706
122.5,50.5,1325.023,2.1835071439353593,31.332822570126478
120.5,51.5,1301.225,4.5323437943775025,38.43846556681017
121.5,51.5,1301.225,2.465740467876154,32.203837564200626
122.5,51.5,1281.953,1.1145543981411876,27.73942844754988
121.5,52.5,1288.669,4.4417564601368476,38.1888431429825
122.5,52.5,1273.5215,4.263034929514209,37.56248071436645
123.5,48.5,1417.441,2.5680992149956117,32.91132633112925
124.5,48.5,1420.945,1.8276738715217622,30.624636465075653
125.5,48.5,1420.945,1.4168808497747598,29.307380060683535
126.5,48.5,1374.371,1.2790483356031501,28.58284489276173
127.5,48.5,1374.371,4.932112049218174,39.74037424997187
128.5,48.5,1335.5349999999999,4.793677058893553,39.11058265962848
129.5,48.5,1335.5349999999999,4.969611814274177,39.62594752268891
130.5,48.5,1340.9735,4.982456044533978,39.65298928306697
123.5,49.5,1366.925,4.36926531242896,38.1270272231523
124.5,49.5,1389.409,1.964761915981783,30.934839674810384
125.5,49.5,1389.409,1.551840799974058,29.61833633630485
126.5,49.5,1359.1870000000001,3.06035721812552,34.143091492820666
127.5,49.5,1359.1870000000001,4.640028441081401,38.85951443835025
128.5,49.5,1356.851,2.339535454443853,31.9093427268982
123.5,50.5,1325.023,4.105181688357962,37.201292808538824
124.5,50.5,1356.413,1.8688359432565749,30.542810554865326
125.5,50.5,1356.413,2.1969965898082755,31.574448310650602
126.5,50.5,1357.289,3.5252007516284545,35.61318000733337
123.5,51.5,1281.953,3.96752262092257,36.614233953686885
124.5,51.5,1313.5620000000001,4.476716008667081,38.30761526057683
125.5,51.5,1313.5620000000001,4.828618515893246,39.33262635186168
126.5,51.5,1335.024,4.995565600618335,39.906883524921504
123.5,52.5,1273.5215,4.2900684795659005,37.64357373466385
124.5,52.5,1299.7285000000002,4.8044154433464215,39.30362736624597
125.5,52.5,1299.7285000000002,4.979411930566036,39.806696706582784
123.5,53.5,1259.615,4.799139667435015,39.17438930174639
