province,city,key,lat,lon,alt,region,res_band,tech,code,kwp,yield_kwh_per_kwp,yield_kwh_per_m2,PR,tcell_weighted,spectral_factor_w,ghi_kwh_m2,tair_mean,pv_2024_gw
北京,北京,beijing,39.9,116.41,50,华北,III,晶硅,c-Si,6.424718594113602,1635.147746769732,359.7333214440354,0.8330779119026965,33.44223213829122,0.991298311360909,1578.1503,12.933666666666667,1.304363800183589
北京,北京,beijing,39.9,116.41,50,华北,III,钙钛矿,perovskite,5.632816774063653,1683.7561822480764,324.7688632341778,0.8578430219725077,33.44223213829122,1.0033932693538776,1578.1503,12.933666666666667,1.304363800183589
北京,北京,beijing,39.9,116.41,50,华北,III,叠层,tandem,8.267993754733086,1648.4442126043195,466.706609372891,0.8398522183927655,33.44223213829122,0.9912983113609092,1578.1503,12.933666666666667,1.304363800183589
黑龙江,哈尔滨,harbin,45.75,126.63,150,东北,III,晶硅,c-Si,6.424718594113602,1596.3940666434817,351.207492449355,0.8577388553952491,21.447506631772608,0.9930398409475306,1424.2582999999997,4.720284246575343,7.178505610987352
黑龙江,哈尔滨,harbin,45.75,126.63,150,东北,III,钙钛矿,perovskite,5.632816774063653,1611.3141661511431,310.7959902812893,0.8657553904986353,21.447506631772608,1.00228733624373,1424.2582999999997,4.720284246575343,7.178505610987352
黑龙江,哈尔滨,harbin,45.75,126.63,150,东北,III,叠层,tandem,8.267993754733086,1605.6492429420916,454.59052134482243,0.8627116403051444,21.447506631772608,0.993039840947531,1424.2582999999997,4.720284246575343,7.178505610987352
湖北,武汉,wuhan,30.59,114.3,30,华中,IV,晶硅,c-Si,6.424718594113602,1335.5252648199794,293.81622568065876,0.8211851463811835,36.48308135522833,0.9883822056778208,1503.7993,18.597416666666668,35.13673782535993
湖北,武汉,wuhan,30.59,114.3,30,华中,IV,钙钛矿,perovskite,5.632816774063653,1392.1012560967547,268.5134268346236,0.855972480550067,36.48308135522833,1.0048020829796238,1503.7993,18.597416666666668,35.13673782535993
湖北,武汉,wuhan,30.59,114.3,30,华中,IV,叠层,tandem,8.267993754733086,1349.7982096429635,382.15411898277995,0.8299612666033139,36.48308135522833,0.988382205677821,1503.7993,18.597416666666668,35.13673782535993
上海,上海,shanghai,31.23,121.47,10,华东,III,晶硅,c-Si,6.424718594113602,1361.8294792118631,299.6031659922371,0.8312656307449854,32.5837204624576,0.9886999869711034,1497.36519,17.04124315068493,4.118305966197457
上海,上海,shanghai,31.23,121.47,10,华东,III,钙钛矿,perovskite,5.632816774063653,1408.6276060617895,271.7010878203065,0.8598313763301827,32.5837204624576,1.0049385820115908,1497.36519,17.04124315068493,4.118305966197457
上海,上海,shanghai,31.23,121.47,10,华东,III,叠层,tandem,8.267993754733086,1375.015689871595,389.2936779708508,0.8393145413380664,32.5837204624576,0.9886999869711034,1497.36519,17.04124315068493,4.118305966197457
广东,广州,guangzhou,23.13,113.26,20,华南,III,晶硅,c-Si,6.424718594113602,1293.5083328812052,284.5724796564337,0.8153341675009855,38.331950945967364,0.9873338549394769,1501.0451,22.345302511415525,41.19807536189994
广东,广州,guangzhou,23.13,113.26,20,华南,III,钙钛矿,perovskite,5.632816774063653,1357.4731738250912,261.83423953071576,0.8556529803099835,38.331950945967364,1.0049815312094592,1501.0451,22.345302511415525,41.19807536189994
广东,广州,guangzhou,23.13,113.26,20,华南,III,叠层,tandem,8.267993754733086,1309.3897096859848,370.7136869314147,0.825344639646188,38.331950945967364,0.9873338549394772,1501.0451,22.345302511415525,41.19807536189994
海南,海口,haikou,20.04,110.32,15,华南,III,晶硅,c-Si,6.424718594113602,1451.4026015189258,319.30929766338954,0.8166666504624978,38.498787366548335,0.9867110357879448,1728.62315,24.83345319634703,7.415753669808158
海南,海口,haikou,20.04,110.32,15,华南,III,钙钛矿,perovskite,5.632816774063653,1523.865043386759,293.9284933773755,0.8574393896201966,38.498787366548335,1.0048245049505584,1728.62315,24.83345319634703,7.415753669808158
海南,海口,haikou,20.04,110.32,15,华南,III,叠层,tandem,8.267993754733086,1467.5615018045542,415.49519681427927,0.8257588451144924,38.498787366548335,0.9867110357879451,1728.62315,24.83345319634703,7.415753669808158
四川,成都,chengdu,30.67,104.07,500,西南,IV,晶硅,c-Si,6.424718594113602,1119.3176782643618,246.25044859005558,0.8143070589158184,37.887417156529544,0.9882062271106241,1292.36204,17.766804794520546,10.83432801948349
四川,成都,chengdu,30.67,104.07,500,西南,IV,钙钛矿,perovskite,5.632816774063653,1172.2417322689364,226.10614223036853,0.8528094712329306,37.887417156529544,1.0050541905805506,1292.36204,17.766804794520546,10.83432801948349
四川,成都,chengdu,30.67,104.07,500,西南,IV,叠层,tandem,8.267993754733086,1134.0540173963734,321.0727431707204,0.8250277910286015,37.887417156529544,0.9882062271106243,1292.36204,17.766804794520546,10.83432801948349
云南,昆明,kunming,25.04,102.71,1890,西南,II,晶硅,c-Si,6.424718594113602,1448.8245683317245,318.7421290738495,0.8347810461916619,31.096594577412027,0.9875799055666822,1628.3760499999999,15.410255707762557,37.26896721476211
云南,昆明,kunming,25.04,102.71,1890,西南,II,钙钛矿,perovskite,5.632816774063653,1496.0244240414224,288.5584959918584,0.8619765713026191,31.096594577412027,1.0048991162802619,1628.3760499999999,15.410255707762557,37.26896721476211
云南,昆明,kunming,25.04,102.71,1890,西南,II,叠层,tandem,8.267993754733086,1461.95286520466,413.907282737038,0.8423452838763686,31.096594577412027,0.9875799055666825,1628.3760499999999,15.410255707762557,37.26896721476211
西藏,拉萨,lhasa,29.65,91.14,3650,西部,I,晶硅,c-Si,6.424718594113602,2012.0824272729503,442.65913952545446,0.8299178624547453,28.54348134174263,0.9890674820898314,2132.1637800000003,3.054405251141553,4.043227466570619
西藏,拉萨,lhasa,29.65,91.14,3650,西部,I,钙钛矿,perovskite,5.632816774063653,2042.6524443007595,393.99404694826046,0.8425269896172494,28.54348134174263,1.0047602906655648,2132.1637800000003,3.054405251141553,4.043227466570619
西藏,拉萨,lhasa,29.65,91.14,3650,西部,I,叠层,tandem,8.267993754733086,2020.936490979264,572.1664162190701,0.8335698726932826,28.54348134174263,0.9890674820898319,2132.1637800000003,3.054405251141553,4.043227466570619
宁夏,银川,yinchuan,38.49,106.23,1110,西北,II,晶硅,c-Si,6.424718594113602,1780.0536948658525,391.6127024410086,0.8294614035055508,33.21632458703616,0.9909482271343615,1779.0692,10.49574086757991,26.267464402776195
宁夏,银川,yinchuan,38.49,106.23,1110,西北,II,钙钛矿,perovskite,5.632816774063653,1824.1840721127053,351.8550926054743,0.8500250779351373,33.21632458703616,1.004018197509868,1779.0692,10.49574086757991,26.267464402776195
宁夏,银川,yinchuan,38.49,106.23,1110,西北,II,叠层,tandem,8.267993754733086,1792.1543176999153,507.39373446269013,0.8350999972334716,33.21632458703616,0.9909482271343615,1779.0692,10.49574086757991,26.267464402776195
新疆,乌鲁木齐,urumqi,43.83,87.62,900,西北,II,晶硅,c-Si,6.424718594113602,1750.2869148934694,385.0639959713252,0.8389438999706365,30.286996465343343,0.9921388474906245,1657.52409,7.7983150684931495,56.807395957650286
新疆,乌鲁木齐,urumqi,43.83,87.62,900,西北,II,钙钛矿,perovskite,5.632816774063653,1784.2224274840935,344.14714888070387,0.8552097996000201,30.286996465343343,1.0034433723759018,1657.52409,7.7983150684931495,56.807395957650286
新疆,乌鲁木齐,urumqi,43.83,87.62,900,西北,II,叠层,tandem,8.267993754733086,1761.4133042014507,498.69035580489,0.8442769778558685,30.286996465343343,0.9921388474906246,1657.52409,7.7983150684931495,56.807395957650286
甘肃,敦煌,dunhuang,40.14,94.66,1140,西北,I,晶硅,c-Si,6.424718594113602,1979.1201416248214,435.40742021017337,0.8249108562244674,32.18432646905635,0.991343344540335,1935.1824,11.391621004566211,31.420852617162318
甘肃,敦煌,dunhuang,40.14,94.66,1140,西北,I,钙钛矿,perovskite,5.632816774063653,2015.4475746515498,388.74667521857725,0.8400523795975322,32.18432646905635,1.0037434264529903,1935.1824,11.391621004566211,31.420852617162318
甘肃,敦煌,dunhuang,40.14,94.66,1140,西北,I,叠层,tandem,8.267993754733086,1989.6838880683476,563.3181966511253,0.829313898233081,32.18432646905635,0.991343344540335,1935.1824,11.391621004566211,31.420852617162318
天津,天津,tianjin,39.13,117.2,5,华北,III,晶硅,c-Si,6.424718594113602,1639.983120345812,360.7971060472203,0.8395937536911935,30.925858833411038,0.9910332061459711,1603.6684499999997,13.41472602739726,7.248578877305732
天津,天津,tianjin,39.13,117.2,5,华北,III,钙钛矿,perovskite,5.632816774063653,1683.4584700500504,324.71143944969924,0.8618510754882142,30.925858833411038,1.0037095770284163,1603.6684499999997,13.41472602739726,7.248578877305732
天津,天津,tianjin,39.13,117.2,5,华北,III,叠层,tandem,8.267993754733086,1652.496934116356,467.8540136351359,0.8460002341886197,30.925858833411038,0.9910332061459712,1603.6684499999997,13.41472602739726,7.248578877305732
河北,石家庄,shijiazhuang,38.04,114.51,80,华北,III,晶硅,c-Si,6.424718594113602,1639.2441839656499,360.6345396743058,0.8275854491730156,35.49158921350771,0.990565489032362,1644.4605,14.065100456621005,72.09938476164454
河北,石家庄,shijiazhuang,38.04,114.51,80,华北,III,钙钛矿,perovskite,5.632816774063653,1693.740055759033,326.6945881609888,0.8550981229877834,35.49158921350771,1.0035975464713205,1644.4605,14.065100456621005,72.09938476164454
河北,石家庄,shijiazhuang,38.04,114.51,80,华北,III,叠层,tandem,8.267993754733086,1653.108543593718,468.02717217047325,0.8345849812759957,35.49158921350771,0.9905654890323621,1644.4605,14.065100456621005,72.09938476164454
山西,太原,taiyuan,37.87,112.55,780,华北,II,晶硅,c-Si,6.424718594113602,1574.1464931071537,346.31301515327937,0.8379252158691783,30.92077555270724,0.9908098455678594,1564.364,10.492539954337898,34.80439033367846
山西,太原,taiyuan,37.87,112.55,780,华北,II,钙钛矿,perovskite,5.632816774063653,1614.6774395697826,311.444710384849,0.8595000198742644,30.92077555270724,1.0038180220303483,1564.364,10.492539954337898,34.80439033367846
山西,太原,taiyuan,37.87,112.55,780,华北,II,叠层,tandem,8.267993754733086,1586.325840996378,449.11969052466037,0.8444083372012217,30.92077555270724,0.9908098455678597,1564.364,10.492539954337898,34.80439033367846
内蒙古,呼和浩特,hohhot,40.84,111.75,1064,华北,II,晶硅,c-Si,6.424718594113602,1761.3345068283472,387.4944717179622,0.8454232499467488,27.725475322458664,0.991543003099035,1685.8092,7.700042237442922,48.1593538473003
内蒙古,呼和浩特,hohhot,40.84,111.75,1064,华北,II,钙钛矿,perovskite,5.632816774063653,1794.503149312027,346.13013096355326,0.8613438723022201,27.725475322458664,1.003688140766611,1685.8092,7.700042237442922,48.1593538473003
内蒙古,呼和浩特,hohhot,40.84,111.75,1064,华北,II,叠层,tandem,8.267993754733086,1771.9515215539416,501.67393004526133,0.8505193126533197,27.725475322458664,0.9915430030990352,1685.8092,7.700042237442922,48.1593538473003
辽宁,沈阳,shenyang,41.8,123.43,50,东北,III,晶硅,c-Si,6.424718594113602,1617.9671827629418,355.95358877666393,0.8487479321390858,27.21575182044947,0.9919295015371301,1523.0938399999998,9.409913242009132,12.151705426269062
辽宁,沈阳,shenyang,41.8,123.43,50,东北,III,钙钛矿,perovskite,5.632816774063653,1648.4781972235069,317.964320382656,0.8647533002990558,27.21575182044947,1.0035973723684881,1523.0938399999998,9.409913242009132,12.151705426269062
辽宁,沈阳,shenyang,41.8,123.43,50,东北,III,叠层,tandem,8.267993754733086,1628.7968828322985,461.1440682865631,0.8544289407760204,27.21575182044947,0.9919295015371303,1523.0938399999998,9.409913242009132,12.151705426269062
吉林,长春,changchun,43.82,125.32,220,东北,III,晶硅,c-Si,6.424718594113602,1663.6563969934302,366.00523874026584,0.8557163145030326,22.445653512055554,0.9923932801560127,1525.0411,5.7438801369862995,5.836102037659497
吉林,长春,changchun,43.82,125.32,220,东北,III,钙钛矿,perovskite,5.632816774063653,1682.2455617360256,324.4774893929712,0.8652778150460358,22.445653512055554,1.002939624626861,1525.0411,5.7438801369862995,5.836102037659497
吉林,长春,changchun,43.82,125.32,220,东北,III,叠层,tandem,8.267993754733086,1673.0365936752135,473.6691906348132,0.8605411012488746,22.445653512055554,0.992393280156013,1525.0411,5.7438801369862995,5.836102037659497
江苏,南京,nanjing,32.05,118.79,20,华东,III,晶硅,c-Si,6.424718594113602,1367.5773608493341,300.8677028249481,0.8303364378159217,33.56172996253346,0.9893669548254045,1456.4179,16.26455479452055,61.711523553275306
江苏,南京,nanjing,32.05,118.79,20,华东,III,钙钛矿,perovskite,5.632816774063653,1414.520644950285,272.83775805854503,0.8588384592851545,33.56172996253346,1.0046711739360499,1456.4179,16.26455479452055,61.711523553275306
江苏,南京,nanjing,32.05,118.79,20,华东,III,叠层,tandem,8.267993754733086,1380.7345957311536,390.91281141960775,0.8383249669156522,33.56172996253346,0.9893669548254047,1456.4179,16.26455479452055,61.711523553275306
浙江,杭州,hangzhou,30.27,120.15,10,华东,III,晶硅,c-Si,6.424718594113602,1148.2027874602722,252.6051870483056,0.8220996936375753,34.766209310031456,0.9886610233718659,1277.5606,16.988216894977167,47.32448093144987
浙江,杭州,hangzhou,30.27,120.15,10,华东,III,钙钛矿,perovskite,5.632816774063653,1193.5231634073407,230.21098013486136,0.8545485498749269,34.766209310031456,1.004809167063732,1277.5606,16.988216894977167,47.32448093144987
浙江,杭州,hangzhou,30.27,120.15,10,华东,III,叠层,tandem,8.267993754733086,1161.5262646184901,328.8506705369317,0.8316391466066678,34.766209310031456,0.9886610233718661,1277.5606,16.988216894977167,47.32448093144987
安徽,合肥,hefei,31.83,117.23,30,华东,III,晶硅,c-Si,6.424718594113602,1338.890698921438,294.5566228648339,0.8280714464143648,34.29345619167716,0.9889202051451339,1460.7881499999999,16.84859589041096,43.158124725491234
安徽,合肥,hefei,31.83,117.23,30,华东,III,钙钛矿,perovskite,5.632816774063653,1388.7069929117386,267.8587293150318,0.8588816168433492,34.29345619167716,1.0047695643774843,1460.7881499999999,16.84859589041096,43.158124725491234
安徽,合肥,hefei,31.83,117.23,30,华东,III,叠层,tandem,8.267993754733086,1352.4602099245778,382.9077830231415,0.8364638600837984,34.29345619167716,0.988920205145134,1460.7881499999999,16.84859589041096,43.158124725491234
福建,福州,fuzhou,26.07,119.3,15,华东,III,晶硅,c-Si,6.424718594113602,1204.0708122592714,264.8961804237758,0.821513695071699,35.4937365316487,0.9872780652223729,1402.05355,18.9110502283105,12.596170144059942
福建,福州,fuzhou,26.07,119.3,15,华东,III,钙钛矿,perovskite,5.632816774063653,1257.32705934895,242.51770184037676,0.8578493788926539,35.4937365316487,1.0050134096902252,1402.05355,18.9110502283105,12.596170144059942
福建,福州,fuzhou,26.07,119.3,15,华东,III,叠层,tandem,8.267993754733086,1218.4894076519815,344.9780439361097,0.8313512174650733,35.4937365316487,0.987278065222373,1402.05355,18.9110502283105,12.596170144059942
江西,南昌,nanchang,28.68,115.86,25,华中,III,晶硅,c-Si,6.424718594113602,1322.9678978707077,291.0535986763546,0.8178732247104457,37.65297231772648,0.9882237159481609,1490.6787,19.000665525114158,25.665835359099802
江西,南昌,nanchang,28.68,115.86,25,华中,III,钙钛矿,perovskite,5.632816774063653,1380.8454461089966,266.3423662897273,0.8536537580795251,37.65297231772648,1.0049553629273458,1490.6787,19.000665525114158,25.665835359099802
江西,南昌,nanchang,28.68,115.86,25,华中,III,叠层,tandem,8.267993754733086,1337.6057155280855,378.70218682478253,0.8269224836905249,37.65297231772648,0.9882237159481612,1490.6787,19.000665525114158,25.665835359099802
山东,济南,jinan,36.65,117.0,50,华东,III,晶硅,c-Si,6.424718594113602,1547.1429596880657,340.37222430623586,0.8357156291906966,32.37054491887596,0.9903560991049049,1578.29725,13.51402511415525,76.21368654119523
山东,济南,jinan,36.65,117.0,50,华东,III,钙钛矿,perovskite,5.632816774063653,1594.0595510726012,307.46785893799733,0.8610584253705112,32.37054491887596,1.004240049658976,1578.29725,13.51402511415525,76.21368654119523
山东,济南,jinan,36.65,117.0,50,华东,III,叠层,tandem,8.267993754733086,1560.0923391158992,441.6924760511583,0.8427104571142537,32.37054491887596,0.990356099104905,1578.29725,13.51402511415525,76.21368654119523
河南,郑州,zhengzhou,34.75,113.62,100,华中,III,晶硅,c-Si,6.424718594113602,1477.2523802091996,324.9962618935124,0.8262571104324343,35.1688591922174,0.9895501409870486,1573.1471500000002,15.945391552511417,43.5365203636105
河南,郑州,zhengzhou,34.75,113.62,100,华中,III,钙钛矿,perovskite,5.632816774063653,1530.2469054488042,295.1594495627541,0.8558980193792275,35.1688591922174,1.0043065218883553,1573.1471500000002,15.945391552511417,43.5365203636105
河南,郑州,zhengzhou,34.75,113.62,100,华中,III,叠层,tandem,8.267993754733086,1491.005134955838,422.132545203602,0.8339493040952627,35.1688591922174,0.9895501409870487,1573.1471500000002,15.945391552511417,43.5365203636105
湖南,长沙,changsha,28.2,112.97,40,华中,IV,晶硅,c-Si,6.424718594113602,1221.6399061693182,268.7613898640291,0.8167310295311454,37.53326094929651,0.9883119904856779,1378.8663999999999,18.97873173515982,18.753608160122305
湖南,长沙,changsha,28.2,112.97,40,华中,IV,钙钛矿,perovskite,5.632816774063653,1278.802410083499,246.6599436442362,0.8549471932604401,37.53326094929651,1.0048214252899241,1378.8663999999999,18.97873173515982,18.753608160122305
湖南,长沙,changsha,28.2,112.97,40,华中,IV,叠层,tandem,8.267993754733086,1236.571649861707,350.0974783015759,0.8267136916372159,37.53326094929651,0.9883119904856781,1378.8663999999999,18.97873173515982,18.753608160122305
广西,南宁,nanning,22.82,108.36,80,华南,III,晶硅,c-Si,6.424718594113602,1197.2776260764806,263.4016760687102,0.812279589812471,38.24885628618289,0.9870269339467351,1417.4268499999998,22.391139269406395,20.544480637887798
广西,南宁,nanning,22.82,108.36,80,华南,III,钙钛矿,perovskite,5.632816774063653,1257.5465810958476,242.56004397336895,0.8531683870265186,38.24885628618289,1.0048361274716624,1417.4268499999998,22.391139269406395,20.544480637887798
广西,南宁,nanning,22.82,108.36,80,华南,III,叠层,tandem,8.267993754733086,1212.9973016064148,343.4231219246494,0.822944427535434,38.24885628618289,0.9870269339467354,1417.4268499999998,22.391139269406395,20.544480637887798
重庆,重庆,chongqing,29.55,106.55,240,西南,IV,晶硅,c-Si,6.424718594113602,926.7217854775339,203.87925592838008,0.8084228538738878,37.69655381200447,0.9874098000823,1123.5500499999998,18.532906392694066,3.101242557919232
重庆,重庆,chongqing,29.55,106.55,240,西南,IV,钙钛矿,perovskite,5.632816774063653,974.454482882703,187.9562361913493,0.8500623233069942,37.69655381200447,1.0052821500693248,1123.5500499999998,18.532906392694066,3.101242557919232
重庆,重庆,chongqing,29.55,106.55,240,西南,IV,叠层,tandem,8.267993754733086,940.8451726834172,266.3715624286812,0.8207433465722036,37.69655381200447,0.9874098000823002,1123.5500499999998,18.532906392694066,3.101242557919232
贵州,贵阳,guiyang,26.65,106.63,1100,西南,IV,晶硅,c-Si,6.424718594113602,1004.0952614937003,220.90145931883953,0.8287667970497771,30.272946987176546,0.9869893082303226,1193.90675,15.021023972602737,19.876782514539794
贵州,贵阳,guiyang,26.65,106.63,1100,西南,IV,钙钛矿,perovskite,5.632816774063653,1040.5801889367367,200.71079686476742,0.8588809681022102,30.272946987176546,1.0050215842358665,1193.90675,15.021023972602737,19.876782514539794
贵州,贵阳,guiyang,26.65,106.63,1100,西南,IV,叠层,tandem,8.267993754733086,1016.9729963717748,287.92482956436373,0.8393959071526187,30.272946987176546,0.9869893082303229,1193.90675,15.021023972602737,19.876782514539794
陕西,西安,xian,34.27,108.93,400,西北,III,晶硅,c-Si,6.424718594113602,1448.263951717611,318.61879313858,0.8184740894025622,38.214994127570186,0.989406491972822,1581.39175,14.717966894977168,34.36593189585773
陕西,西安,xian,34.27,108.93,400,西北,III,钙钛矿,perovskite,5.632816774063653,1510.2002230207877,291.29277436808854,0.8534768478401636,38.214994127570186,1.0045575645956537,1581.39175,14.717966894977168,34.36593189585773
陕西,西安,xian,34.27,108.93,400,西北,III,叠层,tandem,8.267993754733086,1463.493792598007,414.34354924429374,0.8270811048099018,38.214994127570186,0.9894064919728223,1581.39175,14.717966894977168,34.36593189585773
青海,西宁,xining,36.62,101.78,2260,西北,II,晶硅,c-Si,6.424718594113602,1765.5470473649225,388.4212327411991,0.8303866659600524,31.30778769958957,0.9906788235931858,1754.8420700000001,6.447334474885844,36.458119418792265
青海,西宁,xining,36.62,101.78,2260,西北,II,钙钛矿,perovskite,5.632816774063653,1800.8890091710057,347.36185825818103,0.8470089892657056,31.30778769958957,1.0038639074748374,1754.8420700000001,6.447334474885844,36.458119418792265
青海,西宁,xining,36.62,101.78,2260,西北,II,叠层,tandem,8.267993754733086,1776.5585125137243,502.97825876552474,0.8355656691737566,31.30778769958957,0.9906788235931859,1754.8420700000001,6.447334474885844,36.458119418792265
