province,tech,payback_yr,yield_kwh_per_kwp,embodied_kg_per_kwp,annual_offset_kg_per_kwp
北京,晶硅,0.5995437823795935,1610.701315412434,500.0,833.9674510767112
北京,钙钛矿,0.17749267658232784,1683.7561822480764,150.0,845.1052904733469
北京,叠层,0.23492899485410415,1678.4721136971464,200.0,851.3210560671926
黑龙江,晶硅,0.6060141813428734,1593.503895876303,500.0,825.0632004882204
黑龙江,钙钛矿,0.18547245334105752,1611.3141661511431,150.0,808.7454352273611
黑龙江,叠层,0.24698784866678922,1596.522941067813,200.0,809.7564357095947
湖北,晶硅,0.737814935863509,1308.845771461589,500.0,677.6767122704288
湖北,钙钛矿,0.21467863073207494,1392.1012560967547,150.0,698.7188221225628
湖北,叠层,0.2847116332228931,1384.9864935192525,200.0,702.4651495129648
上海,晶硅,0.7194900268057973,1342.1811601939166,500.0,694.9366653764035
上海,钙钛矿,0.21215997060769204,1408.6276060617895,150.0,707.0136726091798
上海,叠层,0.2821900942661196,1397.3621844771376,200.0,708.7420999668041
广东,晶硅,0.7645465270031566,1263.0833112425742,500.0,653.9824357843635
广东,钙钛矿,0.22015491522174266,1357.4731738250912,150.0,681.3384104957103
广东,叠层,0.2918628001746464,1351.051817242752,200.0,685.2534817055238
海南,晶硅,0.681217127998108,1417.5890758413805,500.0,733.9803705014721
海南,钙钛矿,0.19611604898755017,1523.865043386759,150.0,764.8532630265374
海南,叠层,0.26023480442775204,1515.25376257267,200.0,768.5367083768582
四川,晶硅,0.8831972258849149,1093.3978624747074,500.0,566.1249665939877
四川,钙钛矿,0.2549426310909476,1172.2417322689366,150.0,588.3676627879837
四川,叠层,0.3378694021114306,1167.0833881295516,200.0,591.9446944593085
云南,晶硅,0.6746604354311053,1431.365926044096,500.0,741.1135643080981
云南,钙钛矿,0.19976571685368294,1496.0244240414224,150.0,750.8795921667905
云南,叠层,0.26647965670849777,1479.74435058982,200.0,750.5263346191566
西藏,晶硅,0.48201369060479815,2003.440934871538,500.0,1037.3149347119868
西藏,钙钛矿,0.14630701974439742,2042.6524443007595,150.0,1025.2413060019562
西藏,叠层,0.19483784832256737,2023.8458284998487,200.0,1026.4946042151232
宁夏,晶硅,0.549679704022084,1756.8157453515144,500.0,909.6206324181691
宁夏,钙钛矿,0.16382907628018611,1824.1840721127053,150.0,915.5883888612352
宁夏,叠层,0.21699409402822376,1817.2004557424773,200.0,921.6840711525845
新疆,晶硅,0.5569351684484378,1733.928854980474,500.0,897.77056348039
新疆,钙钛矿,0.16749839420002316,1784.2224274840935,150.0,895.5309733947245
新疆,叠层,0.22214166293587473,1775.0914499786672,200.0,900.3263834291799
甘肃,晶硅,0.49280400059538454,1959.5741060532323,500.0,1014.6021529774953
甘肃,钙钛矿,0.14828189790593874,2015.4475746515495,150.0,1011.5867285105235
甘肃,叠层,0.19634088195068697,2008.352833316457,200.0,1018.636557058107
天津,晶硅,0.5959065365520906,1620.5325830349284,500.0,839.057753742718
天津,钙钛矿,0.17752406537855828,1683.4584700500504,150.0,844.9558637592878
天津,叠层,0.23554444457735346,1674.086464951704,200.0,849.0966550235042
河北,晶硅,0.5994090030680341,1611.0634875074609,500.0,834.1549717151129
河北,钙钛矿,0.17644643313659145,1693.740055759033,150.0,850.1163629863879
河北,叠层,0.23343154118446083,1689.2394427962745,200.0,856.7822453862703
山西,晶硅,0.6205142348885491,1556.2672129505695,500.0,805.7832872920399
山西,钙钛矿,0.18508612567156454,1614.6774395697826,150.0,810.4335182107334
山西,叠层,0.24572409577729684,1604.7338186927077,200.0,813.9209928409413
内蒙古,晶硅,0.5523629017133256,1748.2817110468166,500.0,905.2019939230066
内蒙古,钙钛矿,0.1665387946595842,1794.503149312027,150.0,900.6910390255282
内蒙古,叠层,0.22134087321123025,1781.5135579825994,200.0,903.5836766087743
辽宁,晶硅,0.6012477774177989,1606.1364302642824,500.0,831.6039057098366
辽宁,钙钛矿,0.18129107925273524,1648.4781972235069,150.0,827.3986818230984
辽宁,叠层,0.2410096251547891,1636.1245585451616,200.0,829.8423760941059
吉林,晶硅,0.5820811172542489,1659.0229957663314,500.0,858.9868064412808
吉林,钙钛矿,0.17765206120730934,1682.2455617360256,150.0,844.3470848613401
吉林,叠层,0.23662951092078016,1666.4099292903788,200.0,845.2031161360801
江苏,晶硅,0.7172278474632336,1346.4144795014531,500.0,697.1285370032023
江苏,钙钛矿,0.21127609028976488,1414.520644950285,150.0,709.9714870446305
江苏,叠层,0.28049206055734693,1405.821490198275,200.0,713.032659828565
浙江,晶硅,0.8564095372702711,1127.598324049724,500.0,583.8328255821453
浙江,钙钛矿,0.25039680892833754,1193.5231634073407,150.0,599.0491677668678
浙江,叠层,0.3323641655768529,1186.4148046078535,200.0,601.7495888971033
安徽,晶硅,0.7336442571421367,1316.2864011066126,500.0,681.5292222796337
安徽,钙钛矿,0.21520334600795593,1388.7069929117386,150.0,697.0151848589501
安徽,叠层,0.2857778267531054,1379.819319929898,200.0,699.8443590684443
福建,晶硅,0.8180378652890424,1180.4905370547187,500.0,611.2186504023648
福建,钙钛矿,0.23769025670536442,1257.32705934895,150.0,631.0734065382271
福建,叠层,0.31593830778927223,1248.09735584367,200.0,633.0349788839094
江西,晶硅,0.745966440926617,1294.5434351263996,500.0,670.2714392606122
江西,钙钛矿,0.2164285600110984,1380.8454461089966,150.0,693.0693434928738
江西,叠层,0.28679244372441576,1374.937782323252,200.0,697.3684431943533
山东,晶硅,0.6328029409144668,1526.0453080869688,500.0,790.1353923504961
山东,钙钛矿,0.1874800670390021,1594.0595510726012,150.0,800.0850563425231
山东,叠层,0.24885073751100442,1584.5714202236468,200.0,803.6946243374337
河南,晶硅,0.6651731097417227,1451.781415669553,500.0,751.684024319839
河南,钙钛矿,0.19529815119057684,1530.2469054488042,150.0,768.0564259598456
河南,叠层,0.258843886679971,1523.39609646275,200.0,772.6665001259067
湖南,晶硅,0.8085604310636525,1194.3275008595313,500.0,618.3829690283699
湖南,钙钛矿,0.2336986458132647,1278.802410083499,150.0,641.8522429944095
湖南,叠层,0.30976497840822076,1272.9707812284098,200.0,645.6507802390494
广西,晶硅,0.8262078850731964,1168.8171662033994,500.0,605.1745680879134
广西,钙钛矿,0.23764876465953733,1257.5465810958476,150.0,631.1835881616909
广西,叠层,0.3151912944320115,1251.0553861333617,200.0,634.535291846841
重庆,晶硅,1.0677086589421987,904.4470613199696,500.0,468.29254011610294
重庆,钙钛矿,0.306688918516912,974.454482882703,150.0,489.0949458668766
重庆,叠层,0.4067119784675671,969.5356602165064,200.0,491.748486861812
贵州,晶硅,0.9748493745136239,990.6001728810274,500.0,512.8997495120333
贵州,钙钛矿,0.28719977054783435,1040.5801889367367,150.0,522.284539830497
贵州,叠层,0.38359954092227694,1027.9516122815428,200.0,521.3770577491985
陕西,晶硅,0.6817320755500847,1416.5182973779722,500.0,733.4259571057348
陕西,钙钛矿,0.19789057566252205,1510.2002230207877,150.0,757.9946619378503
陕西,叠层,0.26185099425502956,1505.901353108726,200.0,763.7931662967458
青海,晶硅,0.5519615889069195,1749.5528281932795,500.0,905.8601360108737
青海,钙钛矿,0.16594825665398616,1800.8890091710057,150.0,903.8962085197472
青海,叠层,0.22029583445176532,1789.964696985011,200.0,907.8700943107974
