csi_case,single_case,context,viable,single_selected,tandem_selected,uniform_ratio_choices_changed,information_loss_usd,reference_npv_usd,information_loss_pct
Baseline,Baseline,cap,258,135,0,59,478171.849559575,30615326.904990323,1.5618707944667827
Baseline,Baseline,area,337,0,133,14,42731.72751147079,308817476.75422394,0.013837211533685102
Baseline,Rs 0.8,cap,254,111,0,24,92467.39538315227,29974576.01442769,0.3084860828011207
Baseline,Rs 0.8,area,337,0,133,14,42731.72751147079,308817476.75422394,0.013837211533685102
Baseline,Rs 1.2,cap,267,162,0,102,721244.8690806235,31433955.09179228,2.2944769978021244
Baseline,Rs 1.2,area,337,0,133,14,42731.72751147079,308817476.75422394,0.013837211533685102
Baseline,Rsh 0.5,cap,258,135,0,61,496928.77716178587,30631162.09014689,1.6222981540802615
Baseline,Rsh 0.5,area,337,0,133,14,42731.72751147079,308817476.75422394,0.013837211533685102
Baseline,Rsh 2.0,cap,258,135,0,58,465422.0152552768,30607410.06731277,1.5206187463483718
Baseline,Rsh 2.0,area,337,0,133,14,42731.72751147079,308817476.75422394,0.013837211533685102
Baseline,Ideality low,cap,260,142,0,81,667092.397538147,30844043.083544727,2.1627916798431666
Baseline,Ideality low,area,337,0,133,14,42731.72751147079,308817476.75422394,0.013837211533685102
Baseline,Ideality high,cap,258,130,0,45,396815.99361499224,30391405.51601195,1.3056849029437834
Baseline,Ideality high,area,337,0,133,14,42731.72751147079,308817476.75422394,0.013837211533685102
Rs 0.8,Baseline,cap,258,153,0,99,761646.1032102277,30071458.873300824,2.532787339713874
Rs 0.8,Baseline,area,337,0,167,9,55300.68510208349,306143270.65738755,0.01806366182190947
Rs 0.8,Rs 0.8,cap,254,131,0,61,461882.1643138163,29337840.390234537,1.5743563880985578
Rs 0.8,Rs 0.8,area,337,0,167,9,55300.68510208349,306143270.65738755,0.01806366182190947
Rs 0.8,Rs 1.2,cap,267,189,0,90,524209.227440601,30993138.343507975,1.6913718824812243
Rs 0.8,Rs 1.2,area,337,0,167,9,55300.68510208349,306143270.65738755,0.01806366182190947
Rs 0.8,Rsh 0.5,cap,258,153,0,99,753603.5703081514,30089239.470798895,2.5045617089774272
Rs 0.8,Rsh 0.5,area,337,0,167,9,55300.68510208349,306143270.65738755,0.01806366182190947
Rs 0.8,Rsh 2.0,cap,258,153,0,99,765668.7330000757,30062569.292449765,2.546917149867074
Rs 0.8,Rsh 2.0,area,337,0,167,9,55300.68510208349,306143270.65738755,0.01806366182190947
Rs 0.8,Ideality low,cap,260,160,0,99,702310.9688028729,30325161.70327906,2.3159347860193997
Rs 0.8,Ideality low,area,337,0,167,9,55300.68510208349,306143270.65738755,0.01806366182190947
Rs 0.8,Ideality high,cap,258,146,0,91,690337.3583390592,29819010.86841001,2.3150914072418023
Rs 0.8,Ideality high,area,337,0,167,9,55300.68510208349,306143270.65738755,0.01806366182190947
Rs 1.2,Baseline,cap,258,114,0,19,90920.63087424517,31302077.522497535,0.29046196952549996
Rs 1.2,Baseline,area,337,0,89,8,13973.749885665486,312359181.0916837,0.004473615866461089
Rs 1.2,Rs 0.8,cap,254,83,0,41,153039.56930592703,30798223.201451957,0.4969103844234498
Rs 1.2,Rs 0.8,area,337,0,89,8,13973.749885665486,312359181.0916837,0.004473615866461089
Rs 1.2,Rs 1.2,cap,267,144,0,62,479198.9462862227,32013146.525593057,1.4968817448266916
Rs 1.2,Rs 1.2,area,337,0,89,8,13973.749885665486,312359181.0916837,0.004473615866461089
Rs 1.2,Rsh 0.5,cap,258,114,0,21,94464.80197012296,31315634.830582313,0.30165379843384255
Rs 1.2,Rsh 0.5,area,337,0,89,8,13973.749885665486,312359181.0916837,0.004473615866461089
Rs 1.2,Rsh 2.0,cap,258,113,0,20,90366.95332210444,31295313.62856919,0.28875554466279363
Rs 1.2,Rsh 2.0,area,337,0,89,8,13973.749885665486,312359181.0916837,0.004473615866461089
Rs 1.2,Ideality low,cap,260,121,0,25,147083.26442065768,31497878.32059782,0.46696245037074
Rs 1.2,Ideality low,area,337,0,89,8,13973.749885665486,312359181.0916837,0.004473615866461089
Rs 1.2,Ideality high,cap,258,101,0,23,84573.6399150774,31116631.892240826,0.2717956114529429
Rs 1.2,Ideality high,area,337,0,89,8,13973.749885665486,312359181.0916837,0.004473615866461089
Rsh 0.5,Baseline,cap,258,135,0,57,463182.39629720163,30623801.92061979,1.5124914845577326
Rsh 0.5,Baseline,area,337,0,132,15,43169.58158862172,308866318.5710242,0.013976785098597542
Rsh 0.5,Rs 0.8,cap,254,111,0,24,92395.48611774071,29984601.3491984,0.3081431200025302
Rsh 0.5,Rs 0.8,area,337,0,132,15,43169.58158862172,308866318.5710242,0.013976785098597542
Rsh 0.5,Rs 1.2,cap,267,162,0,102,727499.8543151864,31441040.380115755,2.3138542666523176
Rsh 0.5,Rs 1.2,area,337,0,132,15,43169.58158862172,308866318.5710242,0.013976785098597542
Rsh 0.5,Rsh 0.5,cap,258,135,0,60,496289.7366015882,30639637.105776355,1.619763755322105
Rsh 0.5,Rsh 0.5,area,337,0,132,15,43169.58158862172,308866318.5710242,0.013976785098597542
Rsh 0.5,Rsh 2.0,cap,258,135,0,56,463784.699890465,30615885.08294224,1.5148498847379868
Rsh 0.5,Rsh 2.0,area,337,0,132,15,43169.58158862172,308866318.5710242,0.013976785098597542
Rsh 0.5,Ideality low,cap,260,142,0,79,650395.720017906,30852123.39440774,2.1081068285102114
Rsh 0.5,Ideality low,area,337,0,132,15,43169.58158862172,308866318.5710242,0.013976785098597542
Rsh 0.5,Ideality high,cap,258,129,0,44,396311.183206046,30400313.15415591,1.3036417789395955
Rsh 0.5,Ideality high,area,337,0,132,15,43169.58158862172,308866318.5710242,0.013976785098597542
Rsh 2.0,Baseline,cap,258,135,0,60,495310.90530707524,30611087.45364828,1.6180768032402693
Rsh 2.0,Baseline,area,337,0,133,14,42531.92396574351,308793077.82698405,0.01377360019371096
Rsh 2.0,Rs 0.8,cap,254,111,0,24,92503.23462848118,29969561.404505916,0.3086572852366579
Rsh 2.0,Rs 0.8,area,337,0,133,14,42531.92396574351,308793077.82698405,0.01377360019371096
Rsh 2.0,Rs 1.2,cap,267,162,0,102,718115.6659300454,31430410.571633242,2.2847797813311526
Rsh 2.0,Rs 1.2,area,337,0,133,14,42531.92396574351,308793077.82698405,0.01377360019371096
Rsh 2.0,Rsh 0.5,cap,258,135,0,63,504813.038991505,30626922.63880485,1.648265628724637
Rsh 2.0,Rsh 0.5,area,337,0,133,14,42531.92396574351,308793077.82698405,0.01377360019371096
Rsh 2.0,Rsh 2.0,cap,258,135,0,58,463752.50189665647,30603170.61597073,1.5153740366190689
Rsh 2.0,Rsh 2.0,area,337,0,133,14,42531.92396574351,308793077.82698405,0.01377360019371096
Rsh 2.0,Ideality low,cap,260,142,0,82,675598.6646688068,30840000.991873708,2.190657078275795
Rsh 2.0,Ideality low,area,337,0,133,14,42531.92396574351,308793077.82698405,0.01377360019371096
Rsh 2.0,Ideality high,cap,258,130,0,45,395691.1934604232,30386968.748687573,1.3021739573069897
Rsh 2.0,Ideality high,area,337,0,133,14,42531.92396574351,308793077.82698405,0.01377360019371096
Ideality low,Baseline,cap,258,134,0,57,477012.41117709613,30662929.044333868,1.55566485669849
Ideality low,Baseline,area,337,0,126,13,44848.492497558706,309083885.2722876,0.014510136126330042
Ideality low,Rs 0.8,cap,254,110,0,22,91208.2178556193,30030516.406759553,0.30371844633044437
Ideality low,Rs 0.8,area,337,0,126,13,44848.492497558706,309083885.2722876,0.014510136126330042
Ideality low,Rs 1.2,cap,267,162,0,100,738019.9559980212,31473779.870219044,2.344872331957645
Ideality low,Rs 1.2,area,337,0,126,13,44848.492497558706,309083885.2722876,0.014510136126330042
Ideality low,Rsh 0.5,cap,258,134,0,57,473100.26778158575,30678651.54194103,1.5421155885381943
Ideality low,Rsh 0.5,area,337,0,126,13,44848.492497558706,309083885.2722876,0.014510136126330042
Ideality low,Rsh 2.0,cap,258,133,0,56,470023.3001421991,30655109.781102423,1.5332624919580244
Ideality low,Rsh 2.0,area,337,0,126,13,44848.492497558706,309083885.2722876,0.014510136126330042
Ideality low,Ideality low,cap,260,141,0,76,635195.4994893896,30889317.092598625,2.0563598009798296
Ideality low,Ideality low,area,337,0,126,13,44848.492497558706,309083885.2722876,0.014510136126330042
Ideality low,Ideality high,cap,258,128,0,41,353865.47723482037,30441204.4566578,1.1624555714891445
Ideality low,Ideality high,area,337,0,126,13,44848.492497558706,309083885.2722876,0.014510136126330042
Ideality high,Baseline,cap,258,144,0,84,703492.33652115,30378643.64727327,2.3157463667219855
Ideality high,Baseline,area,337,0,146,8,19302.81284340867,307502745.5831512,0.006277281461927316
Ideality high,Rs 0.8,cap,254,120,0,33,266500.01611439267,29695752.824494652,0.8974347870196748
Ideality high,Rs 0.8,area,337,0,146,8,19302.81284340867,307502745.5831512,0.006277281461927316
Ideality high,Rs 1.2,cap,267,171,0,99,630140.4459784927,31236864.544312723,2.0172973669766803
Ideality high,Rs 1.2,area,337,0,146,8,19302.81284340867,307502745.5831512,0.006277281461927316
Ideality high,Rsh 0.5,cap,258,144,0,85,705069.1479440203,30395459.075961463,2.319652900066349
Ideality high,Rsh 0.5,area,337,0,146,8,19302.81284340867,307502745.5831512,0.006277281461927316
Ideality high,Rsh 2.0,cap,258,143,0,85,706843.5616140494,30370254.984935965,2.327420569780046
Ideality high,Rsh 2.0,area,337,0,146,8,19302.81284340867,307502745.5831512,0.006277281461927316
Ideality high,Ideality low,cap,260,149,0,95,761146.2361577986,30617642.27556192,2.4859727254874966
Ideality high,Ideality low,area,337,0,146,8,19302.81284340867,307502745.5831512,0.006277281461927316
Ideality high,Ideality high,cap,258,137,0,71,560129.5714183371,30142174.239741325,1.8582918636301533
Ideality high,Ideality high,area,337,0,146,8,19302.81284340867,307502745.5831512,0.006277281461927316
